:0200000480007A
:2000000000000000700059B30000000000000000000000000000000064B81E799B47E18668
:20002000910000F8D9FF34B6DC0F0090000600F000B403F00100000000000000000600F066
:2000400000B503F00300000001000000000600F000B403F00000000090000000000600F0D1
:2000600000B403F00100000090000000000600F000B503F00200000090000000000600F022
:2000800000B503F00300000090000000000700F000B503F00100000000000000000700F08E
:2000A00000B503F00500000001000000000700F000C003F00900000002000000000700F0E6
:2000C00000B103F00A00000004000000000700F000D303F00D00000005000000000700F0A8
:2000E00000A203F00300000006000000000700F000A203F00200000090000000000700F04D
:2001000000B103F00C00000090000000000700F000B503F00000000090000000000700F079
:2001200000B503F00100000090000000000700F000B503F00400000090000000000700F05C
:2001400000B503F00500000090000000000700F000C003F00A00000090000000000700F027
:2001600000D303F00C00000090000000000700F000D303F00D00000090000000000800F0CB
:2001800000B403F00300000000000000000800F000A203F00100000001000000000800F02E
:2001A00000B003F00600000003000000000800F000D303F00800000004000000000800F0D1
:2001C00000A203F00000000006000000000800F000A203F00000000090000000000800F06F
:2001E00000B003F00500000090000000000800F000B403F00200000090000000000800F09E
:2002000000B403F00300000090000000000800F000D303F00800000090000000000800F056
:2002200000D303F00900000090000000000900F000B503F00700000000000000000900F0BE
:2002400000C003F00300000002000000000900F000A003F00100000004000000000900F05C
:2002600000C103F00600000005000000000900F000A003F00000000098000000000900F0A2
:2002800000A003F00100000090000000000900F000B503F00600000090000000000900F00A
:2002A00000B503F00700000090000000000900F000C003F00000000090000000000900F0CA
:2002C00000C003F00300000090000000000900F000C103F00700000090000000000600F09E
:2002E00000000000000700F001000000000800F002000000000900F0030000000050C348B5
:20030000640000000050C348640000001400000000000000000000000100000000000000A5
:200320000000000000000000000000000000000000000000000001010700000000000901AA
:20034000000000000602000000000A03000000000000000000000000010100000000000086
:20036000002A00F000000000002B00F001000000000081F800000000000083F80100000052
:2003800000000000000000000000000000000000000000000000000000000000000000005D
:2003A0000000010000010F00010F000000000000000000000000000000000200000000001A
:2003C00000A203F00000000088000000000002003000000000C203F0010000008800000090
:2003E000000002003500000000C103F00200000088000000000002005500000000B403F08A
:200400000500000088000000000002000800000000A203F00800000088000000000002001E
:200420000900000000A003F00000000088000000000103006700000000B003F00100000089
:2004400088000000000102000A00000000A003F00100000088000000000102000B000000DD
:2004600000A003F00200000088000000000102000100000000A203F001000000880000003D
:20048000000102001F00000000D303F00900000088000000000102002F00000000C203F0FC
:2004A0000000000088000000000102003600000000C103F003000000880000000001020039
:2004C0005400000000B403F00400000088000000000203006800000000B003F00200000083
:2004E00088000000000203006B00000000B003F00500000088000000000202000C000000C4
:2005000000A003F00300000088000000000202000200000000A203F0020000008800000098
:20052000000202002100000000D303F00B00000088000000000202003700000000C103F04E
:200540000400000088000000000202005300000000B403F003000000880000000003030080
:200560006900000000B003F00300000088000000000303006C00000000B003F006000000C9
:2005800088000000000302000D00000000A003F0040000008800000000030200030000009A
:2005A00000A203F00300000088000000000302003100000000C203F00200000088000000A6
:2005C000000302003800000000C103F00500000088000000000302005200000000B403F09F
:2005E0000200000088000000000402000E00000000A003F005000000880000000004020037
:200600000400000000A203F00400000088000000000402003200000000C203F003000000C5
:2006200088000000000402003900000000C103F00600000088000000000402003D0000006E
:2006400000C003F00300000088000000000402005100000000B403F00100000088000000D5
:20066000000502000F00000000A003F00600000088000000000502002800000000D203F04F
:200680000400000088000000000502003A00000000C103F007000000880000000005020043
:2006A0000500000000A203F00500000088000000000602001000000000A003F00700000061
:2006C00088000000000602002A00000000C303F00100000088000000000602003B000000DE
:2006E00000C003F00000000088000000000602000600000000A203F006000000880000008E
:20070000000702001100000000A003F00800000088000000000702004000000000C003F0A0
:200720000800000088000000000702000700000000A203F0070000008800000001000300F1
:200740000000000000A203F00000000088000000010003003000000000C203F00100000092
:2007600088000000010003003500000000C103F00200000088000000010002004400000033
:2007800000C003F00C00000088000000010002004C00000000B503F005000000880000008E
:2007A000010002004D00000000B503F00600000088000000010003000800000000A203F012
:2007C0000800000088000000010003000900000000A003F00000000088000000010102005D
:2007E0006700000000B003F00100000088000000010103000A00000000A003F001000000C3
:2008000088000000010103000B00000000A003F0020000008800000001010300010000001D
:2008200000A203F00100000088000000010103001F00000000D303F009000000880000001F
:20084000010103002F00000000C203F00000000088000000010103003600000000C103F038
:200860000300000088000000010102004500000000C003F00D000000880000000101020058
:200880004E00000000B503F00700000088000000010102004F00000000B503F008000000D0
:2008A00088000000010102005600000000B403F006000000880000000102020068000000B4
:2008C00000B003F00200000088000000010202006B00000000B003F005000000880000004B
:2008E000010203000C00000000A003F00300000088000000010203000200000000A203F02B
:200900000200000088000000010203002100000000D303F00B0000008800000001020300C7
:200920003700000000C103F00400000088000000010202004600000000C003F00E00000034
:2009400088000000010202005000000000B403F0000000008800000001030200690000001C
:2009600000B003F00300000088000000010302006C00000000B003F00600000088000000A6
:20098000010303000D00000000A003F00400000088000000010303000300000000A203F085
:2009A0000300000088000000010303003100000000C203F00200000088000000010303002E
:2009C0003800000000C103F00500000088000000010302004700000000B503F000000000A9
:2009E00088000000010403000E00000000A003F0050000008800000001040300040000002D
:200A000000A203F00400000088000000010403003200000000C203F003000000880000003B
:200A2000010403003900000000C103F00600000088000000010403003D00000000C003F03B
:200A40000300000088000000010402004800000000B503F001000000880000000105030082
:200A60000F00000000A003F00600000088000000010503002800000000D203F0040000004C
:200A800088000000010503003A00000000C103F0070000008800000001050300050000003A
:200AA00000A203F00500000088000000010502004100000000C003F0090000008800000087
:200AC000010502004900000000B503F00200000088000000010603001000000000A003F0E6
:200AE0000700000088000000010603002A00000000C303F0010000008800000001060300EA
:200B00003B00000000C003F00000000088000000010602004200000000C003F00A00000057
:200B200088000000010603000600000000A203F00600000088000000010602004A000000A7
:200B400000B503F00300000088000000010703001100000000A003F0080000008800000023
:200B6000010702004300000000C003F00B00000088000000010702004B00000000B503F0E5
:200B80000400000088000000010703000700000000A203F00700000088000000020002008F
:200BA0001200000000A003F00900000088000000020002001A00000000D303F00400000017
:200BC00088000000020002002000000000D303F00A000000880000000200030044000000C8
:200BE00000C003F00C00000088000000020002005E00000000B303F003000000880000001B
:200C0000020102001B00000000D303F00500000088000000020103004500000000C003F063
:200C20000D00000088000000020102005F00000000B103F002000000880000000202020087
:200C40001C00000000D303F00600000088000000020203004600000000C003F00E00000016
:200C600088000000020202006000000000B103F0030000008800000002030200150000003B
:200C800000A003F00C00000088000000020302001D00000000D303F00700000088000000B4
:200CA000020303004700000000B503F00000000088000000020302006100000000B103F0A9
:200CC0000600000088000000020402001E00000000D303F008000000880000000204020002
:200CE0002200000000D303F00C00000088000000020403004800000000B503F0010000007E
:200D000088000000020402006200000000B103F00900000088000000020502002300000080
:200D200000D303F00D00000088000000020503004100000000C003F00900000088000000C9
:200D4000020503004900000000B503F00200000088000000020502005B00000000B303F004
:200D60000000000088000000020502006300000000B103F00A00000088000000020602003F
:200D80006400000000B103F00B00000088000000020602002400000000D203F000000000C5
:200DA00088000000020602003E00000000C003F006000000880000000206030042000000D5
:200DC00000C003F00A00000088000000020603004A00000000B503F0030000008800000046
:200DE000020602005C00000000B303F00100000088000000020702006500000000B103F04A
:200E00000C00000088000000020702003F00000000C003F0070000008800000002070300A6
:200E20004000000000C003F00800000088000000020703004300000000C003F00B00000022
:200E400088000000020703004B00000000B503F00400000088000000020702005D00000017
:200E600000B303F00200000088000000030003001200000000A003F0090000008800000006
:200E8000030003001A00000000D303F00400000088000000030003002000000000D303F0F4
:200EA0000A00000088000000030003004C00000000B503F005000000880000000300030013
:200EC0004D00000000B503F00600000088000000030003005500000000B403F00500000088
:200EE00088000000030003005E00000000B303F00300000088000000030103001B000000B3
:200F000000D303F00500000088000000030103004E00000000B503F00700000088000000F2
:200F2000030103004F00000000B503F00800000088000000030103005400000000B403F021
:200F40000400000088000000030103005600000000B403F00600000088000000030103006C
:200F60005F00000000B103F00200000088000000030203001C00000000D303F006000000F4
:200F800088000000030203005000000000B403F000000000880000000302030053000000E7
:200FA00000B403F00300000088000000030203006000000000B103F0030000008800000068
:200FC000030303001500000000A003F00C00000088000000030303001D00000000D303F0E0
:200FE0000700000088000000030303005200000000B403F0020000008800000003030300CD
:201000006100000000B103F00600000088000000030403001E00000000D303F00800000047
:2010200088000000030403002200000000D303F00C00000088000000030403005100000047
:2010400000B403F00100000088000000030403006200000000B103F00900000088000000BF
:20106000030503002300000000D303F00D00000088000000030503005B00000000B303F0DB
:201080000000000088000000030503006300000000B103F00A000000880000000306030018
:2010A0006400000000B103F00B00000088000000030603002400000000D203F000000000A0
:2010C00088000000030603003E00000000C003F00600000088000000030603005C00000095
:2010E00000B303F00100000088000000030703006500000000B103F00C0000008800000017
:20110000030703003F00000000C003F00700000088000000030703005D00000000B303F031
:20112000020000008800000000A003F00000000000A203F00200000000B003F00A0000004E
:2011400000B103F00B00000000B303F00D00000000B403F00E00000000B503F00F000000C1
:2011600000C003F01400000000C103F01500000000C203F01600000000C303F01700000047
:2011800000D203F02000000000D303F021000000001C00F000C003F00C00000000000000B8
:2011A000001C00F000C003F00C000000A0000000001C00F000C003F00E000000980000005F
:2011C000001C00F000C003F00B00000098000000001C00F000C003F00D000000A800000039
:2011E000001C00F00000000000C003F00800000098000000001C00F00D00000000B503F0CF
:201200000000000098000000001C00F00100000000C003F00900000098000000001C00F0C9
:201220000200000000C003F00D00000098000000001C00F00300000000B103F00A00000097
:2012400098000000001C00F00400000000B103F00B00000098000000001C00F0050000008E
:2012600000B103F00200000098000000001C00F00600000000C003F00A00000098000000C9
:20128000001C00F00700000000D303F00500000090000000001C00F00800000000C003F019
:2012A0000600000098000000001C00F00900000000C003F00300000098000000001D00F020
:2012C00000B003F00100000000000000001D00F000B103F00300000001000000001D00F0A8
:2012E00000B003F00100000090000000001D00F000B003F00300000098000000001D00F062
:2013000000B103F00900000098000000001D00F000B003F00200000098000000001D00F031
:2013200000B103F00600000098000000001D00F00000000000C003F008000000A000000003
:20134000001D00F00100000000C003F009000000A0000000001D00F00200000000C003F061
:201360000D000000A0000000001D00F00300000000B103F00A000000A0000000001D00F055
:201380000400000000B103F00B000000A0000000001D00F00500000000B103F00200000042
:2013A000A0000000001D00F00600000000D303F00A00000090000000001D00F00700000006
:2013C00000D303F00500000098000000001D00F00800000000B003F0040000009800000056
:2013E000001D00F00900000000B003F005000000A0000000001E00F000B503F004000000D5
:2014000000000000001E00F000B503F00700000001000000001E00F000C103F0020000004A
:2014200002000000001E00F000C103F00300000002000000001E00F000B503F0020000002B
:2014400004000000001E00F000B303F00300000098000000001E00F000B503F0050000007E
:2014600098000000001E00F000B503F00600000098000000001E00F000B303F000000000CC
:2014800098000000001E00F000B303F00100000098000000001E00F000B503F003000000AE
:2014A00098000000001E00F000B503F006000000A8000000001E00F000B503F00800000072
:2014C00098000000001E00F00000000000B503F00200000098000000001E00F00100000015
:2014E00000B403F00200000098000000001E00F00200000000B403F0060000009800000056
:20150000001E00F00300000000B403F00300000098000000001E00F00500000000B503F0BD
:201520000100000098000000001E00F00600000000D303F00D000000A0000000001E00F07D
:201540000700000000C003F00A000000A0000000001E00F00800000000C003F00600000058
:20156000A0000000001E00F00900000000C003F003000000A0000000001F00F000A203F0BA
:201580000500000000000000001F00F000D303F00D00000003000000001F00F000C203F09D
:2015A0000100000004000000001F00F000C103F00200000005000000001F00F000C103F099
:2015C0000300000005000000001F00F000C203F003000000A0000000001F00F000A203F0F8
:2015E0000600000098000000001F00F000B003F00600000098000000001F00F000C203F039
:201600000000000098000000001F00F000D303F00C00000098000000001F00F000C203F0F5
:2016200000000000A0000000001F00F000C203F001000000A0000000001F00F000A203F001
:201640000700000098000000001F00F000C203F00300000098000000001F00F000D303F0B7
:201660000B00000098000000001F00F00000000000A203F00400000098000000001F00F078
:201680000B00000000D303F00A00000098000000001F00F00C00000000C203F00200000005
:2016A00098000000001F00F00D00000000C303F00100000098000000001F00F00100000017
:2016C00000A203F00000000098000000001F00F00100000000D303F0090000009800000066
:2016E000001F00F00200000000A203F00100000098000000001F00F00200000000D303F0D4
:201700000800000098000000001F00F00300000000A203F00200000098000000001F00F0D9
:201720000400000000A203F00300000098000000001F00F00500000000A203F008000000C4
:2017400090000000001F00F00600000000A003F00800000090000000001F00F007000000A3
:2017600000A003F00900000090000000001F00F00700000000D303F00700000098000000C2
:20178000001F00F00800000000B003F00500000098000000001C00F000000000001D00F0D9
:2017A00001000000001E00F002000000001F00F003000000040017B7D1380000000000002B
:2017C000030017B7D138000000000000020017B7D13800000000000003000000B417008008
:2017E000013B050017B7513912011202FF0F3F0312221402FFFFFF0F020000000F00000072
:20180000010000000F000000000000003F000000000000003F000000D5140000FF7F0000D3
:20182000002D3101000000F000000000000100F001000000800005003C18008030FBC83AE1
:20184000000000003C7FC83A9DE6F738A287C73AE9C91A3AFA14C63A1464D83A2828C43A03
:201860008366673B5CC2C13A0E9BD33B12E5BE3A868C2E3C0C92BB3A8FD0853C59CBB73ADA
:20188000C73BC23C4C93B33A5B16073D7FECAE3A5C9A353DD0D9A93ADA676D3D625EA43AF7
:2018A0008598973D947D9E3ABDCDBD3D083B983A939FE93D999A913A69A90D3E5EA08A3A40
:2018C0005592293EA450833A2AA5483EDD5F773A5CF86A3EE185673A094F883E1C1D573ADC
:2018E00000D29C3EAC2F463AA209B33E03C8343A2BF8CA3EDBF0223A759DE43E36B5103A51
:20190000ECF6FF3EA440FC39C87F0E3F4A7BD639F5D71D3FA931B03905FF2D3F5E7B893931
:20192000C5EE3E3F93E04439CB9F503FFDA1EC387109633FC8E11D38E321763FC8E11DB87B
:201940000EEF843FFDA1ECB8F8188F3F93E044B90A88993F5E7B89B91235A43FA931B0B945
:201960005718AF3F4A7BD6B99F29BA3FA440FCB93660C53F36B510BAF1B2D03FDBF022BAB4
:201980003818DC3F03C834BA0E86E73FAC2F46BA15F2F23F1C1D57BA9C51FE3FE18567BA5B
:2019A000D2CC0440DD5F77BA745F0A40A45083BAF7DA0F405EA08ABA83391540999A91BA99
:2019C00030751A40083B98BA04881F40947D9EBA026C2440625EA4BA261B2940D0D9A9BA79
:2019E000708F2D407FECAEBAE8C231404C93B3BAA5AF354059CBB7BAD04F39400C92BBBA38
:201A0000AD9D3C4012E5BEBA9E933F405CC2C1BA2A2C42402828C4BA01624440FA14C6BA2D
:201A200006304640A287C7BA4F9147403C7FC8BA2C81484030FBC8BA30FB484030FBC8BA5A
:201A400030FB48403C7FC8BA4C7D4840A287C7BAF57D4740FA14C6BAEDF945402828C4BADB
:201A60004EEE43405CC2C1BA8F58414012E5BEBA85363E400C92BBBA6B863A4059CBB7BAEB
:201A8000E14636404C93B3BAF27631407FECAEBA15162C40D0D9A9BA31242640625EA4BA35
:201AA0009DA11F40947D9EBA268F1840083B98BA0BEE1040999A91BA02C008405EA08ABA6B
:201AC00039070040A45083BAA38CED3FDD5F77BAD100DA3FE18567BA1F72C53F1C1D57BA3D
:201AE0009CE8AF3FAC2F46BA446D993F03C834BAF809823FDBF022BAFC92533F36B510BA19
:201B0000F56E213FA440FCB9B781DB3E4A7BD6B9538D623EA931B0B909A90C3C5E7B89B9EC
:201B20009DCD55BE93E044B9025FDCBEFDA1ECB8F2E027BFC8E11DB8AA6562BFC8E11D3817
:201B40002BCD8EBFFDA1EC3838ADACBF93E044392FC0CABF5E7B8939C1F2E8BFA931B0390E
:201B6000969803C04A7BD639A2B312C0A440FC3944C021C036B5103A13B430C0DBF0223A68
:201B80008A843FC003C8343A08274EC0AC2F463AE1905CC01C1D573A5CB76AC0E185673ACC
:201BA000C28F78C0DD5F773AB10783C0A450833ACE9589C05EA08A3AF1EC8FC0999A913A6B
:201BC000E40796C0083B983A86E19BC0947D9E3ACB74A1C0625EA43AC4BCA6C0D0D9A93A54
:201BE000A0B4ABC07FECAE3AB357B0C04C93B33A78A1B4C059CBB73A958DB8C00C92BB3ABE
:201C0000DD17BCC012E5BE3A583CBFC05CC2C13A43F7C1C02828C43A1545C4C0FA14C63A44
:201C20008022C6C0A287C73A788CC7C03C7FC83A3480C8C030FBC83A30FBC8C03A21018012
:201C400046210180522101805E2101806A21018076210180822101808E2101809A210180F4
:201C6000A6210180B2210180BE210180CA210180D6210180E2210180EE210180FA210180D4
:201C800006220180122201801E2201802A22018036220180422201804E2201805A220180AC
:201CA00066220180722201807E2201808A22018096220180A2220180AE220180BA2201808C
:201CC000C6220180D2220180DE220180EA220180F6220180022301800E2301801A23018069
:201CE00026230180322301803E2301804A23018056230180622301806E2301807A23018044
:201D000086230180922301809E230180AA230180B6230180C2230180CE230180DA23018023
:201D2000E6230180F2230180FE2301800A24018016240180222401802E2401803A240180FE
:201D400046240180522401805E2401806A24018076240180822401808E2401809A240180DB
:201D6000A6240180B2240180BE240180CA240180D6240180E2240180EE240180FA240180BB
:201D800006250180122501801E2501802A25018036250180422501804E2501805A25018093
:201DA00066250180722501807E2501808A25018096250180A2250180AE250180BA25018073
:201DC000C6250180D2250180DE250180EA250180F6250180022601800E2601801A26018050
:201DE00026260180322601803E2601804A26018056260180622601806E2601807A2601802B
:201E000086260180922601809E260180AA260180B6260180C2260180CE260180DA2601800A
:201E2000E6260180F2260180FE2601800A27018016270180222701802E2701803A270180E5
:201E400046270180522701805E2701806A27018076270180822701808E2701809A270180C2
:201E6000A6270180B2270180BE270180CA270180D6270180E2270180EE270180FA270180A2
:201E800006280180122801801E2801802A280180342801803E28018048280180522801808E
:201EA0005C28018066280180702801807A280180842801808E28018098280180A2280180E2
:201EC000AC280180B6280180C0280180CA280180D4280180DE280180E8280180F228018042
:201EE000FC28018006290180102901800000803F0000000000000000000000000000000014
:201F000000000000000000000000803F000000000000000000000000000000000000000002
:201F2000000000000000803F000000000000000000000000000000000000000000000000E2
:201F40000000803F0000000000000000000000000000000000000000000000000000803F03
:201F60000000000000000000000000000000000000000000000000000000803F4E414E00C5
:201F80006E616E00494E4600696E66000002020202020202020203010101010202020202C7
:201FA0000202020202020202020202020204404040404040404040404040404040202020E3
:201FC0002020202020202040404040404040888888888888080808080808080808080808D1
:201FE000080808080808080840404040404090909090909010101010101010101010101001
:2020000010101010101010104040404002000000000000000000000000000000000000003E
:202020000000000000000000000000000000000000000000000000000000000000000000A0
:20204000000000000000000000000000000000000000000000000000000000000000000080
:20206000000000000000000000000000000000000000000000000000000000000000000060
:20208000000000000000000000000000005B52435D20CDA8B5C03320B0B4BCFCB8C4B1E469
:2020A0002120B5B1C7B03A2025640D0A005B52435F4556454E545D2052656D6F74652052DC
:2020C00065636F6E6E6563746564210D0A005B52435F4552524F525D2052656D6F746520CE
:2020E000446973636F6E6E6563746564210D0A005B52435F4A554D505D20CDA8B5C036208D
:20210000BFAAC6F43A20B4A5B7A2B5A5B4CECCF8D4BE210D0A005B52435F4A554D505D201E
:20212000CDA8B5C03620B9D8B1D53A20CCF8D4BECFB5CDB3D2D1B8B4CEBB210D0A005B5217
:20214000435D20CDA8B5C03420C8FDB6CEBFAAB9D8C7D0BBBB2120B5B1C7B0C4A3CABD3AEB
:202160002025640D0A005B52435F4252494447455D20CDA8B5C03520BFAAC6F43A20BDF8B5
:20218000C8EBB5A5B1DFC7C5C4A3CABD210D0A005B52435F4252494447455D20CDA8B5C08D
:2021A0003520B9D8B1D53A20CDCBB3F6B5A5B1DFC7C5C4A3CABDA3AC504944D2D1CFB4B0B2
:2021C000D7210D0A0066696C653A2025730066696C653A206D646B2F2573006C696E653A7F
:2021E000202564000D0A66696C65202573206C696E652025643A2025732E0D0A000D0A66A2
:20220000696C65202573206C696E652025642E0D0A00417373657274206572726F72004C0E
:202220006F67206D657373616765002E2E2F6C69627261726965732F7A665F636F6D6D6FF2
:202240006E2F7A665F636F6D6D6F6E5F6669666F2E63000000000000000000002F00000056
:20226000000700070000147F147F1400242A7F2A12006264081323003649552250000005BE
:2022800003000000001C224100000041221C000014083E08140008083E0808000000A06069
:2022A00000000808080808000060600000402010080402003E5149453E0000427F4000005C
:2022C0004261514946002141454B31001814127F10002745454539003C4A494930000171A2
:2022E00009050300364949493600064949291E000036360000000056360000000814224130
:202300000000141414141400004122140800020151090600324959513E007C1211127C00E7
:202320007F49494936003E41414122007F4141221C007F49494941007F09090901003E41F6
:2023400049497A007F0808087F0000417F4100002040413F01007F08142241007F4040403C
:2023600040007F020C027F007F0408107F003E4141413E007F09090906003E4151215E00C7
:202380007F091929460046494949310001017F0101003F4040403F001F2040201F003F40DD
:2023A00038403F00631408146300070870080700615149454300007F414100020408102020
:2023C00040000041417F0000040201020400404040404000000102040000205454547800D4
:2023E0007F4844443800384444442000384444487F00385454541800087E0901020018A411
:20240000A4A47C007F080404780000447D4000004080847D00007F102844000000417F4034
:2024200000007C04180478007C0804047800384444443800FC242424180018242418FC0054
:202440007C0804040800485454542000043F444020003C4040207C001C2040201C003C4011
:2024600030403C004428102844001CA0A0A07C004464544C4414141414141400000000004C
:202480000000000000000000000000000000F800000000000000333000000000100C0610AF
:2024A0000C0600000000000000000040C07840C0784000043F04043F040400007088FC084C
:2024C000300000001820FF211E0000F008F000E018000000211C031E211E0000F0088870E9
:2024E0000000001E2123241927211010160E00000000000000000000000000000000E018B9
:20250000040200000000071820400000020418E00000000040201807000000404080F08049
:202520004040000202010F01020200000000F0000000000101011F010101000000000000ED
:2025400000000080B0700000000000000000000000000000010101010101010000000000D4
:2025600000000000303000000000000000000080601804006018060100000000E010080880
:2025800010E000000F102020100F00001010F8000000000020203F2020000000700808086E
:2025A000887000003028242221300000300888884830000018202020110E000000C02010ED
:2025C000F8000000070424243F240000F80888880808000019212020110E0000E010888894
:2025E000180000000F112020110E0000380808C83808000000003F000000000070880808AD
:20260000887000001C222121221C0000E010080810E0000000312222110F00000000C0C0FF
:202620000000000000003030000000000000800000000000008060000000000000804020FA
:202640001008000001020408102000404040404040400004040404040404000008102040CF
:202660008000000020100804020100007048080808F0000000003036010000C030C828E8AC
:2026800010E0000718272423140B000000C038E0000000203C23020227382008F88888882C
:2026A000700000203F202020110E00C030080808083800071820202010080008F8080808D5
:2026C00010E000203F202020100F0008F88888E8081000203F20202320180008F88888E82A
:2026E000081000203F200003000000C03008080838000007182020221E020008F808000057
:2027000008F808203F210101213F20000808F8080800000020203F2020000000000808F8D0
:20272000080800C08080807F00000008F888C028180800203F20012638200008F808000034
:20274000000000203F20202020300008F8F800F8F80800203F003F003F200008F830C0008D
:2027600008F808203F200007183F00E01008080810E0000F10202020100F0008F8080808C6
:2027800008F000203F210101010000E01008080810E0000F18242438504F0008F8888888E8
:2027A000887000203F2000030C302000708808080838000038202121221C00180808F808FB
:2027C0000818000000203F2000000008F808000008F808001F202020201F00087888000084
:2027E000C83808000007380E010000F80800F80008F800033C0700073C0300081868808077
:2028000068180820302C03032C30200838C800C83808000000203F2000000010080808C8B3
:202820003808002038262120201800000000FE020202000000007F40404000000C30C00022
:20284000000000000000010638C00000020202FE000000004040407F00000000000402022E
:2028600002040000000000000000000000000000000000808080808080808000020204004A
:20288000000000000000000000000000008080808000000019242222223F2008F800808036
:2028A000000000003F112020110E000000008080800000000E112020201100000000808059
:2028C00088F800000E112020103F200000808080800000001F222222221300008080F08878
:2028E0008888180020203F202000000000808080808000006B94949493600008F800808057
:20290000800000203F210000203F2000809898000000000020203F202000000000008098B1
:2029200098000000C08080807F000008F8000080808000203F24022D302000000808F800B6
:202940000000000020203F202000008080808080808000203F20003F20003F80800080801B
:20296000800000203F210000203F200000808080800000001F202020201F0080800080801A
:2029800000000080FFA12020110E000000008080808000000E112020A0FF8080808000803A
:2029A00080800020203F212000010000008080808080000033242424241900008080E0809A
:2029C0008000000000001F202000008080000000808000001F202020103F208080800000AA
:2029E00080808000010E300806010080800080008080800F300C030C300F000080800080F0
:202A00008080000020312E0E312000808080000080808080818E70180601000080808080BA
:202A20008080000021302C2221300000000000807C020200000000003F404000000000FFE8
:202A400000000000000000FF0000000002027C800000000040403F000000000006010102AE
:202A60000204040000000000000000C82E002E802E3DB1C82E002E802E9103802EBCB0808C
:202A80002EA303C82E002E802E00B05030212E59F51030212E6AF5802E3B030000000008E1
:202AA0001901002200750000100010D100B343802E00C1802E00C1802E00C1802E00C18042
:202AC0002E00C1802E00C1802E00C1802E00C1802E00C1802E00C1802E00C1802E00C1807E
:202AE0002E00C1802E00C1802E00C1802E00C1802E00C1802E00C1802E00C1802E00C1805E
:202B00002E00C1802E00C1802E00C1802E00C1802E00C1802E00C1802E00C1802E00C1803D
:202B20002E00C1802E00C1802E00C1802E00C1802E00C1802E00C1802E00C1802E00C1801D
:202B40002E00C1802E00C1802E00C1802E00C1802E00C1802E00C1E05F000000000100001B
:202B600000000000000000000092000000000000000000000000000000000008190000881A
:202B80000000000000000005E0AA3805E09030FA0096004B091100110002002D01D47B3B09
:202BA00001DB7A04003F7BCD6CC3048509C304ECE60C460100270019009600A00001000C04
:202BC00000F03C00010100030001000E00000032000500EE060400C80000000400A805EE1F
:202BE000060004BC02B30085070000000000000000000000000000000000000000B4000119
:202C000000B9000100980000000000000000000100800004000000000000000000000000DD
:202C2000000000000000000000000000000000000000000000000000000000000000000094
:202C4000000000000000000000000000000000000000000000000000000000000000000074
:202C60000000000000802E00C1FD2DDE00EB00DA00000CFF0F0004C0005BF5C9011EF28090
:202C8000003FFF19F458F566F564F5C0F1F000E000CD01D301DB01FF7FFF01E40074F7F329
:202CA00000FA00FF3FCA036C3856FE44FDBC02F90600FC1202AE0158FA9AFD7705BB0296A2
:202CC0000195017F0182018901870188018A018C018F018D0192019101DD009F017E01DB8D
:202CE00000B601706926D39C071F059D000008BC0537FAA201AA01A101A801A001A805B452
:202D000001B401CE00D000FC00C501FFFBB10000380030FDF5FCF5CD01A0005FFF0040FF9C
:202D20000000806D0FEB007FFFC2F568F7B3F1670F5B0F610F800F58F75BF7830F8600726A
:202D40000F850FC6F17F0F6CF700E000FFD1F5870F8A0FFF03F03F8B008E009000B9002D94
:202D6000F5CAF5CB0120F200000000000000000000000000000000000000000000000000C1
:202D8000000000000000000000000000000000000000000000000000000000000000000033
:202DA000000000000000000000000000000000000000000000000000000000000000000013
:202DC0000000000000000000000000000000000000000000000000000000000000000000F3
:202DE0000000000000000000000000000000000000000000000000000000000000000000D3
:202E00000000000000000000000000000000000000000000000000000000000000000000B2
:202E2000000000000000000000000000000000000000000000000000000000000000000092
:202E40000000003050982ED70E5032982EFA030030F07F002E002ED02E002E018008A2FBB5
:202E60002F982EBA03212E1900012EEE0000B2072F012E190000B2032F01500352982E0794
:202E8000CC012EDD0000B2272F052E8A000552982EC7C1032EE90040B2F07F082F012E19F6
:202EA0000000B2042F0030212EE900982EB4B1012E180000B2102F0550982E4DC30550984A
:202EC0002E5AC7982EF9B4982E54B2982E67B6982E17B21030212E7700012EEF0000B20418
:202EE0002F982E7AB70030212EEF00012ED40004AE0B2F012EDD0000B2072F0552982E8EB0
:202F00000E00B2022F1030212E7D00012E7D000090902EF102012ED70000B2042F982E2FE7
:202F20000E0030212E7B00012E7B0000B2122F012ED4000090022F982E1F0E092D982E81B8
:202F40000D012ED4000490022F5032982EFA030030212E7B00012E7C0000B2902E09030135
:202F60002E7C000131010800B2042F982E47CB1030212E77008130012E7C00010800B26131
:202F80002F032E8900012ED40098BC98B805B20F58232F079009540030372F15410441DC30
:202FA000BE44BEDCBA2C0161000F564A0F0C2FD14294B8C1421130052E6AF72CBD2FB980AC
:202FC000B20822982EC3B7212D6130232ED400982EC3B70030212E5AF5182DE17F50309806
:202FE0002EFA030F520750504270300D5442427E82E26F80B24242052F212ED400103098A1
:203000002EC3B7032D6030212ED400012ED4000690182F012E76000B540752E07F982E7A49
:20302000C1E16F081A4030082F212ED4002030982EAFB75032982EFA03052D982E380E0094
:2030400030212ED4000030212E7C00182D012ED40003AA012F982E450E012ED4003F80031F
:20306000A2012F002E022D982E5B0E3030982ECEB70030212E7D005032982EFA03012E7760
:203080000000B2242F982EF5CB032ED5001154010ABC848386212EC901E0401352C44082C2
:2030A00040A8B9524243BE5342040A5042E17FF0314140F26F25BD0808020AD07F982EA887
:2030C000CF06BCD16FE26F080A8042982E58B70030212EEE00212E7700212EDD00802EF424
:2030E000011A242200802EEC011050FB7F982EF3035750FB6F013071541142420EFC2FC0A9
:203100002E0142F05F802E00C1FD2D0100000000000000000000009A013403000000000083
:2031200000000000000000000000000000000000000000000000000000000000000000008F
:2031400000000000000000000000000000000000000000000000000000000000000000006F
:2031600000000000000000000000000000000000000000000000000000000000000000004F
:20318000000000000000000000000000002050E77FF67F06320F2E61F5FE09C0B3042F1755
:2031A000302F2EEF002D2E61F5F66FE76FE05FC82E2050E77FF67F46300F2EA4F1BE098018
:2031C000B3062F0D2ED40084AF022F16302D2E7B0086302D2E60F5F66FE76FE05FC82E0121
:2031E0002E77F709BC0FB800B21050FB7F10300B2F032E8A0096BC9FB840B2052F032E687E
:20320000F79EBC9FB840B2072F032E7E004190012F982EDC03032C0030212E7E00FB6FF003
:203220005FB82E2050E07FFB7F002E2750982E3BC82950982EA7C80150982E55CCE16F2B31
:2032400050982EE0C9FB6F0030E05F212E7E00B82E7350013057541142420EFC2FB82E21AF
:203260002E59F51030C02E212E4AF19050F77FE67FD57FC47FB37FA17F907F827F7B7F98D4
:203280002E35B700B2902E97B0032E8F00072E9100052EB1003FBA9FB8012EB100A3BD4C17
:2032A0000A052EB10004BEBFB9CB0A4FBA22BD012EB300DC0A2FB9032EB8000ABE9A0ACF55
:2032C000B99BBC012E97009FB8930A0FBC910A0FB8900A252E1800052EC1F52EBD2EB90136
:2032E0002E190031308A040090072F012ED40004A2032F012E180000B20C2F19500552986B
:203300002E4DB7052E780080901030012F212E7800252EDD00982E3EB700B2023001300485
:203320002F012E190000B2002F2130012EEA00081A0E2F232EEA0033301B500B09014017F7
:203340005646BE4B084C0A01420A8015520142002E012E180000B21F2F032EC0F5F0304830
:203360000847AA7430072E7A0061224B1A052F072E66F5BFBDBFB9C0900B2F1D562B30D237
:2033800042DB420104C24204BDFE808184232E7A0002420232252E62F5052ED60081842561
:2033A0002ED6000231252E60F5052E8A000B50900880B20B2F052ECAF5F03E9008252ECA3D
:2033C000F5052E59F5E03F9008252E59F5906FA16FB36FC46FD56FE66FF76F7B6F826F7071
:2033E0005FC82EC050907FE57FD47FC37FB17FA27F877FF67F7B7F002E012E60F5607F9871
:203400002E35B70230636F1552507F627F5A2C02321A0900B3142F00B2032F092E18000071
:20342000910C2F437F982E97B71F50028A02320430252E64F51552506F436F4443252E60C9
:20344000F5D908C0B2362F982E3EB700B2062F012E190000B2022F506F00900A2F012E79C2
:20346000000090192F1030212E79000030982EDC03132D012EC3F50CBC0FB8123010040388
:20348000B0262521500352982E4DB71030212EEE000230607F252E7900606F0090052F00B4
:2034A00030212EEA001550212E64F51552232E60F50232506F0090022F0330272E780007CE
:2034C0002E60F51A090091A32F19090091A02F906FA26FB16FC36FD46FE56F7B6FF66F8792
:2034E0006F405FC82EC050E77FF67F26300F2E61F52F2E7C000F2E7C00BE09A27F807F80FB
:20350000B3D57FC47FB37F917F7B7F0B2F23501A251240427F74821240527F002E0040603F
:203520007F982E6AD68130012E7C00010800B2422F032E8900012E890097BC06BC9FB80F91
:20354000B80090232ED800103001302A2F032ED40044B2052F47B200302D2F212E7C002B86
:203560002D032EFDF59EBC9FB84090142F032EFCF599BC9FB840900E2F032E49F125544A2E
:20358000084090082F982E35B700B21030032F5030212ED400102D982EAFB70030212E7C3F
:2035A000000A2D052E69F72DBD2FB980B2012F212E7D00232E7C00E031212E61F5F66FE772
:2035C0006F806FA26FB36FC46FD56F7B6F916F405FC82E60510A253688F47FEB7F00323186
:2035E0005232301330982E15CB0A253384D27F433005502D52982E95C1D26F2752982ED73D
:20360000C72A25B086C07FD37FAF842950F16F982E4DC82A25AE8AAA88F26E2B50C16FD34F
:203620006FF47F982EB6C8E06E00B2322F33548386F16FC37F04303030F47FD07FB27FE367
:2036400030C56F56404541280803140EB408BC8240100A2F542605917F4428A37F982ED956
:20366000C008B933305309C16FD36FF46F831747406C15B26FBE09750B90424542510E3241
:20368000BC0289A16F7E86F47FD07FB27F0430916FD62FEB6FA05EB82E032E97001BBC6066
:2036A000509FBC0CB8F07F40B2EB7F2B2F032E7F004140012EC800011A112F3758232EC84B
:2036C000001041A07F38810141D07FB17F982E64CFD06F0780A16F1142002EB16F0142113C
:2036E00030012EFC0000A80330CB224A25012E7F003C8935520554982EC4CEC16FF06F9866
:203700002E95CF042D0130F06F982E95CFEB6FA05FB82E032EB3000232F030033130508A77
:20372000080808CB08E07F80B2F37FDB7F252F032ECA004190042F0130232ECA00982E3F9D
:2037400003C0B2052F032EDA0000304104232EDA00982E92B21025F06F00B2052F012EDA88
:203760000002301004212EDA0040B2012F232EC801DB6FE06FD05F802E95CF0130E06F98AC
:203780002E95CF1130232ECA00DB6FD05FB82ED0500A2533845550D27FE27F038CC07FBBF6
:2037A0007F0030055A39545141A57F967F807F982ED9C00530F57F2025916F3B583D5C3BF0
:2037C00056982E67CCC16FD56F52405043C17FD57F1025982EFEC91025982E74C0866F3057
:2037E00028926F828CA56F6F52690E3954DB2F19A01530032F0030212E81010A2D012E8197
:203800000105284236212E8101020E012F982EF303575012300140982EFEC9516F0B5C8EC9
:203820000E3B6F57580230212E9501456F2A8DD27FCB7F132F02303F50D27FA80E0E2FC0FD
:203840006F535402005154420E103059520230012F002E032D504242421230D27F80B203D2
:203860002F0030212E8001122D012EC9000280052E8001113091280040252E8001100E057B
:203880002F012E7F010190012F982EF303002EA0410190A67F902EE3B4012E950100A890B6
:2038A0002EE3B45B549580824080B202402D8C3F52967F902EC2B3290E762F012EC90000E3
:2038C0004081284552B330982E0FCA5D54807F002EA140727F82808240607F982EFEC910F6
:2038E00025982E74C0626F05308740C0910430052F052E830180B21430002F0430052EC997
:2039000000736F8140E2406904110FE1401630FE29CB40022F836F830F222F4756130F12E5
:2039200030772F4954420E1230732F00910A2F012E8B0119A802306C2F6350002E1742058E
:2039400042682C12300B25080F5030022F212E8301032D4030212E83012B2E85015A2C129A
:203960003000912B25042F635002301742172C0242982EFEC91025982E74C0052EC9008105
:20398000845B308240372E8301020E072F5F52403062404140910E012F212E830105302BE1
:2039A0002E85011230362C16301525817F982EFEC91025982E74C019A21630152F052E9764
:2039C00001806F820E052F012E86010628212E86010B2D032E87015F544E289142002E82DC
:2039E00040900E012F212E88010230132C0530C06F081CA80F163005305B50092F02802D24
:203A00002E820105420580002E02423E80002E06420230906F3E88014004414C2801420748
:203A20008010252440004000A8F522232944427A827E884340044100ABF523DF284342D9AA
:203A4000A0142F0090022FD26F81B2052F6354062890428542092C02305B500380292E7E32
:203A6000012B2E8201054212302B2E83014582002E40407A8202A0082F63503B301542053F
:203A8000423780372E7E0105421230012EC900028C404084417A8C040F032F012E8B0119D6
:203AA000A4042F2B2E8201982EF303123081906152082F65426542438039848288054245F6
:203AC0004285420543002E80410090902EE1B46554C16F804000B243586950442F555CB739
:203AE000878C0F0D2E9601C440362F41568B0E2A2F0B52A10E0A2F052E8F011425982EFEDB
:203B0000C94B54020F695005306554152F032E8E014D5C8E0F3A2F052E8F01982EFEC94F33
:203B200054820F053069506554302F6D521530428C454204302B2C84436B52428C002E85B1
:203B4000431530242C45428E0F202F0D2E8E01B10E1C2F232E8E011A2D0E0E172FA10F15F8
:203B60002F232E8D01132D982E74C04354C20E0A2F655004800B3006820B42798041401288
:203B800030252E8C01014205306950655484824384BE8C8440864126299442BE8ED57F19AB
:203BA000A143400B2E8C018440C7415D29272945428442C27F012FC0B31D2F052E9401999B
:203BC000A0012F80B3132F80B3182FC0B3162F12400140927F982E74C0926F100F2030035D
:203BE0002F1030212E7E010A2D212E7E01072D2030212E7E01032D1030212E7E01C26F01C1
:203C00002EC900BC84028082400040900ED56F022F1530982EF30341910530072F67503DA4
:203C2000802B2E8F0105420480002E0542022C00300030A26F988A864080A7052F982EF340
:203C400003C030212E950106251A25E26F768296405643510EFB2FBB6F305FB82E012EB85B
:203C6000000131410840B22050F2300208FB7F0130102F052ECC008190E07F032F232ECC93
:203C800000982E55B6982E1DB51025FB6FE06FE05F802E95CF982E95CF1030212ECC00FBFC
:203CA0006FE05FB82E00510558EB7F2A2589526F5A895013410640B3011642CB160640F3CC
:203CC000021342650EF52F054014302C29044208A10030902E52B6B388B08AB684A47FC49D
:203CE0007FB57FD57F927F73300430554042408A17F3086B01900253B84B82ADBE717F45AC
:203D00000A0954847F982ED9C0A36F7B54D042A37FF27F607F2025716F755A7758795C7568
:203D200056982E67CCB16F626F5042B17FB3301025982E0FCA846F2029716F926FA56F7623
:203D4000826A0E73300030D02FD26FD17FB47F982E2BB715BD0BB8020AC26FC07F982E2B29
:203D6000B715BD0BB8420AC06F081741188916E118D018A17F27251625982E79C08B54906F
:203D80007FB330824080900D2F7D52926F982E0FCAB26F900E062F8B501430426F516F14AC
:203DA0004212420142002E316F982E74C0416F807F982E74C0826F10044352010F052ECB11
:203DC0000000300430212F516F43588C0E04301C2F8588416F04418C0F0430162F84880099
:203DE0002E044104058C0E04300F2F8288316F044104058C0E0430082F8388002E04418C34
:203E00000F0430022F212EAD0114300091142F032EA10141900E2F032EAD0114304C28237E
:203E20002EAD0146A0062F81848D5248828240212EA10142425C2C0230052EAA0180B202DA
:203E400030552F032EA901926FB330982E0FCAB26F900F003002304A2FA26F8752910085B5
:203E600052510E022F002E432C0230C26F7F52910E02303C2F516F8154982EFEC91025B349
:203E8000302125982E0FCA326FC07FB3301225982E0FCA426FB07FB3301225982E0FCAB229
:203EA0006F90288352982EFEC9C26F900F003002301D2F052EA10180B212300F2F426F03C0
:203EC0002EAB01910E0230122F526F032EAC01910F02300C2F212EAA010A2C1230032ECBDC
:203EE000008D580889414011430043252EA101D46F8F5200433A89002E10431043610EFBD7
:203F00002F032EA001111A022F0225212EA001EB6F005FB82E915210300230955652424B6F
:203F20000EFC2F8D548882935680425342404242868354C02EC242002EA3520051524047BD
:203F4000401A25012E97008FBE7286FB7F0B307CBFA5501008DFBA7088F8BFCB42D37F6CC7
:203F6000BBFCBBC50A907F1B7F0B43C0B2E57FB77FA67FC47F902E1CB7072ED200C0B20B80
:203F80002F9752012ECD00827F982EBBCC0B30372ED200826F906F1A2500B28B7F142FA679
:203FA000BD25BDB6B92FB980B2D4B00C2F99549B560B300B2EB100A1589B42DB426C092B84
:203FC0002EB1008B42CB42867F7384A756C30839520550727F637F982EC2C0E16F626FD177
:203FE0000A012ECD00D56FC46F726F97529D5C982E06CD236F906F9952C0B204BD5440AFF6
:20400000B94540E17F0230062FC0B20230032F9B5C12309443854303BF6FBB80B3202F0679
:204020006F2601166F6E034542C090292ECE009B52142F9B5C002E93418641E304AE0780EC
:20404000AB042F80910A2F866F730F072F836FC0B2042F544245421230042C1130022C11E5
:2040600030113002BC0FB8D27F00B20A2F012EFC00052EC701101A022F212EC701032D0244
:204080002C01300130B06F982E95CFD16FA06F982E95CFE26F9F52012ECE00824050420C31
:2040A0002C42421130232ED2000130B06F982E95CFA06F0130982E95CF002EFB6F005FB859
:2040C0002E838601300030944024180600530E4F02F92FB82EA952002E604041400DBC98C7
:2040E000BCC02E010A0FB8AB52533C524040404B00821626B901B84140100897B80108C07A
:204100002E11300108438625400440D8BE2C0B2211544203804B0EF62FB82E9F501050AD3C
:2041200052052ED300FB7F002E13409342410EFB2F982EA5B7982E87CF012ED90000B2FBEB
:204140006F0B2F012E69F7B13F01080130F05F232ED900212E69F7802E7AB7F05FB82E01C0
:204160002EC0F8032EFCF51554AF5682080B2E69F7CB0AB1588090DDBE4C085FB9592280B6
:2041800090072F0334C308F23A0A080235C0904A0A4822C02E232EFCF51050FB7F982E56AE
:2041A000C7982E49C31030FB6FF05F212ECC00212ECA00B82E032ED30016B802344A0C21D4
:2041C0002E2DF5C02E232ED30003BC212ED500032ED50040B21030212E77000130052F0532
:2041E0002ED8008090012F232E6FF5C02E212ED90011308108012E6AF7713F23BD010802B9
:204200000AC02E212E6AF730250030212E5AF51050212E7B00212E7C00FB7F982EC3B740E4
:2042200030212ED400FB6FF05F0325802EAFB7802E00C1802E00C1802E00C1802E00C180FA
:204240002E00C1802E00C1802E00C1802E00C1802E00C1802E00C1802E00C1802E00C180E6
:204260002E00C1802E00C1802E00C1012E5DF708BC80AC0EBB022F003041048206C0A400A3
:2042800030112F40A9032F40910D2F00A70B2F80B3B358022F90A126132023809010300138
:2042A0002FCC0E002F0030B82EB550180808BC88B60D17C6BD56BCB758DABA04011D0A10F1
:2042C00050053032254503FB7FF6302125982E37CA16B59ABC06B880A8410A0E2F8090026C
:2042E0002F2D50480F092FBFA0042FBF90062FB754CA0F032F002E022CB7522D52F23398B6
:204300002ED9C0FB6FF137C02E0108F05FBF56B954D040C4400B2EFDF3BF52904294429551
:20432000420530C1500F88064004419642C54248BE73300D2ED8004FBA8442034281B302EE
:204340002F2B2E6FF5062D052E77F7BD569308252E77F7BB54252EC2F5072EFDF34230B4CA
:2043600033DA0A4C00272EFDF34340D43FDC084342002E002E43402430DC0A434204800371
:204380002EFDF34A0A232EFDF36134C02E0142002E60501A257A86E07FF37F0325C3524138
:2043A00084DB7F3330982E16C21A257D82F06FE26F322516409440260185408E17C4426EAA
:2043C000039542410EF42FDB6FA05FB82EB051FB7F982EE80D5A25982E0F0ECB583287C42A
:2043E0007F65896B8DC55A657FE17F837FA67F747FD07FB67F947F1730C752C954517F00F7
:204400002E856F427F002E51414581424113403B8A00404B04D006C0AC857F022F0230510F
:2044200004D306418405305D02C916DF08D3008D02AFBCB1B9590A656F1143A1B452415383
:20444000410143347F657F2631E56FD46F982E37CA326F756F83404241237F127FF6304027
:20446000255125982E37CA146F2005706F256F6907A26F316F0B3004429B428B42554232AA
:204480007F40A9C36F717F0230D040C37F032F4091152F00A7132F00A4112F84BD982E797A
:2044A000CA556FB75454418200F33F4541CB02F630982E37CA356FA46F4143032C0043A489
:2044C0006F356F1730426F516F934042820041C3000343517F002E944041414C02C46FD18A
:2044E00056630E746F5143A57F8A2F092ED80001B3212FCB58906F1341B66FE47F002E91D1
:2045000041144092411540172E6FF5B67FD07FCB7F982E000C0715C26F140B292E6FF5C3AB
:20452000A3C18FE46FD06FE62F1430052E6FF5140B292E6FF5182DCD560432B56F1C0151FC
:20454000415241C340B57FE47F982E1F0CE46F218700430432CF545A0EEF2F1554092E77C8
:20456000F7220B292E77F7FB6F505EB82E1050012ED40000B2FB7F512F01B2482F02B24225
:204580002F0390562FD75279804240818400404242982E930CD954D750A14098BD82403E78
:2045A00082DA0A44408B16E3005342002E43409A025242002E414015544A0E3A2F3A820082
:2045C000304140212E850F40B20A2F982EB10C982E450E982E5B0EFB6FF05F0030802ECEEC
:2045E000B7DD52D35442424F847330DB5283421B306B422330272ED700372ED400212ED6ED
:20460000007A84172C42423030212ED400122D21300030232ED400212E7BF70B2D17309895
:204620002E510CD5500C8272302F2ED400252E7BF74042002EFB6FF05FB82E70500A25392D
:2046400086FB7FE1326230982EC2C4B556A56FAB08916F4B08DF56C46F23094DBA93BC8CCE
:204660000BD16F0B09CB52E15E5642AF094DBA23BD940AE56F68BBEB08BDB963BEFB6F52ED
:2046800042E30AC02E4342905FD150032E25F3134000409BBC9BB408BDB8B998BCDA0A0870
:2046A000B68916C02E190062021050FB7F982E810D012ED40031300804FB6F0130F05F238F
:2046C0002ED600212ED700B82E012ED700032ED600480E012F802E1F0EB82EE350213401ED
:2046E000428230C132252E62F50100223001404A0A0142B82EE354F03B8340D808E5528359
:2047000042003083305042C432272E64F5940050424042D33F84407D82E30840428342B8D7
:204720002EDD52003040427C86B952092E700FBF54C442D3865440554094428542212ED749
:20474000004240252EFDF3C0427E82052E7D0080B2142F052E890027BD2FB98090022F2183
:204760002E6FF50C2D072E710F14301C09052E77F7BD5647BE9308940A252E77F7E7545012
:20478000424A0EFC2FB82E505002304386E550FB7FE37FD27FC07FB17F002E4140004048CB
:2047A00004982E74C01EAAD36F1430B16FE322C06F5240E46F4C0E1242D37FEB2F032E86A3
:2047C0000F40901130032F232E860F022C0030D06FFB6FB05FB82E4050F17F0A253C86EBC9
:2047E0007F41332230982EC2C4D36FF430DC094758C26F9409EB586ABBDC08B4B9B1BDE960
:204800005A950821BDF6BF770B51BEF16FEB6F52425442C02E4342C05F5050F550313011B0
:2048200042FB7F7B300B4211300280233301420300072E8003052ED3002352E27FD37FC0BF
:204840007F982EB60ED16F080A1A257B86D07F01331230982EC2C4D16F080A00B20D2FE389
:204860006F012E80035130C786232E21F208BCC042982EA5B7002E002ED02EB06F0BB803BE
:204880002E1B00081AB07F7030042F212E21F2002E002ED02E982E6DC0982E5DC0ED509844
:2048A0002E44CBEF50982E46C3F150982E53C73550982E64CF1030982EDC032026C06F02B2
:2048C000311242AB330B42378001300142F337F752FB504440A20A42428B31092E5EF7F94A
:2048E00054E30883421B4223334B00BC840B40333083420B42E07FD17F982E58B7D16F8072
:204900003040420330E06FF3540430002E002E0189620EFA2F43421130FB6FC02E0142B058
:204920005FC14A00006D570000778E0000E0FFFFFFD3FFFFFFE5FFFFFFEEE1FFFF7C130059
:204940000046E6FFFF0000000000000000000000000000000000000000000000000000002D
:204960000000000000000000000000000000000000000000000000000000000000000080B7
:204980002E00C1802E00C1802E00C1802E00C1802E00C1802E00C1802E00C1802E00C1809F
:2049A0002E00C1802E00C1802E00C1802E00C1802E00C1802E00C1802E00C1802E00C1807F
:2049C0002E00C1802E00C1802E00C1802E00C1802E00C1802E00C1802E00C1802E00C1805F
:2049E0002E00C1802E00C1802E00C1802E00C1802E00C1802E00C1802E00C1802E00C1803F
:204A00002E00C1802E00C1802E00C1802E00C1802E00C1802E00C1802E00C1802E00C1801E
:204A20002E00C1802E00C1802E00C1802E00C1802E00C1802E00C1802E00C1802E00C180FE
:204A40002E00C1802E00C1802E00C1802E00C1802E00C1802E00C1802E00C1802E00C180DE
:204A60002E00C1802E00C1802E00C1696D7536363072612073656C6620636865636B206542
:204A800072726F722E002E2E2F6C69627261726965732F7A665F6465766963652F7A665F8F
:204AA0006465766963655F696D7536363072612E6300696D75363630726120696E6974202E
:204AC0006572726F722E00494D5536363052415F4143435F53414D504C455F444546415559
:204AE0004C5420736574206572726F722E00494D5536363052415F4759524F5F53414D50E8
:204B00004C455F44454641554C5420736574206572726F722E002E2E2F6C6962726172694C
:204B200065732F7A665F6465766963652F7A665F6465766963655F6970733230302E630013
:204B40002E2E2F6C69627261726965732F7A665F6472697665722F7A665F64726976657219
:204B60005F70776D2E63002E2E2F6C69627261726965732F7A665F6472697665722F7A66A0
:204B80005F6472697665725F7370692E63002E2E2F6C69627261726965732F7A665F647262
:164BA000697665722F7A665F6472697665725F756172742E6300A3
:044BB80000A03CFF1E
:124BC00073646820737468A0036568CA0BC3003000906D
:204BD8000F05D011174580010B00D0010F00B02142218B0101110F2010006B0500200090CF
:204BF8003256FF0626003B00FEFF3FF617000F6510308B0602601745802600903256FF06A0
:204C180018003B00FEFF3FF60F000F6500308B060260174580260090A2F63705C13F0F6577
:204C380010200090A2F682030F6500200090DA207FF60700174580360F6400200090A2F618
:204C580082020F6400300090820C822D3C130757FFCF8755BFDFCE57460546048B1480403A
:204C78008B05A050CE77460746068B1680608B07A07082028203820082013A260B2700F209
:204C98006E023C4F0B6430F10B7500F20B75A0F26E04024002513C453A640B7500F26E03E4
:204CB80082123C3F3B0004E00B6030F10B7100F20B71A0F2DE1087559FFF06116701801F20
:204CD8008B1FE0060248025906156745805F0614C2FE3CEB0284029506F067101F0006F140
:204CF800C21E82087AE86E1D87559FFF06116701801F8B1FE0060B60C0A00B71D0B007BB94
:204D18009FFF06156745805F061406136723803F8B1FE0266E0302A002B1C2183FE8E67FDF
:204D380076C7460346028B1280208B03A030DF2D0B00071DE0FF76F7460146008B108000C3
:204D58008B01A01000903B00034040F440C5007074DF3B00034040C4007061000E00370A53
:204D78006800DA0A4BF011020070610006003BE0024040C4007054DFC21F74DF00702008DA
:204D98006D00CE5B6D00F35B91000026D9220C00910000F6D9FF949094FF4B0F41019100A9
:204DB80000F6D9FFA090481F4BF051F0BB90A30F9BE0C8034B0F41F0742F91000026D922D7
:204DD8000C00910000F6D9FF989094FF4B0F4101910000F6D9FFA090481F4BF051F0BB903C
:204DF800A30F9BE0C8034B0F41F06C2191000026D9220C00910000F6D9FF9C9094FF4B0F55
:204E18004101910000F6D9FFA090481F4BF051F0BB90A30F9BE0C8034B0F41F06C229100D9
:204E380000F6D9FF000091000026D9228890942F4B0F41F191000026D922A09054204B0FC3
:204E580051F074FF910000F6D9FF000091000026D9228C90942F4B0F41F191000026D92258
:204E7800A09054204B0F51F06CF1910000F6D9FF000091000026D9229090942F4B0F41F1FE
:204E980091000026D922A09054204B0F51F06CF2910000F6D9FF0000481F74AF910000F63B
:204EB800D9FF0000482F7801910000F6D9FF0C0054F4910000F6D9FF0C004815910000F610
:204ED800D9FF0C004826910000F6D9FF000054F76D002829009020083BF026F19B3FA8F391
:204EF80074AFDA0078017B0012443BF026519B35A853BB0068699B86B164BB905C7E9BF76D
:204F1800F7736D00A92782081D0082006D002F5B910000F6D9FF0C0054FFB70F810F91000D
:204F380000F6D9FF0C00481FB70F81FF6B0F2100910000F6D9FF0C00482FB70F81FF6B0F95
:204F580021F07B000A044B0F01F0AE03C2F83C5B91000026D9221800910000F6D9FF949005
:204F780094FF4B0F4101910000F6D9FFA090481F4BF051F0BB90A30F9BE0C803910000F6AE
:204F9800D9FF180054F16B0F61F1742F91000026D9221800910000F6D9FF989094FF4B0F17
:204FB8004101910000F6D9FFA090481F4BF05100BB90A31F9BE1C813910000F6D9FF18003A
:204FD800481F6B1061FF6C2191000026D9221800910000F6D9FF9C9094FF4B0F41019100D5
:204FF80000F6D9FFA090481F4BF05100BB90A31F9BE1C813910000F6D9FF1800482F6B10DB
:2050180061FF6C2282146D00B666C2183B007DF03FF87E7F910000F6D9FF18009100002687
:20503800D9221800542F7BA04F044B0F51F074FF910000F6D9FF180091000026D922180005
:205058004C217BA04F044B0F51F06CF1910000F6D9FF180091000026D92218004C227BA09B
:205078004F044B0F51F06CF200906D00ED300090404F6D004E24022F02F46D004A2314F0AF
:20509800B700010034F002F46D0063240090FF440B00538420F0910000F8D9FF1CB010FF31
:2050B800D4F23C02A0023C010090094F4C18161F3C0182003E0E82103E0E82203E0F8240DA
:2050D800BE003B800000BE003B000100BE003C1282023C126D00FA1F3C0F6D00431F3C0C7F
:2050F8006D00671F3C096D00CB1E3C066D00B41E3C0382023C013C01009082F282003C1773
:20511800538020F0910000F8D9FF1CB010FFD4FF7D4F0D80538020F0910000F8D9FF1CB01C
:2051380010FF481F370F48203C04C210BF40EAFF3C010090404F40F46DFFB9FF09FFD408A1
:20515800370F6CF0C21F4B0F41F14BF251203C0100906DFFD4FF53C220F060FF9140003FDA
:2051780030F3D93F002849F2080A3C0100906DFFC6FF53C220F060FF9140003F30F3D932A7
:205198000028B0423C0100906DFFB9FF53C220F060FF9140003F30F3D93200283C01009035
:2051B800494F081A3C0554FF345FB015C2F4FF14FCFF02423C0100902010404F0B541088A6
:2051D800026A89A7080909FF4C18161F78033C0140F46DFFB1FFC2188B4860F3370F68F0C3
:2051F80074AF8B1A60F3370F68F0780154AF4B0F61F14BF941503BF026F19B3FA8F34BF5EA
:20521800413082044B5251004B00716182108F461FF06E0D7B0018144B1941104B12511069
:205238004B0171118F411FF06E023C010269821882074B0061014B0241F04B0661014B0F36
:2052580051006B0031F582014B1F01F0AE046B0031B53C056B0031F567FFBFBF4B3B01F046
:2052780016038B0F20F26E028214822D3C39DF2D05808210821E3C0773D70A004B801102EF
:205298008B1000E03C234B0D61A14BA241A0036D0AC04B0C61F14BFA51C06B0C31F5820A92
:2052B8004BAF01F0AE046B0C31A53C056B0C31F567FFBFAF4BAB01F0370F61F16E0602AB9A
:2052D80002D8036D0A900207C2107F0EDEFF4B3B01F016038B0F20F26E023C09C21DF64780
:2052F800736D0AF03BF0FF007FF0C3FF820440F46D00360009FFE00837097000370F0CF022
:2053180089FFA00809FFE20837087000370F0CF089FFA20809F0560854AFC2FF370F68F077
:2053380037F004F089FF160809F05708580137F004F089FF170858026E03DA013C02DA0063
:2053580009F0570837F081F389FF170840F409A40C096D00050082123C010090094F4C1816
:20537800374F05F0894F0C18F6493C01094F4F18370FE1F33C01EEFB3C093C01094F4F18E2
:20539800370FE1F33C01DF1FFBFF0090494F041A3C05145F74FFB015C2F4FF14FCFF02426C
:2053B8003C0100902008F4A4405DD4DFF44F40F46DFF60FE820440F46DFFD2FFDA0009F0ED
:2053D8005A0837F002F089FF1A0809DFC80809F0D408C2FF370F70F037F00CF0ACFA09D4F6
:2053F8006C0840F46DFFBCFF09D4040909D54A0809D64D0809D74C0840F46DFFDFFE02289D
:20541800820440F46DFFACFF09DF7C086E0382103C028200087F370F01F22CF709DF56084B
:205438006E03DA013C02DA0009F05B0837F001F389FF1B0809DF540809F05B0837F081F393
:2054580089FF1B0809DF510809F0590837F083F089FF190809DF530809F05B0837F001F2F2
:2054780089FF1B0809DF550809F05C0837F004F089FF1C0809D0580808CF370F02F32CFC8D
:2054980009DF590809F0500837F002F389FF100809DF500809F0D80837F003F3ACFC09D0E7
:2054B8005A0808DF8BF0200337006800370F04F02CFD09DF5B0809F051088BFF20F3370F6B
:2054D80068F037F004F089FF110809DF520809F05A0837F002F089FF1A0809DCA809BD0CE1
:2054F8007900D4CEBD0E280009C0040809C95D084CE16E2109E4840909E448083700685018
:205518006D00A70D09E4840909E4480802956D00D20DD4E2DA016E0382103C0282000C2731
:20553800370F81F22C27D4E20CEC0920460837F002F02C2609CE8809BD0E1E0009C00C0889
:2055580009C95D084CE16E1709E4840909E44808370068506D007D0D09E4840909E44808F6
:2055780002956D00A80DD4E20CEC0920440837F003F02C2409CE9009BD0E150009C5540853
:2055980009C95D0809E4840909E448080CECA6F56D005F0D09E4840909E4480802956D00DE
:2055B8008A0D09CE9809BD0E150009C55C0809C95D0809E4840909E448080CECA6F56D00C4
:2055D800480D09E4840909E4480802956D00730D09D46C0840F46DFFC3FEDA0089FF0019F6
:2055F80082FF6CFFDA00D4A22C2E09DF6D082E0CDA016E03DA013C02DA0009F0421837F0AD
:2056180001F089FF021809DF6D082E1CDA016E03DA013C02DA0009F0421837F001F189FF05
:20563800021809DF6D082E2CDA016E03DA013C02DA0009F0431837F001F189FF031809DF4A
:205658006D082E3CDA016E03DA013C02DA0009F0431837F081F189FF031809DF6D082E4CAD
:20567800DA016E03DA013C02DA0009F0431837F001F389FF0318DA002C2DDA002C2C09DF74
:205698007D082C2FD20089205409DA006C240C2F82003E0482103E043C0682193C063BC0E3
:2056B80000903C0382093C014CDC6E0C09D4B00909D4AE0802956D008522D4A489428409F5
:2056D8003C0909D4AE0802956D006822D4A4894284094CDE6E0C09D4B80909D4B40802950A
:2056F8006D007022D4A4894288093C0909D4B40802956D005322D4A48942880909D9660844
:2057180009DFE208EE03DF39228040F46DFF31FD09DFE2081420370F68F037F008F0342F00
:205738000C21379F82F12C210C2396022C23DA016E03DA013C02DA0009F0431837F001F2CB
:2057580089FF03180C2196042C2109DFE008EE03DF39228040F46DFF19FD09DFE008142045
:20577800370F68F037F008F0342F0C21379F82F12C210C2396022C23DA016E03DA013C02B3
:20579800DA0009F0431837F081F389FF03180C2196042C2109DFE4086E2140F46DFFDBFC97
:2057B80009DFE4081420370F68F037F008F0342F0C21379F82F12C210C2396022C23DA01F5
:2057D8006E03DA013C02DA0009F0421837F001F089FF02180C2196042C21DA016E03DA0105
:2057F8003C02DA0009F0500837F081F089FF1008DA016E0382103C02820008CF370F81F0C4
:205818002CFC09FF5008960189FF100808CF96012CFC02823C010090F445DA00894F3C089B
:20583800DA01894F2C08DA01AC447B107EF46C41DA032C4ADA002C4CDA032C4DDA00894F47
:205858001008DA01894F1108DA01894F1208DA00894F1308DA00894F1608DA00894F140814
:20587800DA07894F1508DA01894F1808DA01894F1908DA00894F1A08DA00894F1B08DA0010
:20589800894F1C08DA00894FA208DA00894FA008DA00894FA408DA00894F2608DAFF894F4F
:2058B8002D08A00FEC4AA00FEC4EA00FEC4CDA00894FAE08DA00894FB408DA00894F3D0819
:2058D8000090D44F09FF760816013C016E0909FF7E08960189FF3E080C4E96012C4E09FF46
:2058F8007608370F61F13C016E0909FF7E08960489FF3E080C4E96022C4E09FF7708370F97
:2059180061F13C016E0909FF7F08960489FF3F080C4E96042C4E09FF7708370FE1F13C0127
:205938006E0909FF7F08960889FF3F080C4E96082C4E09FF7708370F61F33C016E0909FF8D
:205958007F08964089FF3F080C4E96102C4E0090404F6D00DE1F022F02F46D00DA1E8210E2
:2059780074F002F46D00F51F3C0114FF370FE1F0BA0F3C01DF1FFB7F0090404F6D00C91FDB
:20599800022F02F46D00C51E14F0B700010034F002F46D00DE1F3C0114FF370FE1F0BA0F08
:2059B8003C016EFB0090FF240B00538420F0910000F8D9FF20D010FFD4F23C02A0023C0141
:2059D800009082F282003C17538020F0910000F8D9FF20D010FFD4FF7D4F0D80538020F084
:2059F800910000F8D9FF20D010FF481F370F48203C04C210BF20EAFF3C01009002486DFFBD
:205A1800E2FF914000FFD9FF6008530221F010FF534820F010F23C0100907643DF14098059
:205A3800094F6C28375F02F0894F2C283C42DF240400DF340980094F6C28375F02F1894F40
:205A58002C283C37DF440400DF540980094F6C28375F02F2894F2C283C2CDA0C7E48094F76
:205A78006C28375F02F3894F2C283C23DA0A3E43DA0D7E48094F6D28375F02F0894F2D28B0
:205A98003C18DF640400DF740980094F6D28375F02F1894F2D283C0DDA083E43DA097E487F
:205AB800094F6D28375F02F2894F2D283C0200A00090404F0B451088026A6D00071B022B1D
:205AD8004B8B51406D00DC2A022082033C0782224B200102F6023C05C213DA103FF3F9FFB6
:205AF800DA107FF34B8076A682204B0911029AF03C029AF9370F700009F1E4083701100003
:205B180089F0A408DA018200820137F101133701011789F138198F7300F182005380201099
:205B380082700F10000009F2301982F4C64026020F1F00F0A6F289F230198F8300F18B0F3D
:205B580020F26E0DDA00538F20F0C23F82100FF0000009FF3019A60F89FF301909FF7018DB
:205B780037AF81F389FF3018DA010F3F00F04B0F61F14BFB51203C0282023C01009009408F
:205B980054080C5C8B4FA0F237F001F3894F1408094051080C5C37F002F3894F1108009007
:205BB800404F024F02586D00911A02294BF951406D00662A022082033C0782224B20010282
:205BD800F6023C05C213DA103FF3F9FFDA107FF33F80C2F83708700009F1D41837011000D9
:205BF80089F09418820082118202370201233712012789F238198F7300F1821053802010AD
:205C180082700F10000009F2301982F4C64026020F1F00F0A6F289F230198F8300F18B0F5C
:205C380020F26E0DDA01538F20F0C23F82100FF0000009FF3019A60F89FF3019DA010F3F60
:205C580000F04B0F61F14BF951203C0282023C010090094054080C5C8B4FA0F237F081F338
:205C7800894F1408094054080C5C37F002F0894F14080090404D405FC86C89DC900914CF2D
:205C9800370FE1F0BA0F3C01EE0440C46DFF77FE09FF5C081E1409FF5D086E5CDA018210B6
:205CB8000FF000004CC1260F6E03DA013C02DA003C01EE08DA0182100FF000004CC1A60FC6
:205CD8006CC109FF69086E2248BF6E05C864C8B56DFFC1FFDA0109F07008532F2010C22146
:205CF80082320F1200204CC582F3C632262F0F100000A60F6CC5483F370F70F009C0D418DD
:205D180037F010F089CF94183C064824483540C46DFF48FF09FFF80809C0D01837F010F07E
:205D380089CF901809FF5D186E1409FF5D08EE1109FF7A0809C0741837F003F189CF341842
:205D580009FF7B0809C0741837F082F289CF34183C0109FF5C086E0709FF5D18EE0409FF77
:205D78005D086E644818820182100F1000004CC126F07603DA013C02DA003C01EE088200FC
:205D980082110F0100104CC1A61F6CC109FF5D186E0B09FF5D08EE08484F6E0609FF7A084B
:205DB8005E5248483C0109FF60086E31489F6E05C864C8956DFFE5FEDA0009F06808532F48
:205DD80020F09221DA030F1F00204CC582F3C632262F0F100000A60F6CC509FF740809C098
:205DF800701837F081F389CF301809FF74085E16DA024BF811028BF01F80370870F009C01C
:205E1800E40837F010F089CFA4083C0854F409F6740840C402856DFF4EFE09FFF60809C03A
:205E3800E00837F010F089CFA00809FEA019BD0E2300D4ECBCCF09EF080809C4840909C413
:205E58004808370F68506D000409D4C440C56DFF98FE09EC8409BCCF09EF080809C4840954
:205E780009C44808370F68506D00F308D4C440C56DFFF1FE09FFFE086E2CC86209F07C0840
:205E9800DA010F0F00F009203029A6F089203029C86409F47C0809F57D086DFFC0FDC86462
:205EB80009F47D086DFFACFD09F0401809FFFE081421370F68F037F108F0342F0C21370F0B
:205ED80082F12C210C2396022C230C2196042C2109FFC4186E2CC86209F04218DA010F0FCC
:205EF80000F009203029A6F089203029C86409F4421809F543186DFF92FDC86409F4431825
:205F18006DFF7EFD09F0461809FFC4181421370F68F037F108F0342F0C21370F82F12C21BE
:205F38000C2396022C230C2196042C2109FFCA186E2CC86209F04818DA010F0F00F0092006
:205F58003029A6F089203029C86409F4481809F549186DFF64FDC86409F449186DFF50FD40
:205F780009F04C1809FFCA181421370F68F037F108F0342F0C21370F82F12C210C23960272
:205F98002C230C2196042C2109FFD0186E2CC86209F04E18DA010F0F00F009203029A6F072
:205FB80089203029C86409F44E1809F54F186DFF36FDC86409F44F186DFF22FD09F05218B6
:205FD80009FFD0181421370F68F037F108F0342F0C21370F82F12C210C2396022C230C21ED
:205FF80096042C2109FF5C0889DF140849FF141A49D2180AA02444FF642FFC4E0090206803
:20601800910000F8D9FF3CB049FF000A49A2000AC506180044FF642FFC6E49AF000A494224
:20603800000AC506180044FF642FFC6E894598090090404F09FF5408DF1F3780C842DA0090
:206058008210820137F10113370101178921381909FF6108EE28487F6E1BC842821009FF11
:206078006008532020008B80001082300F1000000922341982F3C63026020F1F00F0A6F260
:2060980089223419C844C8756DFFE5FD3C0BC842DA008210820137F18110370181148921E9
:2060B80038193C013C0109FF54086E0409FF61086E32C842DA018200820137F101133701B8
:2060D800011789213819486F6E1BC842820009FF6008532020008B80001082300F100000DA
:2060F8000922341982F3C63026020F1F00F0A6F289223419C844C8656DFF43FD3C0BC84F8C
:20611800DA018200820137F181103701811489F138193C010090404F40F46D002F00825038
:206138004DC0E1FF16073C013E289110003030F3D933C04F54313C034D00D01F3701E2F081
:206158005E1382003C173701E2F0EE13534220F060FF9130003F30F3D93F1436081F160709
:206178005E1382103C05081F16075E3282203C02825002023C010090822282003C17538020
:2061980020F0910000F8D9FF30D010FFD4FF7D4F0D80538020F0910000F8D9FF30D010FFE8
:2061B800481F370F68203C04C210BF20EAFF3C010090404F024F40F46DFFE0FF02286E03F1
:2061D8001E325E4382093C0282195E23821A3C02820ADF1949804DC0E1FF16073C015F8F75
:2061F80028006D00AA1B022802846D00BA1A913000CFD9CC143640F46DFFC0FF534220F0B9
:2062180010C2142F37AF02F0342F02846D00C81B9110003030F3D933C04F543FB72F82F046
:206238009110003030F3D933C04F743F3C1C6D00701B022B02B46D006C1A913000FFD9FFC6
:206258001436534820F010FF9130002FD9221436534820F01022142F37AF02F034FF02B40C
:206278006D00771B02923C01009082124DC0E1FF16073C01FF2F0B80538F20F0910000F897
:20629800D9FF30D010FFD4FF3C02A00F3C017DF4048082023C109110003030434933088AEB
:2062B800543F06F4374F9FF09110003030434933088A743F3C010090404FDA0140F46DFF48
:2062D800D6FF262F40F46DFF28FFF626821440F46DFF71FF262F02F23C010090913000FF1D
:2062F800D9FF004654FF370F6EF18FFF83813C01911000A7D9AA408F0D0080043B0098F0B3
:20631800CD4FE00F0D00C0044D00E0FFB70F14F0CD0FE00F0D00C00482117617DA00960166
:20633800CD4F20090D00C0044DC0E1FF8F7F00213C01913000FFD9FF004653C220F010FFC4
:2063580054F037006E018FF083313C01913000FFD9FF004653C220F010FF54FF2E1B8F236B
:2063780020F0960154F0370070088F002100A6F074F08F2320F0960254F0370070088F00E5
:206398002100A60F74FF3C0154FF1601DF1FFE7FDA00761382003C028210370F81F0CDCF72
:2063B80020090D00C004913000FFD9FF004653C220F010FF54FF2E1B8F2320F0960154F080
:2063D800370070088F002100A60F74FF86238F3340F154F0370070088F002100A60F74FFB7
:2063F8003C0154FF6F0FFF7F0D00C00482114DC0E1FF8F7F00213C01913000FFD9FF00465E
:2064180053C220F010FF54F037006E018FF083313C01913000FFD9FF004653C220F010FFC4
:2064380054FF2E1B8F2320F0960154F0370070088F002100A6F074F08F2320F0960254F014
:20645800370070088F002100A60F74FF3C0154FF1601DF1FFE7FDA00761382003C028210C6
:20647800370F81F0CD0F04090D00C004913000FFD9FF004653C220F010FF54FF2E1B8F2333
:2064980020F0960154F0370070088F002100A60F74FF86238F3340F154F0370070088F0054
:2064B8002100A60F74FF3C0154FF6F0FFF7F0D00C004913000FFD9FF004654FF2E1B8F28ED
:2064D80020F0960154F0370070088F002100A60F74FF8F2820F0960254F0370070088F0051
:2064F8002100A60F74FF3C0154FF1601DF1FFE7F910000F8D9FF004080FFCD4FE20F0D00DF
:20651800C00491F000F8D9FF000480FFCD0FE20F0D00C004911000F7D9FF80CF80FFCD8F93
:20653800E20F0D00C004913000FFD9FF004654FF2E1B8F2820F0960154F0370070088F0027
:206558002100A60F74FF8F2820F0960354F0370070088F002100A60F74FF3C0154FF6F0FA1
:20657800FF7F91000000D900000091000010D911000091000080D988000091000090D9998B
:206598000000911000F7D9FFC00F91100027D922C001A004802080FFA2F0DA404BF0114223
:2065B80082003C1E80FFB70F1CF08F4F1F1080FFBBF0FF2F0662262F06AFA6F1F606CD81DE
:2065D800E30F0D00C0043C0274419AD47E05CDC1E30F0D00C00440F449FF001AC2103F40C4
:2065F800E3FFDA00744F6D00A819022F02846D00E71802F46D0028196DFF39F56D009D1952
:20661800913000FF19FF30366F1F12008F2220F09601913000FF19F03036370070088F00BF
:206638002100A60F913000FF59FF303686228F2240F1913000FF19F03036370070088F00F7
:206658002100A60F913000FF59FF30363C01913000FF19FF30361601DF1FFB7FDA00913029
:2066780000FF59FF181691000048D94458F16D00AB159130884F910000F8D9FF68A680F496
:206698006DFF1CFE911000F8D9FFC04CDC0F0090913000FFD9FF0C4654FF370F6EF18FFFF4
:2066B80083113C01912000A6D9AA408B0D0080043B0098F0CD4FE00F0D00C0044D00E0FFF0
:2066D800B70F14F0CD0FE00F0D00C00482127627DA009601CD4F20090D00C0044DC0E1FF97
:2066F8008F7F00313C01913000FFD9FF004653C320F010FF54F037006E018FF083413C0189
:20671800913000FFD9FF004653C320F010FF54FF2E1B8F2420F0960154F0370070088F00D6
:206738002100A6F074F08F2420F0960254F0370070088F002100A60F74FF3C0154FF160159
:20675800DF1FFE7FDA00762382003C028210370F81F0CDCF20090D00C004913000FFD9FFFC
:20677800004653C320F010FF54FF2E1B8F2420F0960154F0370070088F002100A60F74FFC5
:2067980086248F3440F154F0370070088F002100A60F74FF3C0154FF6F0FFF7F0D00C0041B
:2067B80082124DC0E1FF8F7F00313C01913000FFD9FF004653C320F010FF54F037006E01C7
:2067D8008FF083413C01913000FFD9FF004653C320F010FF54FF2E1B8F2420F0960154F0D4
:2067F800370070088F002100A6F074F08F2420F0960254F0370070088F002100A60F74FF02
:206818003C0154FF1601DF1FFE7FDA00762382003C028210370F81F0CD0F04090D00C00408
:20683800913000FFD9FF004653C320F010FF54FF2E1B8F2420F0960154F0370070088F00B5
:206858002100A60F74FF86248F3440F154F0370070088F002100A60F74FF3C0154FF6F0F60
:20687800FF7F0D00C004913000FFD9FF0C4654FF2E1B8F2120F0960154F0370070088F0052
:206898002100A60F74FF8F2120F0960254F0370070088F002100A60F74FF3C0154FF1601CD
:2068B800DF1FFE7F91F000F8D9FF000680FFCD4FE20F0D00C00491F000F8D9FF000480FFBD
:2068D800CD0FE20F0D00C004912000F6D9FF80CB80FFCD8FE20F0D00C004913000FFD9FF03
:2068F8000C4654FF2E1B8F2120F0960154F0370070088F002100A60F74FF86218F3140F1D8
:2069180054F0370070088F002100A60F74FF3C0154FF6F0FFF7F91000000D900000091000D
:206938000010D911000091000080D988000091000090D9990000912000F6D9FFC00B912045
:206958000026D922C00DA004802080FFA2F0DA404BF0114282003C1E80FFB70F1CF08F4F29
:206978001F1080FFBBF0FF2F0662262F06AFA6F1F606CD81E30F0D00C0043C0274419AD401
:206998007E05CDC1E30F0D00C00440F449FF001AC2103F40E3FFDA00744F911000F8D9FF34
:2069B800105DDC0F0090DA000950DA08370F0EF009505C08370F03F809505D08370F81F902
:2069D80009505E08370F01FA09505F08370F83FA09506108370F01FE09506008370F03FC0F
:2069F8006C45820109506408370103100950650837018111095066083701041409506B08C8
:206A18003701011A09506708370103120950680837018113095069083701041609506C0878
:206A38003701811A09506A083701041809506D083701011B09506E083701011C09506F0836
:206A58003701811C095F70086E0382203C028200095F71086E03DA013C02DA00A6F0370183
:206A7800021D095F720837F1041E095F730837F1811B89411009095F06096C42095F0A0989
:206A98006C43095F16096C41095F1209744F095F6A086E0A095F6A081E17095F6A081E2438
:206AB800095F0E096C460090F4450090404F405CD4C2D42DF4FD09CF04082CF409CF040899
:206AD800530F22F010D2D9220002E822C82440C56DFF6BFF820009CF63086E05DA0137F040
:206AF80001083C04DA0137F0810809FF0408534F20F010D25920C08109CFF4086E22D4F21E
:206B180009FF0408BC21534F20F060FF9140003F30F3D93F40483C0109C0760809CFF40830
:206B380014F1370F68F037F108F034FF081F370F82F12CF1083F96022CF3081F96042CF16E
:206B580000902038910000F8D9FF00E049FF000A49A2000AA0D644FF642FFC6E49AF000AF5
:206B78004942000AA0D644FF642FFC6EF4450090404F6D00CE16022F02F46D00CA1591A065
:206B9800003030F3D933C04F5430B700010091A0003030F3D933C04F743002F46D00D9169E
:206BB80000906D007B12913000FF39FF3506370F64F24B0F41F14BF251203C013C01009020
:206BD80037046800DA084BF00102DA0203F10AF6370F68F0DF15068082220FF210203C04DD
:206BF80082120FF210203C010090404F026F82066DFFE8FF6E04681268223C026812009052
:206C1800404F026F82066DFFDDFF6E04684268523C0268420090404F3B0001606DFFD2FFD6
:206C380074F20090404F024F0269820602F46DFFC9FF02283B0001600BF910486DFFC2FFFA
:206C58008F0201F0A6F868680090DA01744F0090804F53042800420F60FF3C0148423C016C
:206C78000090BC41DA024BF50102534020F053042100600F9140003F30F3D93FC06910F250
:206C98003C010090804F53042800420F60FF3C0168550090804F53042800420F60FF3C014C
:206CB80068350090804F53042800420F60FF3C0168450090804F53042800420F60FF3C01DC
:206CD80068250090804F53042800420F60FF3C01481F375F02F06CF10090804F530428001A
:206CF800420F60FF3C014890DA006CF948BF375F02F06CFB68907663DA013C02DA0037F097
:206D180001F0767382103C028200370F81F06CF90090804F53042800420F60FF3C01DF1554
:206D3800048082103C028200481F370F81F56CF10090404C405F8218D4F2F4C2084F2CC4CD
:206D5800084F3B008000E20FD4F21022911000303023D93D000D89CD880909FF05082CC5EC
:206D780049DE001A89CE8C0909FF52085E1709F40508821540E46DFF50FF09F405088215D6
:206D9800821640E46DFF50FF09F4050809F5500840D46DFFC0FF09F40508086540D46DFFCE
:206DB80093FF487F6E08C87409F4600809F561086D00240109FF54081E1509FF5508DF1F58
:206DD800278009F4050809F5560809F6540809F7550840D46DFF83FFD4F4084409F50508B5
:206DF8006DFF41FF09F0570809FFD8081421370F68F037F108F0342F0C21370F82F12C2106
:206E18000C2396022C230C2196042C2109FF52085E1E09F40508482540D46DFF4DFF09F412
:206E38000508483540D46DFF37FF3C0D09F40508482540D46DFF38FF09F40508483540D4E8
:206E58006DFF22FF09F405088215820640E46DFFCEFE09F405088215820640E46DFFD2FE7F
:206E780009FF53085E1509C48C096DFFF0FE02823C010090F445DA002C44DA002C45DA145B
:206E98006C42DA0A6C43DA01894F1008DA022C46DA00894F1108DA00894F1208DA01894F36
:206EB8001308DA00894F1408DA00894F1508DA02894F1608DA00894F1708DA00AC4CA00FDE
:206ED800EC47DA80894F2008DA00894F21080090404F024FC83409F40508821502F66DFFC1
:206EF80086FEC83409F40508821502F66DFF8AFEC8346DFFACFE0090404F024FC83409F4F2
:206F18000508820502F66DFF72FEC83409F40508820502F66DFF76FEC8346DFF98FE0090FE
:206F3800594400C00090194F08C0370F78F04B0F41F1194004C0370078004B0041014B0F2F
:206F580051F06D0006004BF241203C0100906DFF2AFE3C010090404F0B54108840F46DFF73
:206F7800E4FF4B8251007B00F8136B0131004B0071814B0861116B0131007B00F0134B105D
:206F980001F0370F61F16E02C2186D00C214022A02A46D00BE13DA00BE90DA013E9EDA02F8
:206FB8003E9CDA033E9ADA043E98DA053E96DA06BE91DA07BE963C1C534920F010F25349BD
:206FD80020F010FF19FF0CC0378F18F0592F0CC03C1019FF24C0378F18F059FF24C03C09DD
:206FF80019FF28C0378F18F059FF28C03C023C0102A46D00AE140090404F0258481F8FCFDD
:207018001F00481F160F532F2020082F0F2F001082330F23003091A0012FD922F04F534021
:2070380020F01022542F82F0C630260F2631A61F742FC82408CF09F55008A64502F46D00B0
:207058000800C82408C402856D0035000090404F0B4510A849FC100A82404B0A01828F3A46
:2070780000F1538F20C09140002FD922000E7D2F15806D004E14022F02F46D004A1309F042
:20709800201982110FA1101082F2C621261089F0201902F46D005D14534820F010CFDAFFC2
:2070B8000FCF00F00FCB10B002F302B249F240080090404F0B4510886D002B14022A02A49F
:2070D8006D00271349FF001ADA084BF801028F7800F1534F2040534020F010FFDA0F0F4F74
:2070F80000F00F49109002F3029249F2400802A46D002F1400902020404CDA084BF401822E
:207118006D00F20E534920F010A2534920F010CF488F742F09CF500816FFC21F4B0F41F1D5
:207138004BF25100534920F010AF14FF163FC21F4B0F41F14BF05100534920F010AF14FF5F
:20715800370F62F39211534920F010AF081F160342F1534920F010AF081F370F62F142F19D
:207178004B0141F14BF051203C01009020080248405F3705E8FB8B0F20F26E01820949A63B
:20719800000A028440F56D003900DA0037F9019014AF37F983900CA137F903920CA237F97B
:2071B80083930CA337F903950CA437F983960CA537F90398081FAE63DA003C02DA0137F95A
:2071D8008199DA0037F9019A14FFAE53DA003C02DA0137F9819ADA0037F9019B09FFC00810
:2071F800370F66F3C2FF370F70F037F9859B3789049E02923C010090406C82088209DA08BB
:207218004BF40122094F500816FF9210534320F0104F09FF6008163FC21FE2F0534320F06A
:20723800104F09FF6008370F62F39211534320F0104F09FF6108160342F1534320F0104F62
:2072580009FF6108370F62F142F173100AA0B025405D820B3C4E534B20F010DF54FFE2AFA2
:207278004B0F61F17B0000044B0F51C0820D820E3C328210532E20F00FF010004B0041F124
:207298004BFC51F07B00F0036B00214F6D00CA1EFF922180532E20F00FF210F04B0F41F160
:2072B8004BCF01F016068B0F20F26E09C2F28B0240F3370F689002E8821D3C0FFF820B80DA
:2072D8009A12C2FF8B0F40F3370F689002E8821D3C04C21EBF8ECFFFF6D382798278532B1E
:2072F80020F010CF2819532B20F010CF34F8C21BBF3BB3FF0090404C405F7641820854CF05
:207318006E016D00F10D3C0109CF500816FFC21F4B0F41F14BF251F03C017B00F8034BF020
:20733800513048103B800040821502463700E81BBA016E037B00F8037B00F8134B01517013
:207358003B0040929B499794024A3C4D4B0A41014B0341004B0751107B00F0236B0221111E
:207378004B0131B1DA407FBF05003B0004B03C0973AB0A10FF410400822B3C034EB2821B31
:207398004B0B41114B1041006B07311082024B2101F0AE046B0731003C056B0731F067FF6E
:2073B800BF0F4B9001F06F2F1E804B9001F0AE264B9001F0AE036F060580020902A602B55E
:2073D8006F061180DA004BF001F0AE27DA004BF001F0370F61F06E03DA003C02DA016E0243
:2073F8003C04C2FAFF2AB47F3F5409006F0607006F050580025F026502F6DA024BF601220C
:207418009AD2370F4800C2F5370568F037F80680DA024BF601421A52C2FF370F68F037F800
:2074380002838E03020F3C02DA0037F802858E0382323C01370268F037F80284088FAE43EF
:20745800DA013C02DA0037F80186088FAE33DA003C02DA0137F88186089F370FE1F237F8DB
:20747800018702823C0100900248BC416D003C0DDA004BF801F0AE217B0008F44BF841F056
:207498004BF251004B0031F14B0F41F16B0F31F07B00F0134B1F01F0AE244B0031F13C045A
:2074B8004B0031F1C21F8B1F40134B0161F14BF251F06B0F31F882004B0F01F0AE084B01DB
:2074D80061F14BF251F06B0F31583C094B0161F14BF251F06B0F31F867FFBF5F82463C2C09
:2074F8004B0661F14BF841F04BF251F07B00F0036B0021FF4B0F710173600AF04B0F61F1A1
:207518004BF251306B0331F882044B4F01F0AE046B0331383C056B0331F867FFBF3F4B538A
:2075380001F0AE247603023502013705E8FB6E02F6023C06C2163B801FF07F6FD3FFC2F1DF
:207558008B0140233C010090FF440B00538420F0910000F8D9FF54E110FFD4F23C02A002D7
:207578003C01009082F282003C17538020F0910000F8D9FF54E110FFD4FF7D4F0D80538056
:2075980020F0910000F8D9FF54E110FF481F370F48203C04C210BF40EAFF3C010090494FAA
:2075B800102A3C0554FFB45FB025C2F4FF14FC7F0090494F102A3C0554FF745FB045C2F445
:2075D800FF14FC7F0090494F102A3C0554FF345FB015C2F4FF14FC7F0090DA010F4F10F0AA
:2075F800370F70F009410819765737017008A6F0370110183C083701700882F2C6F2262089
:2076180037011018766737017000A6F0370110103C083701700082F2C62F26F037011010BC
:20763800894108190090DA084BF40102534120F0104F49FF241A3C06095FC00874FFB02550
:20765800C2F5FF15FB7F0090DA084BF40102534120F0104F49FF241A3C05545F74FFB04534
:20767800C2F5FF15FC7F0090DA084BF40102534120F0104F49FF241A3C05145F74FFB01583
:20769800C2F5FF15FC7F0090094F4518EE047B1000F03C02DA01CC4D094078080F0F10F0C1
:2076B8006CF10090094288093C010090094F4518EE03DA013C037B1000F0CC4D09407808FF
:2076D8000F0F10F06CF10090404F405C406D0248D4FE40E46D008F050229DF093680ECE2D7
:2076F800084F96012CF4E84CA8A8821089F00718E86DA8E848FF6E05C8F240F42D020000FA
:2077180009FF49181E1409FF49185E3540F46D0047093C1A09FF4918DE4209E2A80909E461
:20773800A809094FD818C2F837087000370F10F0892F981840F46D0033093C06C8AF09E49E
:2077580088092D0F000002923C01009082020C44AE04D44F481F6E0282123C0100902010D2
:20777800404C405DD4D2D42FF802C8AFF801D4DFF4CF0CC4B70F01F02CC409DF640889CF1C
:20779800081809DF650889CF091809DF260989CF0C1909DF2A0989CF10190CD8370F61F137
:2077B800D80109F0510837F0010389F0110849DF1C0AF4AF5E1754FFEE05DA0089CF0418CF
:2077D8003C07CCD7481F370F68F089CF041809C04418DA084BF00182534920F009A4840987
:2077F800104F029440D56DFF88FD022F6CF809C4441849D5080A4CD109A4840902F56DFFCE
:20781800B7FC022F6CCC821009CF44180FF000008F0001100CD9AE43DA003C02DA0109C439
:2078380044180F4F10F0D80149FF081A8F000140A640A6F10203021249F2400809CF7308F7
:20785800370F64F28F7F004109A484096DFF55FC4B0231F189CF0A09D4AF54FFEE07A00FDA
:20787800ECCFA00F89CF80193C46D4FF09F2C80989C2F4090CD9370F61F289CF05180CD855
:207898006F1F2280910000F8D9FF60A7ECCF910000F8D9FF44B789CF801940C46DFF08FFB9
:2078B800D4AFD4FF09D5600809DA6108DA80C82408C4A6F56DFFCDFBC82408C402A56DFF1C
:2078D800FAFB3C19A00FECCFA00F89CF8019D4A2D42F09D5600809DA6108D422092F5008AB
:2078F800C82408C4A6F56DFFB4FBC82408C402A56DFFE1FB09DFC808370F66F389CF06188E
:20791800911000F8D9FF0EB8ECCA911000F8D9FF1C88ECCBD80209FF46186E119110002F07
:2079380009F00518534920F0D80110FF49FF241A530022F0102280FF592F0C0282023C0192
:207958000090404C40C46D00D01AA00FECC7DA8089CF2008DA0089CF2108A00FECC7DA00C5
:2079780089CF2008DA0089CF2408DA0289CF250882FF89CF2609DA0089CF2A090090204053
:20799800404C405DCCD5F80F6D00C30F022802846D00BF0E14FFB70F01F034FF09DF580890
:2079B8006E03DA003C02DA0114F037F081F134FF02846D00CE0F820809D4100909A4BC09B9
:2079D8006DFF54FD370268F037F80880DA0F37F80485DA0037F8828C09DF59086E03DA013D
:2079F8003C02DA0037F8818DDA0137F8048E68484CD489CF0819820009DFC6086E043BF060
:207A18001FF03C02DA0037F00900820109DFC408EE0409DF66086E02821137108104820126
:207A380009DFC208EE0409DF66086E0282113710010509DF5B0837F0020809DF5C0837F0F5
:207A5800020909DF680837F0020D09DF690837F0020E685009DEA009BD0E3B00D4EFBCFF19
:207A78000CE409E85508C814088408C5A6F56DFFF0FAC814088402856DFF1DFBCCE2BCFFAE
:207A98000CEC09E85508C814088408C5A6F56DFFE0FAC814088402856DFF0DFBCCE4BD0F93
:207AB800180009EF140809E85508C8140884370F68506DFFCEFAC814088402856DFFFBFA4A
:207AD800D4F2D4F40C4408C0370F03F02C24D80FECCAF4CCDA006CC1A00FECC2910000F815
:207AF800D9FF60B7ECC5910000F8D9FF64D7ECC609DF66086E0C910000F8D9FFC6B7ECC71F
:207B1800910000F8D9FFFA87ECC83C0B911000F8D9FF3078ECC7911000F8D9FF1678ECC8F1
:207B3800911000F8D9FF3828ECC909DF6608DF0F8C00DA0189CF061849A4000A9110005F8F
:207B58006DFFB4F749A4040A49A5000A6DFFFBF709DF250889CF051809CF05182CA8DA0078
:207B780089AF2708DA0189AF3408DA0089AF0A09DA0089AF2A08DA0089AF2F08DA00ACAF50
:207B9800DA0089AF2308D80F49FF241A80FF89AF0E09DA0089AF2D08DA0189AF3008DA00E9
:207BB80089AF2108DA0089AF2208DA0089AF20080CD889AF3A0809DFC40889AFB80849C4BF
:207BD800380A49A5040A6DFF73F709DF240889CF041809CF04182CA8DA0089AF2708DA010D
:207BF80089AF3408D80F49FF102A80FF89AF0A09DA0089AF2A08DA0189AF2F08DA0089AF26
:207C18000E09DA0089AF2D08DA0089AF3008DA00ACAFDA0089AF2108DA0089AF2208DA001E
:207C380089AF2308DA0089AF20080CD889AF3A0809DFC20889AFB80849C42C0A49A5040A48
:207C58006DFF36F73C04DA0089CF0618BBF0FFFFD80F89FF141909CF46186E4509A4BC0943
:207C78006DFF82FC914000FFD9FF1068538221F010FF3C01823009DF2508370F70F014F13E
:207C9800370F68F037F108F034FF081F370F82F12CF1083F96022CF3081F96042CF109A455
:207CB800BC096DFF61FC914000FFD9FF1068538221F010FFB04F3C01823009DF2408370FC1
:207CD80070F014F1370F68F037F108F034FF081F370F82F12CF1083F96022CF3081F96047A
:207CF8002CF13C6D09DFC4086E2109A4BC096DFF3BFC914000FFD9FF1068538221F010FF39
:207D18003C0109D0480809DFC40814F1370F68F037F108F034FF081F370F82F12CF1083FF7
:207D380096022CF3081F96042CF109DFC2086E2209A4BC096DFF18FC914000FFD9FF106842
:207D5800538221F010FFB04F3C0109D0480809DFC20814F1370F68F037F108F034FF081FE2
:207D7800370F82F12CF1083F96022CF3081F96042CF109DFC6086E2309A4BC096DFFF4FB25
:207D9800914000FFD9FF1068538221F010FF49FF080A3C0109D0480809DFC60814F1370FF5
:207DB80068F037F108F034FF081F370F82F12CF1083F96022CF3081F96042CF1D80F09FF38
:207DD8005308960189FF13080090404F405C40F46D00D718E85CDA0089FF1808DA0089FF83
:207DF8001908DA0089FF1A08DA0089FF1B08DA0089FF1C08DA0089FF2808DA0089FF290896
:207E1800A002E88282FF89FF240882FF89FF2508DA0089FF2608BB00C2FB9BEFC3F46CF42A
:207E38000090911000CF094804186DFF3DFC402F530822F010C2392F1E02370F61F18B0FB0
:207E58002002DF100D80530822F010C2530822F010C4394F1F029604E92F1F023C01DF0054
:207E7800110009FF00196E0609F2801940F42D020000084FB70F01F02CF4D4F46D001A02CE
:207E9800530822F010CF39FF1E02370FE1F18B0F20F25E1C530822F010CF530822F010C25D
:207EB800392F1F029604E9FF1F023C010090404C40C46DFFF9FB402F9110005F09C105186B
:207ED80009C6A80949F7100A530122F01052392F1E02370FE1F18B0F2002DF100D805301BC
:207EF80022F01052530122F01054394F1F029604E92F1F023C01DF001A00530122F0105FA5
:207F180039FF1E02370F61F18B0F20F25E1C530122F0105F530122F01052392F1F02960473
:207F3800E9FF1F023C011D00BC0009FF49181E1509FF4918DF3F2580530122F0105F39FF35
:207F58001E02370F61F18B0F20F25E1C530122F0105F530122F01052392F1F029604E9FF83
:207F78001F023C01534120F0105F534120F01052392FC2819602E9FFC2811D00920009FF4D
:207F98004918DF4F2480530122F0105F39FF1E02370F61F18B0F20F25E1C530122F0105FD6
:207FB800530122F01052392F1F029604E9FF1F023C01534120F0105F534120F01052392FF7
:207FD800C2819602E9FFC2813C6B530122F01052392F1E02370F61F18B0F2002DF100D80BC
:207FF800530122F01052530122F01054394F1F029604E92F1F023C01DF00530088AFBF2FC7
:208018005000530122F01052530122F01054394F1F029604E92F1F02534120F01052534150
:2080380020F01054394FC2819602E92FC281547FEE0C48CF8210370F01F0896F201909FF10
:208058000C19896F24193C2C48CF8210370F01F0896F201909FF4618FF9F0A80D47288AF2A
:20807800102F09FF7FF8896F24193C1A09F04618DA103F0F0D8088AFC2FF532F20F0D47FA6
:2080980010FF09FFC008896F24193C0A88AFC2FF534F20F0D47F10FF54FF896F241900904A
:2080B800404C09C2A809092FC0188FFF1F813C01BBF0FF0F8920141940C46DFFF5FA402FC8
:2080D800911000DF6F08070009FF4A18960189FF0A186F18070009FF4A18960289FF0A18A5
:2080F8006F28070009FF4A18960489FF0A186F78070009FF4A18968089FF0A186F38070056
:2081180009FF4A18960889FF0A186F48070009FF4A18961089FF0A186F58070009FF4A18E5
:20813800962089FF0A186F68070009FF4A18964089FF0A18DF08110009FF00196E0609F277
:20815800801940F42D020000084FB70F01F02CF4D4F46D00AF0009CF46186E3109C004183F
:20817800530022F010DF39FF1E02370F61F18B0F20F25E1C530022F010DF530022F010D2E2
:20819800392F1F029604E9FF1F023C0109C00518530022F010DF39FF1E02370F61F18B0F9A
:2081B80020F25E1C530022F010DF530022F010D2392F1F029604E9FF1F023C010090404FF8
:2081D80040F46DFF71FA0925AC0940242D050000484FC21F6CF40090404F40F46DFF64FA0E
:2081F8000925A80940242D050000483FC21F6CF30090DA01494F0408EE0382023C028212D5
:208218003C010090404FD4F2D4220924A80949FC180A094F4218370FE3013C0188EF0B0F3F
:2082380080F1370F508054CFEE0A82003C05094110293C01C2103F80FC7F3C2609F046183C
:20825800FF900B80D4C502846DFFBFF9D4C201280026F4C23C1909F04618DA103F0F0C809E
:20827800D4C502846DFF9DF9532820F0D4C21022F4C23C0AD4C502846DFF9DF9534820F0AA
:20829800D4C21022F4C288EFA28FACFE88EFEE1009FF00196E0609F2801940F42D020000F5
:2082B800084FB70F01F02CF4D4F46D0003000090DA006C4100902008404F49FD100AD4F2BC
:2082D800D42C09CF4618DF0F7E02911000EF09C4A809F4A46DFF48F9538221F03C0109C89B
:2082F800051809C904184DC0E2FF370FE1F78B0F20A23C010D00400300003C0188AFBF2F04
:20831800E50088AF92F0530822F010E2530822F010E4B94F140237007000370F0EF0F92FB6
:20833800140209FF4618FF9F10808200530822F010E2530822F010E4394F1602370F83F2DE
:20835800E92F16023C2109F04618DA103F0F10808210530822F010E2530822F010E4394F7F
:208378001602370F83F2E92F16023C0E8220530822F010E2530822F010E4394F1602370F50
:2083980083F2E92F160254DFEE4049F20C1A802FB70F1C007B0000FDFE014DC0E1FF16074C
:2083B8003C0149F20C1A8020B7000C0AB770030E7B000011E21FA2F03C0449F20C1A802002
:2083D800530822F010E259200802820082118222530822F010E21923100237030330371386
:2083F800813137230434530822F010E259231002530822F010E2530822F010E4394F1202D8
:208418009610E92F12023C3A54DFB70F1C007B0000FD7E0F4DC0E1FF16073C0154D0B700C0
:208438000C0AB770030E7B000011E21FA2F03C0254D0530822F010E259200802820082115E
:208458008202530822F010E219231002370303303713813137230434530822F010E25923FD
:208478001002530822F010E2530822F010E4394F1202B70F01F2E92F1202D4A24922241A72
:20849800530822F010E4802F594F0C02820082118202530822F010E2192310023703033249
:2084B8003713813337230436530822F010E259231002530822F010E2530822F010E4394FDD
:2084D8001F029604E92F1F0288A0530922F010E2530922F010E4B94F140237007000370F9B
:2084F8000EF0F92F140209FF4618FF9F10808200530922F010E2530922F010E4394F1602B0
:20851800370F83F2E92F16023C2109F04618DA103F0F10808210530922F010E2530922F07C
:2085380010E4394F1602370F83F2E92F16023C0E8220530922F010E2530922F010E4394F6E
:208558001602370F83F2E92F1602486FEE4049F2101A802FB70F1C007B0000FDFE014DC0A1
:20857800E1FF16073C0149F2101A8020B7000C0AB770030E7B000011E21FA2F03C0449F205
:20859800101A8020530922F010E259200C02820082118222530922F010E219231002370371
:2085B80003323713813337230436530922F010E259231002530922F010E2530922F010E42C
:2085D800394F12029620E92F12023C3B486FB70F1C007B0000FDFE004DC0E1FF8F7F000183
:2085F8003C01486FB70F0CFAB77F031E7B0000F1E2F0A2013C024861530922F010E25921AA
:208618000C02820082118202530922F010E219231002370303323713813337230436530990
:2086380022F010E259231002530922F010E2530922F010E4394F1202B70F81F2E92F1202CD
:20865800530922F010E2530922F010E4394F1F029604E92F1F02BBF0FFFFD4A4894F14199E
:208678006DFF82F79140002FD9221068538221F010223C010C2396022C23D4A46DFF74F7D0
:208698009140002FD9221068538221F01022B0423C010C2396022C23D4A46DFF65F79140E1
:2086B800002FD9221068538221F010224922080A3C010C2396022C23530922F010E253095C
:2086D80022F010E4394F1F029604E92F1F02534920F010E2534920F010E4394FC281960160
:2086F800E92FC28188AFBF2F2B00530822F010E2530822F010E4394F1F029604E92F1F027B
:20871800534820F010E2534820F010E4394FC2819601E92FC28109FF4818EE0948CF820050
:20873800370F01F0D4AF89FF20193C0848CF8210370F01F0D4AF89FF20193C3F54DFEE0E94
:2087580048CF8210370F01F0D4A2892F201909FF0C19D4AF89FF24193C3048CF8210370FEA
:2087780001F0D4A2892F201909FF4618FF9F0B80D4D288AF102F09FF7FF8D4AF89FF241917
:208798003C1C09F04618DA103F0F0E8088AFC2FF532F20F0D4DF10FF09FFC008D4AF89FF25
:2087B80024193C0B88AFC2FF534F20F0D4DF10FF54FFD4AF89FF241976A30D0000031D00D0
:2087D800EE0088AFBF1FEB00D4F2D422092CA80909FF7308370F644209CF421816073C01F6
:2087F8008B4F000109FF47185E12C2F088AF7E02C2F088AF0B0F80F1370F5080BF18CF0016
:2088180088AF5280A8A088AFEE0382113C02820109FF4718DE11BF28100088AF6E0D4DC067
:20883800E20F3700E1078B0020923C010D00400300003C013C084DC0E20F3700E1078B001D
:2088580020923C0109FF4718DE14820089F0071809FF4818EE0848CF8200370F01F089CF18
:2088780020193C0748CF8210370F01F089CF201954DFEE1E09F00C19DF01130082013C04E0
:2088980089C02419C2119AF83FF1FC7F48CF8211371F01F089CF201989C024193C08DA0004
:2088B8003C0489C02419C21F3F8FFD7F3C7409FF4618FF9F2480DF011800BF280800D4D5C7
:2088D8009AF840C402F56DFFD1F648CF8210370F01F089CF2019D4DF01F800F609FF7FF82E
:2088F80089CF24193C06D4D540C402856DFFBEF6D4DF01F800F6F4DF3C4E09F04618DA10F5
:208918003F0F2780DF011A00BF280800D4D59AF840C402F56DFF89F648CF8210370F01F060
:2089380089CF2019C2F8532820F0D4DF10FF09FFC00889CF24193C0BD4D540C402856DFF3B
:2089580074F6532820F0D4DF10FFF4DF3C24DF011900BF280800D4D59AF840C402F56DFF8B
:2089780075F648CF8210370F01F089CF2019C2F8534820F0D4DF10FF54FF89CF24193C0BAD
:20899800D4D540C402856DFF61F6534820F0D4DF10FFF4DF76930D00000300902008404D2A
:2089B80049DF100AD4D2D42C8CDA82404B0F0102F6188CDA82404B0F0102370068F03C08CC
:2089D8008CDA82404B0F0102370068F0C21F370F688009DF49189E4B8CDA3B0001004B0F2E
:2089F8000102F6198CDA3B0001004B0F0102370068F03C098CDA3B0001004B0F0102370044
:208A180068F0C21F42F8C2F83708688009CF4618DF0F2102911000EF09C4A809F4A46DFF91
:208A3800A3F5538221F03C0109C9051809CA04184DC0E2FF370FE1F78B0F20B23C010D00C3
:208A5800400300003C01530922F010E2530922F010E4B940140237800E00F9201402822017
:208A7800530922F010E2530922F010E4394F1602370F83F2E92F160254FFB70F1C007B00E1
:208A980000FD7E0F4DC0E1FF16073C0154F0B7000C0AB770030E7B000011E21FA2F03C0247
:208AB80054F0530922F010EF59F00802820082118202530922F010EF19F310023703033009
:208AD8003713813137230434530922F010EF59F31002530922F010EF530922F010E2392FF0
:208AF8001202B70F01F2E9FF120209DF49189E4DD4AF49FF1C1A530922F010E280FF592FF9
:208B18000C02820082118202530922F010EF19F310023703033237138133372304365309AE
:208B380022F010EF59F31002530922F010EF530922F010E2392F1F029604E9FF1F028CDA4F
:208B580082404B0F0102F6188CDA82404B0F0102370068003C088CDA82404B0F01023700AC
:208B78006800C210530A22F010EF530A22F010E2B92F140237007000370F0EF0F9FF1402DD
:208B98008220530A22F010EF530A22F010E2392F1602370F83F2E9FF16024CD6EE4049DF99
:208BB800101A80FFB70F1C007B0000FDFE014DC0E1FF16073C0149DF101A80F0B7000C0AC5
:208BD800B770030E7B000011E21FA2F03C0449DF101A80F0530A22F010EF59F00C028200DD
:208BF80082118222530A22F010EF19F31002370303323713813337230436530A22F010EF2B
:208C180059F31002530A22F010EF530A22F010E2392F12029620E9FF12023C3C4CD6B70F81
:208C38001C007B0000FDFE004DC0E1FF8F7F00013C014CD6B70F0CFAB77F031E7B0000F1A0
:208C5800E2F0A2013C0309D11809530A22F010EF59F10C02820082118202530A22F010EF80
:208C780019F31002370303323713813337230436530A22F010EF59F31002530A22F010EF83
:208C9800530A22F010E2392F1202B70F81F2E9FF1202530A22F010EF530A22F010E2392F73
:208CB8001F029604E9FF1F02BBF0FFFFD4A4894F14196DFF59F4914000FFD9FF1068538204
:208CD80021F010FF3C01083F96022CF3D4A46DFF4BF4914000FFD9FF1068538221F010FFE9
:208CF800B04F3C01083F96022CF3D4A46DFF3CF4914000FFD9FF1068538221F010FF49FFB1
:208D1800080A3C01083F96022CF3530A22F010EF530A22F010E2392F1F029604E9FF1F02F3
:208D3800534A20F010EF534A20F010E2392FC2819601E9FFC28109DF4918DF3F308009D073
:208D58009408DA103FF00A0009D0F208DA0F37F085F389DFB2083C0B09D0F2088CDAC2FF7E
:208D7800370F70F037F085F389DFB20809D09408DA103FF0090009DF7008B70F01F089DF5E
:208D980030083C0609DF7008960189DF300809DF7208964089DF32083C3709DF4918DF1F16
:208DB800248009D09408DA103FF00A0009D0F208DA0F37F085F389DFB2083C0B09D0F208C8
:208DD8008CDAC2FF370F70F037F085F389DFB20809DF7008960189DF300809DF720896401E
:208DF80089DF32083C1109DF7008960189DF300809DF7208964089DF320809DFF208B70F53
:208E180085F389DFB208530922F010EF530922F010E2392F1F029604E9FF1F02534920F0FB
:208E380010EF534920F010E2392FC2819601E9FFC28109DF49181E464CDCD4AF89FF1C19FB
:208E58003C054CDCD4AF89FF201976B30D0000033C010090913000FFD9FF300654F83708EE
:208E780064F0EE0382023C096D003E00370864F04B0F41F14BF251203C010090913000FFC7
:208E9800D9FF300654F8370864F2EE0382023C096D002A00370864F24B0F41F14BF25120AB
:208EB8003C01009002486D0050018200DA003E84DA013E873C0B913000FF19F000263C088D
:208ED800913000FF19F004263C0382023C0176094B0061F17B0028044B0F51F04BF241208B
:208EF8003C0100906D00DA00913000FF39FF3106370F6402DA003E0CDA01BE0BDA02BE0EFB
:208F1800DA035F0F2100DA045F0F23003C26913000FF39FF0C16160FEE023C0A913000FFC7
:208F380039FF0C16160F4B0F41F14BF251203C177B0017F44BF251203C127B001FF44BF2C0
:208F580051203C0D7B0027F44BF251203C087B002FF44BF251203C0382023C013C0100909E
:208F7800910000F6D9FF240054FF4B0F61213C010090913000FF39FF3706370F62F2EE0697
:208F9800BB00C22B9BE2CB243C11913000FF39FF3706370F62F25E19910000F6D9FF24008F
:208FB80054FF4B0F61213C0282023C010090913000FFD9FF00066DFFDEFF09FF6408160169
:208FD8005E1A09FF6E08167FC21F4B0F41F14BF251203C2409FF6408370FE1F15E1EBB00B0
:208FF800C20B9BE0CB0409FF6C08167FC21F4B0F41F14BF051203C1209FF6908370FE5F036
:20901800C21F4B0F41F14BF2410009FF6C08167FC21F4B0F41F14BF051203C010090913095
:2090380000FFD9FF00066DFFA6FF09FF540816015E1A09FF5E08167FC21F4B0F41F14BF28A
:2090580051203C2909FF5408370FE1F15E1EBB00C20B9BE0CB0409FF5C08167FC21F4B0F1C
:2090780041F14BF051203C1709FF5908370FE7F0C21F4B0F41F14BF2411009FF5C08167F25
:20909800921009FF5B08160FC21FE2F04B0041F14BF151203C010090913000FF39FF3306AB
:2090B800370F62F282003E0482103E083C0ABB00C22B9BE2CB243C013C066DFFB2FF3C032D
:2090D80082023C013C0100906DFFE8FF913000FF39FF3106370F6402DA003E0CDA01BE0CF3
:2090F800DA02BE0FDA035F0F2200DA045F0F24003C27913000FF39FF3206160FEE038202A5
:209118003C0A913000FF39FF3206160F4B0F41F14BF251203C177B001FF44BF251203C1285
:209138007B0027F44BF251203C0D7B002FF44BF251203C087B0037F44BF251203C038202E3
:209158003C013C0100906DFFA9FF913000FF39FF3106370F6402DA003E0CDA01BE0CDA0259
:20917800BE0FDA035F0F2200DA045F0F24003C27913000FF39FF3106160FEE0382023C0ABB
:20919800913000FF39FF3106160F4B0F41F14BF251203C177B001FF44BF251203C127B00D1
:2091B80027F44BF251203C0D7B002FF44BF251203C087B0037F44BF251203C0382023C01A1
:2091D8003C010090404F820891000026D922240009FF0819742F6D009C0302296D00AD039B
:2091F800022A02946D0095029130002F392F3046370FE1B19130002F392F304696089130BE
:20921800002FE92F304602946D00A30302A46D00A8023C019130002F392F3306370FE1F32B
:20923800EEFA9130002F392F3306B70F02F29130002FE92F33069130002F392F330696403B
:209258009130002FE92F33069130002F392F180696109130002FE92F18063C019130002F46
:20927800392F3306370FE1F3EEFA9130002F392F3706B71F02F29130002FE92F37069130CE
:20929800002F392F370696409130002FE92F37066D00B001A62802A46D008203DF087E815D
:2092B80002A46D005E023C019130002F392F1406370FE1F26EFA9130002F39201C0608AFD1
:2092D80037F007F09130002FE92F1C069130002F39201B06088F37F004F09130002FE92F0A
:2092F8001B069130002F39201906089F37F087F09130002FE92F19069130002F392F1806EB
:2093180096409130002FE92F18069130002F392F1A06B70F01F09130002FE92F1A06913021
:20933800002F392F180696209130002FE92F18069130002F392F1A0696019130002FE92F6D
:209358001A069130002F392F1A0696049130002FE92F1A06BB70714B9B1485436D00A70128
:209378003C019130002F392F1406370F61F16EFA9130002F392F1806B70F01F09130002F09
:20939800E92F18063C019130002F392F3306370FE1F3EEFA9130002F392F3306B71F02F254
:2093B8009130002FE92F33063C019130002F392F3306370FE1F3EEFA48346D007801913061
:2093D800002F19203006485F82F1C61F26F0485F4841261FA6F0DA0137F0020EDA0137F0A3
:2093F800010F9130002FD922300674203C019130002F392F3706370FE1F3EEFA9130002FCC
:2094180019203406487F82F1C61F26F0487F4861261FA6F0DA0137F0020EDA0137F0010F1D
:209438009130002FD922340674203C019130002F392F0316370FE1F3EEFA9130002F192082
:209458000016489F82F1C61F26F0489F4881261FA6F0DA0137F0010F9130002FD9220016EB
:2094780074203C019130002F392F0F16370FE1F3EEFA9130002F19200C1648BF82F1C61FDA
:2094980026F048BF48A1261FA6F0DA0137F0010F9130002FD9220C1674209130002F1920F7
:2094B800002648DF82F1C61F26F048DF48C1261FA6F09130002FD922002674209130002F39
:2094D8001920042648FF82F1C61F26F048FF48E1261FA6F09130002FD9220426742002A4C2
:2094F8006D005E029100802F192F140209F0041982F1C610260F09F0041982F1C610260FC1
:2095180009F0041909F100192610A60F02946D0000019100802FD9221402742F02946D0024
:209538001802820C3C3702A46D001B013C019130002F392F1406370FE1F26EFA9130002FA9
:2095580039201C0653CC20F0C8121022142F37F007F09130002FE92F1C0602A46D0020027D
:2095780053CC20F0C81210224C226E0953CC20F0C8121022092288092D02000053CC20F05E
:20959800C8121022092402096D009100C21C370C68C014FF3FFCC9FF02A46D00E20091305C
:2095B80000FF39FF1806B70F01F3913000FFE9FF180602A46D00F40102946D00AA00913048
:2095D80000FF39FF2C469608913000FFE9FF2C46913000FF39FF304637BF81F1913000FF7C
:2095F800E9FF304602946D00B40102823C0100903B00288082096D008C01022A913000FF98
:2096180039F01006B7008202913000FFE9F01006913000FF39F01206910000F6D9FF240085
:2096380054F13B005AF29B6F02F04BF111229AF2370F68F037F005F0913000FFE9FF1206D5
:20965800913000FF39FF10069604913000FFE9FF10063C05C2F8F68382193C0D913000FF74
:2096780039FF10066F1FF87F913000FF39FF11066F0FF27F02A46D004C00913000FF39FF2A
:209698002C469608913000FFE9FF2C46913000FF39FF30469608913000FFE9FF304602A4B8
:2096B8006D00570102923C01009002486DFFF6FC913000FF39FF3506160F4B0F41F14BF2A3
:2096D80051F03C014B8F41F04B0F71F185F110003C0185F01000A2103FF0FDFF0090DA019D
:2096F8008B0401000F0F10F0913000FF59FF24860090DA010F4F00F0913000FF19F02086BA
:2097180026F0760382123C0282023C0100904DC0E1FF16073C0153CF20F060FF9130003FA7
:2097380030F3D93F004654FF2E1B8F2420F0960154F0370070088F002100A60F74FF862425
:209758008F2440F154F0370070088F002100A60F74FF3C0154FF1601DF1FFE7F00909130CF
:2097780000FF19FF30366F1F12008F2420F09601913000FF19F03036370070088F002100CC
:20979800A60F913000FF59FF303686248F2440F1913000FF19F03036370070088F00210062
:2097B800A60F913000FF59FF30363C01913000FF19FF30361601DF1FFB7F00904DC0E1FFD7
:2097D80016073C01913000FFD9FF004653CF20F010FF54FF2E1B8F2420F0960154F0370087
:2097F80070088F002100A60F74FF8F2420F0960254F0370070088F002100A60F74FF3C019E
:2098180054FF1601DF1FFE7F084F96082CF454FF2E1B8F2420F0960154F0370070088F00BE
:209838002100A60F74FF86248F3440F154F0370070088F002100A60F74FF3C0154FF6F0F50
:20985800FF7F0090913000FF19FF30366F1F12008F2420F09601913000FF19F03036370044
:2098780070088F002100A60F913000FF59FF30368F2420F09602913000FF19F030363700B4
:2098980070088F002100A60F913000FF59FF30363C01913000FF19FF30361601DF1FFB7F4B
:2098B800913000FF39FF34369608913000FFE9FF3436913000FF19FF30366F1F12008F24ED
:2098D80020F09601913000FF19F03036370070088F002100A60F913000FF59FF303686245E
:2098F8008F3440F1913000FF19F03036370070088F002100A60F913000FF59FF30363C015E
:20991800913000FF19FF30366F0FFC7F00904DC0E1FF16073C0153CF20F060FF9130003F90
:2099380030F3D93F004654FF370F6EF18FFF83213C013C010090913000FFD9FF303654FF09
:20995800370F6EF18FFF83213C013C0100904DC0E1FF16073C0153CF20F060FF9130003F36
:2099780030F3D93F004654FF2E1B8F2420F0960154F0370070088F002100A60F74FF8624E3
:209998008F3440F154F0370070088F002100A60F74FF3C0154FF6F0FFF7F0090913000FF14
:2099B80019FF30366F1F12008F2420F09601913000FF19F03036370070088F002100A60FD4
:2099D800913000FF59FF303686248F3440F1913000FF19F03036370070088F002100A60F10
:2099F800913000FF59FF30363C01913000FF19FF30366F0FFC7F0090F647094F4018960149
:209A1800894F00183C08DF140780094F40189604894F00180090F647094F7C089601894F2E
:209A38003C083C08DF140780094F7C089610894F3C080090FF240B00538420F0910000F840
:209A5800D9FFA40110FFD4F23C02A0023C01009082F282003C17538020F0910000F8D9FF62
:209A7800A40110FFD4FF7D4F0D80538020F0910000F8D9FFA40110FF481F370F48203C04A1
:209A9800C210BF20EAFF3C010090404C405F09C0380909C13C0914FFEE0C083F37F0050083
:209AB800082F37F00504081F37F1011182183C0F14FF5E1C083F37F00508082F37F0050C6A
:209AD800081F37F1011382183C02820889C13C0989C0380940C46DFFBDFF09FFC8086E26F8
:209AF800081FEE099140002FD9225028538220F010223C099140002FD9225028538220F009
:209B18001022B04208A009FFC8081421370F68F037F108F0342F0C21370F82F12C210C23D1
:209B380096022C230C2196042C2108264CC4820102F009C32C0982020F20A0400F31A0509B
:209B58003C016DFF5DD83C0114FF534F20F010C28922300914F440C46DFF50FF14F440C484
:209B78006DFF5BFF08264CC4820102F009C32C0982020F20A0400F31A0503C016DFF40D8CF
:209B98003C0114FF534F20F010C2481F42F28922300902823C010090025FC234B7040200F5
:209BB800370050808BC801008B8000406D003922BC2640240B8F10486D0004003C010090A9
:209BD800C234B70402F0370F5000DA00894F1808DA01894F1908804F8BCF01F0C27FB70F6D
:209BF80003F0744FDA00AC42DA00AC47DA00894F0A09894F0609DA00AC49AC48894094082E
:209C18008945960840423C0100902018094FAC3954FF74AF094FAC39481F7801094FAC392C
:209C3800482F7802094FAC39483F780309A00C0909A10C0909A2080909A3080954A454A5F5
:209C580009A6040958014BF641F06B5461FF6B3261FF6B1061FF7B00F0034B0F41103B60BA
:209C7800A8059B70F30586FFA2F07B00FCF34B0141106B0171FF4BF041F03C01780482007B
:209C98003C11534020F0094FAC3910FF534020F00942AC391022542158044BF141F074FFBA
:209CB800C210BF40F0FF094F8049580191000026D9223820092038694B0F41F07B00F00385
:209CD8004B0F41F06CF4094F8049580291000026D9223820092038694B0F41F07B00F00339
:209CF8004B0F41F06CF5094F804954AF67FFBFFF91000026D9223820092038694B0F41F0B9
:209D18007B00F0034B0F41F06CFA094F8049580391000026D9223820092038694B0F41F0F1
:209D38007B00F0034B0F41F06CFB094F8049580367FFBFFF91000026D92238200920386937
:209D58004B0F41F07B00F0034B0F41F089FF0019094F804954AF67FFBFFF91000026D922CC
:209D78003820092038694B0F41F07B00F0034B0F41F089FF0419094F80495802910000264E
:209D9800D9223820092038694B0F41F07B00F0034B0F41F089FF1819094F8049580167FF71
:209DB800BFFF91000026D9223820092038694B0F41F07B00F0034B0F41F089FF1C19094F60
:209DD800B8390942B839092F301991000026D922382009200C794B0F51F089FF3019094F41
:209DF800B8390942B839092F0C2991000026D922382009200C794B0F51F089FF0C29094F49
:209E1800B83909FF30193B0000049BC061044B0F01F0370F61F16E09094FB8393B0000F417
:209E38009BCF61F489FF3019094FB83909FF0C293B0000049BC061044B0F01F0370F61F112
:209E58006E09094FB8393B0000F49BCF61F489FF0C29009054AF910000F6D9FF38208210A3
:209E780034F0910000F6D9FF382089F42C69910000F6D9FF382089F53069910000F6D9FFB0
:209E9800382089F63469910000F6D9FF3820BB70C70C9BB0220389F00879910000F6D9FFB8
:209EB8003820820089F03848910000F6D9FF3820D20089F07C49910000F6D9FF3820D20067
:209ED80089F04459910000F6D9FF382089FF38697B00F8F34BF701F0370F61F16E037B0057
:209EF800F873910000F6D9FF382089F70C7991000046D9443820B0448264820582366D0051
:209F1800B21C910000F6D9FF382049F43C6A82148215910000F6D9FF382049F5047A6D00B4
:209F38001B21910000F6D9FF382009FFAC397B00F8F374FF910000F6D9FF382009FFAC39AC
:209F5800DA006CF1910000F6D9FF382009FFAC39DA006CF2910000F6D9FF382009FFAC3932
:209F7800DA006CF3910000F6D9FF382091100028D922220A89F29039910000F6D9FF3820EE
:209F980091100028D922E20989F29439910000F6D9FF382091100028D922221A89F29839AF
:209FB800910000F6D9FF382091100028D9228A5A89F29C39910000F6D9FF3820DA0189FFC0
:209FD8002E08910000F6D9FF3820DA0189FF2F08910000F6D9FF382009F484499100005878
:209FF800D955ECB13B0009406D009A22910000F6D9FF382009F4BC3991000056D9552800EB
:20A018003B0009406D008C220090404F91000046D944280009F5B8393B0009406D008022CC
:20A0380091000046D944A4C009F59C493B8004406D00762291000046D9449CB009F58C49B6
:20A058003B8004406D006C2200902010404C09C2AC39542F7B0000044B0F41F074AF09CF6A
:20A07800AC39481F7B0000044B0F41F0780109CFAC39482F7B0000044B0F41F0780209CF69
:20A09800AC39483F7B0000044B0F41F0780309C48C498204910000F6D9FFD41009F0C0088B
:20A0B8000CCEE2F00CCC73F00A506D006B2209CF8C49580267FFBFFF74FF09CF8C495803A7
:20A0D8006CF109CF8C4954AF67FFBFFF6CF209CF8C4958016CF309CF8C4958016CF609CF34
:20A0F8008C4954AF6CF709CF8C4958036CF809CF8C4958026CF909CF8C4954AF6CFC09CF45
:20A118008C49580167FFBFFF6CFD09CF8C49580267FFBFFF6CFE09CF8C4958036CFF0090D4
:20A138002010027809A9100909AA1409910000F6D9FF382091000026D922382009201C5963
:20A158006B00310489F02859910000F6D9FF382091000026D9223820092020596B00310549
:20A1780089F02C59910000F6D9FF382091000026D9223820092024596B0031F689FF3059BF
:20A19800910000F6D9FF382009FF28597B00F0034B0F41F0910000F6D9FF382009F038691D
:20A1B8004B0F41F074AF910000F6D9FF382009FF2C597B00F0034B0F41F0910000F6D9FF3D
:20A1D800382009F038694B0F41F07801910000F6D9FF382009FF30597B00F0034B0F41F030
:20A1F800910000F6D9FF382009F038694B0F41F07802910000F6D9FF382009F484499100DF
:20A218000058D955ECB13B0009406D008921910000F6D9FF382009FF844954AF67FFBFFFB5
:20A238006CF1910000F6D9FF382009FF8449580167FFBFFF6CF2910000F6D9FF382009FF83
:20A258008449580267FFBFFF6CF3910000F6D9FF382009FF844954AF6CF6910000F6D9FFEC
:20A27800382009FF844958026CF8910000F6D9FF382009FF8449580167FFBFFF6CF99100DC
:20A2980000F6D9FF382009FF844958016CFC910000F6D9FF382009FF8449580267FFBFFFE0
:20A2B8006CFD910000F6D9FF382009FF844954AF6CFF910000F6D9FF382009FF844958023D
:20A2D80089FF0819910000F6D9FF382009FF8449580189FF0C19910000F6D9FF382009FF6C
:20A2F800844954AF67FFBFFF89FF1019910000F6D9FF382089F83459910000F6D9FF382025
:20A3180089F93859910000F6D9FF382089FA3C59910000F6D9FF382009FF3459910000F670
:20A33800D9FF382009F03459910000F6D9FF382009F13859910000F6D9FF382009F23859CA
:20A358004B2141106B0F61F16BAA61FF7B00F0034B0F41103B60A8059B70F30586FFA2F06C
:20A378007B00FCF34B0141106B0171FF4BF041F03C017803910000F6D9FF38207B00F80391
:20A3980058034BF051F089FF1469910000F6D9FF3820C82F91000026D9223820092034595B
:20A3B80058034BF041F074FF910000F6D9FF3820C82F91000026D92238200920385958037E
:20A3D8004BF041F06CF1910000F6D9FF3820C82F91000026D922382009203C5958034BF090
:20A3F80041F06CF2910000F6D9FF382009FF3059910000F6D9FF382009F03059910000F6AE
:20A41800D9FF382009F12859910000F6D9FF382009F22859910000F6D9FF382009F32C590E
:20A43800910000F6D9FF382009F42C594B4341306B2161136B0F61F17B00F0034B0F4110E7
:20A458003B60A8059B70F30586FFA2F07B00FCF34B0141106B0171FF4BF041F03C01910065
:20A4780000F6D9FF38207B00F8034BF0510089F010697B00F8034BF051F0BBA099099B9090
:20A49800E9034B0F01F0370F61F06E27910000F6D9FF382009FF1469BBD0CC0C9B401104B2
:20A4B8004B0F01F0370F61F16E18910000F6D9FF382009FF1469BBD0CC0C9B4012044B0F31
:20A4D80001F0370F61F06E09910000F6D9FF3820DA0189FF39483C08910000F6D9FF3820CF
:20A4F800DA0089FF3948910000F6D9FF382009FF984991000026D9223820092F2C69910059
:20A518000026D9223820092038694B0F41F074FF910000F6D9FF382009FF9849910000268B
:20A53800D9223820092F2C6991000026D9223820092038694B0F41F06CF7910000F6D9FFC2
:20A55800382009FF984991000026D9223820092F2C6991000026D9223820092038694B0F9D
:20A5780041F06CFE910000F6D9FF382009FF984991000026D9223820092F2C6991000026FA
:20A59800D9223820092038694B0F41F089FF1419910000F6D9FF382009FF984991000026EF
:20A5B800D9223820092F306991000026D9223820092038694B0F41F089FF3019910000F6A8
:20A5D800D9FF382009FF984991000026D9223820092F306991000026D9223820092038699B
:20A5F8004B0F41F089FF0C29910000F6D9FF382009FF9C4991000026D9223820092F346978
:20A6180074FF910000F6D9FF382009FF9C4991000026D9223820092F34696CF4910000F645
:20A63800D9FF382009FF9C4991000026D9223820092F34696CF891000046D9443820B04462
:20A658006D00F51B91000026D9223820910000F6D9FF3820C81F54FF892F0C599100002696
:20A67800D9223820910000F6D9FF3820C81F481F892F105991000026D9223820910000F6B8
:20A69800D9FF3820C81F482F892F145991000026D9223820910000F6D9FF3820C81F483FC0
:20A6B800892F1859910000C6D9CC3820910000F6D9FF382009FF0C59910000F6D9FF38202A
:20A6D80009F01059910000F6D9FF382009F11459910000F6D9FF382009F218594B21411002
:20A6F8006B0F61417B00F0F3910000F6D9FF382009F01059910000F6D9FF382009F1105995
:20A718006B1071FF910000F6D9FF382009F01459910000F6D9FF382009F114596B10715FB0
:20A738006D00E90E3B10EEF29B5F26F44BF241F089CF1C69910000C6D9CC3820910000F638
:20A75800D9FF382009FF1059910000F6D9FF382009F018594B0F41F0910000F6D9FF3820DD
:20A7780009F00C59910000F6D9FF382009F114596B1071FF7B00000C4B0F41406D008E0EEF
:20A798003B10EEF29B5F26F44BF241F089CF2069910000C6D9CC3820910000F6D9FF382008
:20A7B80009FF1059910000F6D9FF382009F01459910000F6D9FF382009F10C59910000F656
:20A7D800D9FF382009F218594B2141106B0F61417B00F0F3910000F6D9FF382009F0145971
:20A7F800910000F6D9FF382009F114596B1071FF910000F6D9FF382009F01859910000F690
:20A81800D9FF382009F118596B10715F6D00730E3B10EEF29B5F26F44BF241F089CF2469BA
:20A8380091000026D9223820910000F6D9FF3820C81F484F892F1C5991000026D92238208A
:20A85800910000F6D9FF3820C81F485F892F2059910000F6D9FF3820DA0089FF2459910043
:20A8780000F6D9FF382009FF2469910000F6D9FF382009F012796B0031FF7B4033044B0FE3
:20A8980001F0370F61F16E0F910000F6D9FF382091000026D9223820092F9078C2FF89FF50
:20A8B80090783C23910000F6D9FF382009FF2469910000F6D9FF382009F012796B0031FFF7
:20A8D8007B40330C4B0F01F0370F61F06E0E910000F6D9FF382091000026D9223820092F0F
:20A8F8009078C21F89FF9078910000F6D9FF382091000026D9223820092F90784B0F41F13A
:20A918007B403B0491000026D9223820092124696B0F61F189FF2869910000F6D9FF3820C8
:20A9380091000026D9223820092F246989FF127900902010404C49C4381A49C5002A6D00CD
:20A95800D11D89C2083809CFF81889CFA82809CFDA1889CFAA2849C4381A49C5181A49C6B4
:20A97800282A6D00731D89C2083809CFE82889CFB02809CFC22889CFB22849C4282A49C56C
:20A99800002A49C6302A6D00611D89C2083809CFD02889CFA02809CFD22889CFA22849C4A5
:20A9B800302A49C5102A49C6202A6D00BD1B89C2083849C4202A49C5302A6D00D31B89C24F
:20A9D800083809C2AC39542F74AF09CFAC39481F780109CFAC39482F780209CFAC39483F3A
:20A9F800780309CFF81889CFB828DA0189CFBA2809CFAC49580109A00C094B0F410054A11B
:20AA180058026BF171F07B0000044B0F41F074FF09CFAC4954A009A1040909A208095803FB
:20AA38004BF241F06B1061FF7B0000044B0F41F06CF109CFAC4909A00C0909A10C0954AF01
:20AA580054A24B2F412009A3040958016BF3712209A3080958026BF371F26B1061FF6CF2F9
:20AA780082033C34534320F009CFAC4910FF54FFB70F81FF4B0F31013B0040F0A20FB70F40
:20AA98001406910000F8D9FFB40109FF0208325F0FF00010C812538120F0102254224B000B
:20AAB8006101C81F538120F010FF481F6B02610F3C013C013C01534320F0910000F6D9FF42
:20AAD800382010FF89F00069C213BF33CDFF09CFC81889CF8038DA0189CF823849C4081A9E
:20AAF80049C5382A49C6003A6D00E41C89C2083809CFC03889CFA828DA0189CFAA2849C483
:20AB1800302A49C5003A49C6282A6D009F1C89C20838DA0189CFB82809CFC03889CFBA284A
:20AB380049C4003A49C5382A6D00DC1C89C2083849C4382A49C5282A910000F6D9FF3820D0
:20AB580049F63C6A6D00821C89C20838910000F6D9FF382009FF0479910000F6D9FF38206F
:20AB780009F008797B00F0134B1041004B0F01F0370F61F06E08910000F6D9FF3820DA013F
:20AB980089FF3848910000F6D9FF382009FF0479910000F6D9FF382009F008794B0F01F0DD
:20ABB800370F61F16E66910000F6D9FF382009FF78486E5F910000F6D9FF382009FF794845
:20ABD8006E12910000F6D9FF382091000026D922382009207C498B1080008B01A01089F05E
:20ABF8007C493C08910000F6D9FF3820D20089F07C49910000F6D9FF382009F07C49FB20DD
:20AC180003200B0250F10B3100F20B31A0F2EE0C910000F6D9FF3820DA0089FF3848DA0042
:20AC380089CF2C083C2509C4A83909C5AC39910000F6D9FFD41009F4C0080CCCE2F46D008B
:20AC58006F1C09C4B83909C5BC39910000F6D9FFD41009F0C0080CCCE2F00CCC73F00A409D
:20AC78006D005E1CDA0189CF2C081D003D013C54910000F6D9FF382009FF0479910000F6C0
:20AC9800D9FF382009F00879BBD0CC1C9BC1DC134B1041004B0F01F0370F61F16E2B91008B
:20ACB80000F6D9FF382009FF78486E24910000F6D9FF382091000026D9223820092F087982
:20ACD80091000026D9223820092004796B0031FF91000026D9223820092008793B60661646
:20ACF8009B61F6134B1041004B0F51F089FF18693C09910000F6D9FF38207B00F8F389FF0D
:20AD18001869910000F6D9FF3820D20089F07C49DA0089CF2C0809CFD81889CFA82809CFA5
:20AD3800C22889CFAA2849C4181A49C5002A49C6282A6D008B1B89C2083849C4282A49C504
:20AD5800302A49C6182A6D00811B89C2083882003C18534020F009CF9C4910FF534020F0B4
:20AD780009C29C491022542F91000026D9223820092118694B1F41F074FFC2103700680022
:20AD980009CFD82809C1DA28E21F3FF0E47F82403C2B82013C26DA0303F00AF1534F20F0D9
:20ADB80009CF9C4910FFDA0303F00AF1534F20F009C29C49102254229AC0534F20F091003D
:20ADD8000026D92238201022092F0069BB40983F9B23F2334B3F41F04BF241F074FFC211EB
:20ADF800BF31DBFFC210BF60D6FF09CFD82889CFB828DA0189CFBA2849C4182A49C5003AEF
:20AE180049C6382A6D00221B89C20838910000F6D9FF382009FF78486E5882423C54534246
:20AE380020F009CFBC2910FF54FF910000F6D9FF382009F03869BBA0701D9B31C2134B1096
:20AE580041004B0F01F0370F61F16E13534220F009CFBC2910FF91000026D9223820092F82
:20AE78003869BBA0700D9B30C2034B0F41F074FF534220F009CFBC2910FF54FF910000F668
:20AE9800D9FF382009F03869BBA0701D9B31C21B4B1041004B0F01F0370F61F06E135342AB
:20AEB80020F009CFBC2910FF91000026D9223820092F3869BBA0700D9B30C20B4B0F41F0C0
:20AED80074FFC212BF62ADFF09CFBC29DA006CF349C4380A49C5382A49C6300A6D0024199E
:20AEF80089C208380090F445DA006C410C4896012C480C4896022C480C48B70F01F12C4820
:20AF18000C48B70F81F12C480C48B70F01F22C480C4896202C480940C808DA0837F006F3FF
:20AF3800AC440C49B70F01F22C49DA00894F0E09DA00894F1209DA00894F0A090C49B70F10
:20AF580081F22C490C49B70F01F32C49094F5808B70F01F0894F1808094F5808B70F81F017
:20AF7800894F1808094F5808B70F01F1894F1808094F5808B70F81F1894F18080090DA0007
:20AF9800344FDA00AC41DA00AC42DA00AC43DA002C48DA00AC45A00FEC43DA006C440090AD
:20AFB8008F841EF08F0F0801B70408FC3704E81BB71F812BDA7F7FF1048082020090DA9661
:20AFD8007F1F048082023C068B6109F1325F0FF20020370248207604325237024820009009
:20AFF8008F841EF08F0F0801B70408FC3704E81BB71F812BDA7F7FF1048082020090DA9621
:20B018007F1F048082023C068B6109F1325F0FF200203702502076043252370250200090B8
:20B03800B70408FC3704E80BB71F811BDA7F3FF00580DA967F0F0480820200908B6009F111
:20B05800325F0FF10010370168200090B70408FC3704E80BB71F814BDA7F7FF00480D20238
:20B078000090DA967FF0078082058B6009611DFFC7CD82058BA016601DFFC3CDB70408FCA3
:20B098003704E80BB71F811BDA7F3FF00580DA967F0F0480820200908B6009F1325F0FF1DF
:20B0B80000103701702000908B0420F28B0500F5EE0A7B0008008203B700892B8F7301F08C
:20B0D800A6F2009082029B02F02FBBF0FF3F9BF3FF3F0F2480000F358010BA008B0100F47A
:20B0F800EE4C3B7001800B451068BB00FF1F9BF1FF1F8F0400012651BA008B0100F4EE2133
:20B1180082019BF1FF1F8F0400012651BA008B0100F4EE098F751E107745804302153B00AB
:20B1380003803C0F8F351F107745804902153B4002803C078FF51F107745804F0215C2182B
:20B158000F2480000F3580108B0020F28B0100F5EEF202490B6710A8D2148B881E606DFFFA
:20B1780050CD0F2A80000F3B8010BA008B0100F4EE2B3B0008703C293B600930BB00000FFE
:20B198009BF00F0026408F0500118B0020F28B0100F5EE073BA00830774500568FC4004027
:20B1B80082009B00080082013C05C2F37745805006140B0430F10B1500F20B15A0F2EEF65B
:20B1D80002401DFF7BFF82078BF29F008BF3BF1026A026B1BA008B0100F4EE038F0744717A
:20B1F8008BF80760820402951D00671C3BD03CF19B4FEDF34BF401F02E031D0056257B001A
:20B21800F803BBA027F89BAF01F44BF401F02E2C3BB0FDF09B9FFCF34B4051406D004525E4
:20B238006B02312F00906B0031F46B0021044B0F51406D003A253BB0FDF09B9FF4F36B0F4F
:20B258002122009091100048D944F0741D0002008208404F8209820A820BC81CC82D483C60
:20B2780009FF1001DF1F238080CF160180D08F100001FE046E04C2FC04DF24CF76CF8F3C8E
:20B2980000018FEC1FF06E0902F140D2C2F16014442164C1FC4E90DD020CDF0CE07FC2FC11
:20B2B80060C204DF24CFFC2E3CD9DE2580CF2E03C2FC24C9DF0CD37F8F3C00F106EC76C5EB
:20B2D800C2FC60C264CAFC2F6EC9C2FF60F224CBFC2F3CC48F0F1F00DF002E008F3F000120
:20B2F800DF102B8080CF8F3F00D180DF1603FEDB76DB02D440C440D56D00100701CD00C605
:20B3180001DD00D6A2DC76CF8F3C00018FEC1FF06E0902F140D2C2F16014442164C1FC4ED1
:20B3380090DD020CDF0C9B7F02C440C440D56D00F5063C9400901603DF2F91FF80CF1603AF
:20B358006E0702F440C46D00D20610CCA2FCDF0C867F8F3C004106EC76C5C2FC60C264C872
:20B37800FC2FDF047C7F40C46D00C1061DFF77FF0090205089A4380989A62C0989A73409A3
:20B39800DA01A00F820909AA1019780C89A9081989A9280902A089A90019B70089FBF80644
:20B3B80078113700E8FB78080258404C029D405D8BFF0FC27B00F8B376C658116E04029CFA
:20B3D80009AD30095808BA0F7813F68A3B700600580B3E043B7004007E0382183C23580D4E
:20B3F8006F5F21803B100600580B3E043B100400FE095811EE0382083C1582788F3F00007D
:20B4180082013C06C2F88FC31F107723000E0B011028FBF0000026202631BA008B0100F466
:20B43800EEF2DA00780F02A46D0035087625DA2D780F67AABFAFEE0E580D8F8F0101DA0858
:20B458007E03DA2B3C068B000102580FAB0FA2F0780F09A00019AA1089A00019DF0D160084
:20B47800580B910000F8D9FFCCE110FF081F2E37910000F8D9FFFCD1F8063C1B910000F89C
:20B49800D9FFC0E1F8063C15DF0C1D00580B910000F8D9FFCCE110FF081F2E36910000F830
:20B4B800D9FFC4E13C05910000F8D9FFC8E1F8065810BB90FF0F9239580D260F780D1D00E6
:20B4D8008C013B100600580B3E053B1004005F0F27805808AB1F18FF780858109230F68308
:20B4F800580D2E22C210428058083BC0F91FC2207FF106003B4006103F1F0400DA033C0A0A
:20B518003B60FF1F7FF106003BA000103F1F0400DA02780C580C12091D005F01580849AFE3
:20B538000A0A6E7549A4140A02A46D00561809AC1409022A370CE8FB82006E55BBF028EC48
:20B5580049AE130A7B0012D49B5ECFE33C3F49A20A0A7D2E0C8049AF120A49AE130AA072C8
:20B5780009F03FF489E03FF4FC2CBBD0CC0C58059BC0DC0349A4140A4B0F41406D002D1831
:20B5980089A20609DF0914806B0E21F24BDB41B04BDF41406DFF06FD762A4BBC514049A4FB
:20B5B800140A82196D00191889A2060909AF06096B0E21FF4BDF41406DFFF4FC8B0203F0FB
:20B5D80089EF3FF4580AC21F780A5805370FE8FBEEBF3C0304EF24FF49A2130A012E20F410
:20B5F800EEFA3C154B0A01F06F2F12007B0012043C064B0A41A0580AC2FF780A4B0A41F0D0
:20B6180089AF06094BBF01F06F0FF5FF3B600610580B028082093E143B6004107E13580A49
:20B6380012803B500610580B3E143B5004107E12C210CE03DA003C038B7000F310A2492E08
:20B658000A0A3C117B0012F449A4060A4BFA41406D00C317022A09A406096DFFA3FC8B0266
:20B6780003F024FF01FE20F4EE0649A2130A012F20F4EEE909EF000840EFC25F3C0A49AFE4
:20B698000A0A01EF30F4EE0740EF09EF3FF4C21F34EF3C08DA3134EF49EF010A580AC21F1F
:20B6B800780A09E00008DA393F0FEB7F89F93FF049A20A0A012F20F4EE0609F00008DA3041
:20B6D8005F0FF67F3B500600580BBE013B5004003E0E3B6006005F0F3C003B6004005F0F89
:20B6F8003800580A3FF80400FFDF330058103B50062049AF0A0A9210580B09A10A083E2404
:20B718003B5004207E2C761349AF0B0A14FFEE04580DAE227682C21042803C1702827615FA
:20B738008BF81F2049AF0B0A14FFEE03580D2E22C21082013C0814FFEE03580D2E23C21044
:20B75800B01FC2113F21F97F8B4000903C453B600600580B3E043B6004007E0F09A028092F
:20B77800FA10AB10A09F581042F9F684580D6F2F34001A8992193C300280580A49AF0A0AAF
:20B798004EF4581092193C0D09A1280958101219021F14F17612B01FABF01F00C2FFEEFAA5
:20B7B80014FF6E02F604580D6F2F1700580AC219325F3C04C2FFC219C2F07607FF1FFC7F68
:20B7D8003C04C219B01FC2F0760314FFEEFB580D16042B09009F580F6E0D580D16036E0A16
:20B7F80061FFCBCA09A43C0940C46D005304DA00780FD806BD0F1A803B100600580B3E04E7
:20B818003B100400FE02580D16036E0F54DFC22F61FFA0CA6D003E04580B40C48B7F014077
:20B838006D003804DA017812580D6F0F1680580EA29F3C0F61FFA1CA580D40C416028B0F91
:20B8580020F2864F8B0F02406D002404580EC2FF780EFF1FF17F580F6E0861FF8ECA09A4FB
:20B878003C0940C46D001604D806BCFA40F440C56D001F0454DFC23F74DF1D008A013B1009
:20B898000600580B3E053B1004005F0F9F808F28200058138B7001018B1F03A1BF1022008A
:20B8B8008201DA177FF00800821258110F021020262F6E02821182F2C2F00F0200F0C6F210
:20B8D800F6145811262F6E045811A62F78115811C21F7811EF7F0600DA0078113B2003A0A7
:20B8F8005812EE0D54DFC22F61FF34CA6D00D203580B40C48B7F01406D00CC0361FF3DCAB2
:20B9180002A440C46D00C603F683580D2E2561FF2ECA6D00BF0358113B8001B054D08F1FD0
:20B9380000A0428074D03C183B000340DF0B1100C2CB02B032500F0A00F0160F8B0F0340B0
:20B95800DA397F4F0600580B8B6F1CF042F440C46D00A003C2F8FF18E97F580B40C48BFF0B
:20B9780000406D0097035808CEF63BD00240325F78083C033BB0024040C46D008B03580C17
:20B9980054D0C22F42F0580C820110AF34F13BA00010580CC2FF370F68F0780C10AF58082C
:20B9B8004B1F01228B0303F034FF09A220094B12012289A26009DF02EEFF74D040A440C54B
:20B9D8006D0077031D00E5003B50060049AF0A0ABE013B5004003E0E3B6006005F0F7800A8
:20B9F8003B6004005F0F7400580A3FF80400FFDF6F0009A00A08580AAB1F20A076093B70F3
:20BA18000610580B3E143B7004107E12C2F861FFB4C976063700684049AF0B0A3C033B007B
:20BA3800034040C46D00360314FFEE0B580DAE29768C3B500600580B3E043B5004007E056F
:20BA580061FF95C96D002603820B3C1A09F00008F60A580DAE283B500610580B3E143B507A
:20BA780004107E1D61FF89C9760537006840B01F3C033B00034040C46D000C03C21B3F8B40
:20BA9800E77F61FF7AC9580B40C48FDF0F416D000103C2FA54DFC21F0EA43BB002403C0400
:20BAB800325A3BD0024074DF40C46D00F30261FF56C98B00034040C46D00EC0261FF4FC9B8
:20BAD8008B01034040C46D00E5023C6209AA28094EA854DFC21F61FF3DC96D00DB023C1996
:20BAF80054D0C21074D014F47643B01F3C033B00034040C46D00CE023B600600580B3E061E
:20BB18003B6004003E03ABF81F88C2FAFF1AEA7F3B600600580B3E063B6004003E0314FF6A
:20BB38006E02F684580D6F2F340061FF26C9580A3BE00240325F3C0854D03B000340C21075
:20BB580074D0C2FFC2F840C46D00A402768BFF1FF57F3C0861FF11C904F440C46D009A02E1
:20BB7800C2F8768314FFEEF73B600600580B3E0E3B6004003E0B580D2E2B3C0854DFC21FB4
:20BB980061FFE8C86D008602C2F8DF08F9FF580EA29F3C0A54D03B00024040C4C21074D047
:20BBB8006D007802C2FFFF1FF77F00902010404C405D89A68C09DA00780209D40008DF0468
:20BBD8005002DA257E4409D001047E08B01D49A5080A40C46D0054023CF1820A0BAA10883C
:20BBF80009DF01003BD002007E048F1A40A13CF93BB002007E07BBF0FE0F26A08F8040A116
:20BC18003CF03B0002007E066F3AECFF8F0A41A13CE83B0003007E048F2A40A13CE23B3009
:20BC380002007E048F4A40A13CDC3BA00200FE03D803B04FF80309F83CF9CE848F1A40A1D1
:20BC5800325809DF01003C0D13A820FF8B0F1D8009DF01008B0F1D0037006800BFA0F6FF6C
:20BC78003BE002005F0F23808F0A42A109DF01003BA00200FE05D803B04FF80309F93CF92D
:20BC9800CE968F1A40F1BBF0FDAF26FA09DF01003C0D13A920FF8B0F1D9009DF01008B0F00
:20BCB8001D0037006800BFA0F6FF3BC006007E048F0A48A13C1E3B8006007E048F0A44A13C
:20BCD8003C183BC004007E048F0A50A13C123BA006007E04B71A81A43C0C3BA007007E049A
:20BCF800B71A01A53C063B400700FE01B71A81A53BC006003E043B8006007E0709D0000891
:20BD18007E04B71A01A6B01D09DF01003B3006005F0F2F808F1A00F1EE0E3C093B00024075
:20BD380049A5080A40C46D00AB01C2F87F890400FF28F67FD80340C449A5080AB04FF80393
:20BD580009F03CF9370048406D009A01DF0F377F3C093B00024049A5080A40C46D0090016E
:20BD7800C2F87F892C7FFF28F67F1DFF28FF3B400600BE013B9006003E0E3BF006003E0B88
:20BD98003B8007003E083B8005003E053B5007005F0F598082023B4006003E043B9006008F
:20BDB8007E0282123B0008010F0A80105F0104006F9A05003B8000003C0282403B80001072
:20BDD8005F100980D80349FF080AF80309F078F93C15D803B04FF80309F03CF90B00000852
:20BDF8000B0110483B0004010F0A80105F010D807628370448000B0000080B0110483C130A
:20BE1800370468403C0F3B0004005F010B807626370450000B0000483C06370470403C02CD
:20BE3800F62282056F5A0600BBD0FF0F260A3C0282190BFA106889A440090B8910481D00DE
:20BE5800CB003B300700FE066F5A0680BBF0FF9F9BF9FF97D8030BA8104840C5029649A655
:20BE7800080AB04FF80309F4BCF96D00CC021DFFA6FE3B600600BE063B600400BE033B50A1
:20BE98000600BE003B5004003E0D3B7006003E0A3B7004003E073B1006003E043B1004001D
:20BEB8007E0DD8038F0A0211AB698091B04FF80302F609F03CF974A03C2C3B200700FE082F
:20BED8006F6A0800D803B04FF80309F03CFA3C06D803B04FF80309F03CF98F0A02F1EA6941
:20BEF800DA004BF051F174AF3B6006603C123B200500FE09D8038F0A02F1EA6949FF080AE6
:20BF1800F80309F478F96DFF5DC63B60066074A20B89104849A5080A02A740C46DFF2BFAD0
:20BF38001DFF4DFE3B0007005F0F5D806F8A45006F0A0E80DA113C093B00024049A5080A03
:20BF580040C46D009D00C2F83F8FF8FFD803A03E49FF080A09FF3FF449A5080A370F684000
:20BF780040C46D002101FCE73BA0034049A5080A40C46D008500D803A03E49FF040A09FF08
:20BF98003FF449A5080A370F684040C46D000C01FCE7DA113C093B00024049A5080A40C456
:20BFB8006D006E00C2F83F8FF8FFD80349FF080AF8031DFF04FED8033B8000400245B04FA5
:20BFD800F8038F2A407109F03CF9820189A040093B80076049A5080A40C46D0000011DFF11
:20BFF800EEFD3BE006005F0F37803B0008010F0A80F03E036F9A0E00D803B04FF80309FFF6
:20C01800BCF909A00809820189F040091DFFD7FD3B000401260ADA407EAAD803B04FF803DD
:20C0380009FFBCF95802B4FF1DFFC9FD5F0A0B80D803B04FF80309FFBCF9580234FF1DFF0D
:20C05800BEFDD803B04FF80309FFBCF9580274FF1DFFB5FD910000F6DA1959FFACD009A2E7
:20C0780008090090910000F6DA1759FFACD03B0004406D000C007B00FC27009037046840B2
:20C09800545FC21F745F1D000500BA0492F20090D44FBCF440F41D002421CC414C4280F0B9
:20C0B8007FF0068034F4CC41B01FEC410090404F405C3C06370F684040C46DFFEBFF09FFF5
:20C0D8000100EEF900903704E82BB704894B8BF20F228B04002400903704E82BB704894B25
:20C0F8008BF20F228B04202400903BF00F00804F1603063F0FF0100082FFC6F0C2F4604F05
:20C11800804FB70F02F060F2B014542F260F742F77000004FCF60090804F16033BF00F00F0
:20C138008F3F00100F10100082F1C610C2F4604F8041B7010220095101008F3F0030B01474
:20C158000F3110106022C21F542216032602A612742277000004FDF0ED7F0090404F0B45BC
:20C1780010A849FD160A026840FCDA0034DF820702860BAB10486DFF69C523820A0A0B2356
:20C1980010A88BA060F2CA708B0003F089DF3FF48B0220F28B0300F5EEEB04DF24FFEEFE12
:20C1B80040C200900248404F8FC83F40405CDA090B4F2001DA37AB0F83F042F46DFF60FFED
:20C1D8008FF8000140F4DA0940C50B0F2011DA37AB0F834142041DFF53FF026E2020DA5833
:20C1F800404F0B4510A8405C027909AC600982085FEF7300DA643EEDDA693EEBDA6F5FEFA4
:20C218006C00DA75BEE4DA785FEF67001D00ED00D2000B0C50F10B1D00F20BD190F2EE0701
:20C238003BD002800BC0C0C00BD1D0D00BCD104840A43BA000606DFF93FFF6B6BA0C8B0D3B
:20C2580000F4DF0FDF8040A46D008A14370268C0DF081180DA753EE88F890101DA087E04CA
:20C278003BB002803C078F8901F18B0F01F2AB08A28F768CABFA1FAA8F3900F16E0740F4A9
:20C29800028440C56DFFFCFE82086F0914808F2900F18B0F20F2864F8B0F02F03C0740F4D2
:20C2B80002F440C56DFFECFEC2FA7FAB04003FACF87F768E40F4028440C56DFFE1FE3C0877
:20C2D800C2FB61FF42C56DFFDBFEABFA1FAA3FBCF97F1D008A008BFE268240A48F3820F069
:20C2F8008B8F00600BCD10486DFF3AFFDA78FEE314AF40A26E10092000088BF01BF0370F84
:20C318006810DA193F1F05808B0002F0342F092F0104EEF240A46D002314370268F0780623
:20C338008B0C20F28B0D00F5EE0AF6B6DF086A806F296800821BBBB0FFFF26F96F291B0062
:20C358006F191300768E61FF00C56DFF99FEABFA1FAA40F402E440C56DFF92FEABFA1FAA07
:20C37800BBB0FFFF26F9DA6F7EE558063FBF0300921B6F29090076875806C22BC22F370F45
:20C3980068F078066F0915808F2900F18B0F20F2864F8B0F02C03C0740F402C440C56DFF6E
:20C3B8006FFEC2FA7FAB050058063FAFF77F6F291900DF08170061FFC8C46DFF61FEABFA40
:20C3D8001FAA40F402E440C56DFF5AFEABFA1FAA3C08C2FB61FFB9C46DFF52FEABFA1FAA23
:20C3F80058063FBFF87FBBF0F74F40A4BBF0FF6F40F5269440C602A59BF6FF671D000300B1
:20C4180000900248404F025F405C0269406D6D00A713022A6F0819803C083B00024040C45E
:20C4380040D56DFF2DFEC2FF3FFAF97F3FF9F77F3C0BC2F909F40100DF04110040C440D50B
:20C458006DFF1EFE8AFFDF09F6FF3C083B00024040C4C2FF40D56DFF13FEEEF900909100B6
:20C4780000F6D9FF10A0D4F291200056D955408A01240046015420F4EE0891200056D95562
:20C49800C08A014530F4EE0482FF60F20090F4F400908F141E20009002483708E8FB82099B
:20C4B800EE03028200904B9801F02E046788BF8F82197B00F8F36B88714F6D0023133B305A
:20C4D80033F39B3FF3F34BF801F0AE264B2851406D0096003C0B3BB0FDF09B9FFCF34B823A
:20C4F80051406D008D006B02312F76936722BF2F00900B4510886DFFF1FDF62502946DFF5D
:20C51800EDFD76246B092128009002846DFFDDFDDF021B007B00F8F74BF901F02E163BB09C
:20C53800FD409B94F4433C4D7B00F8FF4BF901F01602BB40BE4C9B6401443BB0FD009B909C
:20C55800FC036A043C3E3709E8FB8200BA0F6E193708E8FBEE098F191EF03BB0FD209B92E3
:20C5780004246A8200904B0801F016043BB0FD209B92FC233BB0FD009B90FC0B6A02009037
:20C598004B0901F06F0F2C003708E8FB6E164B0801F02E2E3BB0FDF09B9F04F46788BF0F87
:20C5B8004B9051406DFF24F66B02312F00907B00F8FF4BF901F02E183BB0FD409B94044488
:20C5D80002851D008B034B9851406DFF11F63BB0FDF09B9F04FC6B0F212200904B0801F087
:20C5F8002E254B9851401DFF03F66788BFFF4B9F51406DFFFDF56722BF2F0090DA004BF4A1
:20C6180001F02E231DFFF4F56744BF4F6DFFF0F56722BF2F0090910000F6D9FF88E06B0573
:20C6380031F46CF4910000F6D9FF88E091000026D92288E04C236B0531046B0021FF6CF37E
:20C65800910000F6D9FF88E0483F7B802C0C4B0F01F0370F61F06E09910000F6D9FF88E021
:20C678007B802CFC6CF33C14910000F6D9FF88E0483F7B802C044B0F01F0370F61F16E08FE
:20C69800910000F6D9FF88E07B802CF46CF3910000F6D9FF88E054F0910000F6D9FF88E06F
:20C6B8004821910000F6D9FF14E054FF6E067B001F047B0017143C1D910000F6D9FF3CD0D7
:20C6D80014FFDE17910000F6D9FF88E054FFBBD0CC0C9BC0F4034B0F4100910000F6D9FF71
:20C6F80088E0482FBBA099199B91F9134B1F41106B053124910000F6D9FF88E0485F6B0F96
:20C7180031226B053134910000F6D9FF88E04816910000F6D9FF88E0483F4BF641F06B3059
:20C7380061FF6B21612F910000F6D9FF88E06B0531F46CF53C010090910000F6D9FF88E014
:20C758007B4023F474FF910000F6D9FF88E0DA006CF1910000F6D9FF88E07B801CF46CF24E
:20C77800910000F6D9FF88E0DA006CF3910000F6D9FF88E0DA006CF5910000F6D9FF88E0D8
:20C79800DA006CF6910000F6D9FF88E0DA006CF400900B451088910000F6D9FFA4E06B0876
:20C7B80031F96CF4910000F6D9FFA4E091000026D922A4E04C236B0831096B0021FF6CF3B8
:20C7D800910000F6D9FFA4E0483F3B0000049BC059044B0F01F0370F61F16E0B910000F6FD
:20C7F800D9FFA4E03B0000F49BCF59F46CF33C18910000F6D9FFA4E0483F3B0000049BC028
:20C81800590C4B0F01F0370F61F06E0A910000F6D9FFA4E03B0000F49BCF59FC6CF3910080
:20C8380000C6D9CC28D0910000F6D9FFA4E048206B083119910000F6D9FFA4E0485F6B0F71
:20C858003111910000F6D9FFA4E054F26B083139910000F6D9FFA4E04814910000F6D9FFDA
:20C87800A4E0483F4BF441F06B3261FF6B10614F6DFFB8F3B4C2910000F6D9FF14E054FFCA
:20C898001E38910000F6D9FF14E054FFDF4F2380910000F6D9FF28D094FF3B80BB007FF0E4
:20C8B8000A00910000F6D9FF28D03B80BBF0B4FF3C11910000F6D9FF28D094FF3B80440FA1
:20C8D8007F0F0900910000F6D9FF28D03B8044FFB4FF910000F6D9FFA4E06B0831F96CF5C0
:20C8F8000090910000F6D9FFA4E0BBF028FC9B5FDFF374FF910000F6D9FFA4E03BF026F17A
:20C918009B3FB0F36CF1910000F6D9FFA4E03B2095F49BDFA1F36CF2910000F6D9FFA4E00F
:20C93800DA006CF3910000F6D9FFA4E0DA006CF5910000F6D9FFA4E0DA006CF6910000F6E2
:20C95800D9FFA4E0DA006CF40090910000F6D9FF80F07BA04FF474FF910000F6D9FF80F02A
:20C97800BBA099F99B7F29F46CF1910000F6D9FF80F07BA047F46CF2910000F6D9FF80F0CC
:20C99800DA006CF3910000F6D9FF80F0DA006CF5910000F6D9FF80F0DA006CF6910000F6AA
:20C9B800D9FF80F0DA006CF400900B451088910000F6D9FF9CF06B0831F96CF4910000C626
:20C9D800D9CC24D0910000F6D9FF9CF054F06B083119910000F6D9FF9CF048226B08313988
:20C9F800910000F6D9FF9CF0485F6B0F31F34BF241F06B10614F6DFFF5F2B4C2910000F606
:20CA1800D9FF9CF06B0831F96CF5910000F6D9FF24D094F46D001A0E0090910000F6D9FF3D
:20CA38009CF07B0017F474FF910000F6D9FF9CF0DA006CF1910000F6D9FF9CF07B902CF421
:20CA58006CF2910000F6D9FF9CF0DA006CF3910000F6D9FF9CF0DA006CF5910000F6D9FFB7
:20CA78009CF0DA006CF6910000F6D9FF9CF0DA006CF40090BB0000089B803904910000F67F
:20CA9800D9FFB8F06844910000F6D9FFB8F091000026D922B8F04C236B0421FF6CF3910003
:20CAB80000F6D9FF3CD014FF1E17910000F6D9FF14E054FF6E09910000F6D9FFB8F07B009D
:20CAD8001AF474FF3C0B910000F6D9FFB8F091000026D9221CD0542F74FF910000F6D9FF7C
:20CAF800B8F054F1910000F6D9FFB8F04822910000F6D9FFB8F0485F6B0F31F44BF241F005
:20CB18006B4161FF910000F6D9FF382009F130596B10712F7B6041F44BF201F016068B0FA8
:20CB380020F26E047BF042243C0B7B6041FC4BF201F016038B0F20F26E037BF0422C91005B
:20CB580000F6D9FFB8F068543C010090910000F6D9FFB8F0DA0074FF910000F6D9FFB8F063
:20CB7800DA006CF1910000F6D9FFB8F0BBA099F99B9FE9F36CF2910000F6D9FFB8F0DA001D
:20CB98006CF3910000F6D9FFB8F0DA006CF5910000F6D9FFB8F0DA006CF6910000F6D9FF3A
:20CBB800B8F0DA006CF40090910000F6D9FFD4006B0431F56CF491000026D92220D0910090
:20CBD80000F6D9FFD40054F06B043115910000F6D9FFD40048226B043135910000F6D9FFD1
:20CBF800D400485F6B0F31F34BF241F06B1061FF742F910000F6D9FFD40091000026D92233
:20CC1800D4004C256CF6910000F6D9FFD4006B0431F56CF5910000F6D9FF20D054F23C015A
:20CC38000090910000F6D9FFD4007B0000F474FF910000F6D9FFD400DA006CF1910000F646
:20CC5800D9FFD4007B000AF46CF2910000F6D9FFD400DA006CF3910000F6D9FFD400DA00C0
:20CC78006CF5910000F6D9FFD400DA006CF6910000F6D9FFD400DA006CF40090910000F648
:20CC9800D9FFF000BBD0CCFC9BCFD4F374FF910000F6D9FFF000DA006CF1910000F6D9FFD8
:20CCB800F000DA006CF2910000F6D9FFF000DA006CF3910000F6D9FFF000DA006CF5910091
:20CCD80000F6D9FFF000DA006CF6910000F6D9FFF000DA006CF40090B704812F8F151EF00C
:20CCF8008FFF01F0A6F2009020086D00F7176D00AD18ED7800006D00D50C6D005F1C6DFF99
:20CD1800ECC06D00350F6D00FD0D82343B803E506D003E296D0021276D00EC171D000B0205
:20CD38003B9028406D00D228DF0218803B4001406D0021283B9028406D00C828F62E910011
:20CD580000F6D9FF2CD0DA0134FF3C013B9028406D00BC28DF02FC7F910000F6D9FFC48023
:20CD780008DFDF1FE881910000F6D9FFC48008CFDF0F9781910000F7D9FF1000DA002CF95E
:20CD9800910000F7D9FF1000088F5E1D91000048D9442D226D00990C910000F7D9FF100032
:20CDB800DA002CF8910000F6D9FFC48009FFC008910000F6D9FFC48009F2C208BBD0CC0C1F
:20CDD8009BC0D4033BA041107FF10F80910000F7D9FF0C003BA04110A2F14B0141F14B0FDB
:20CDF80041F074FF3C183B603B107F1F0F80910000F7D9FF0C003B603B10A2F14B0141F1AD
:20CE18004B0F41F074FF3C07910000F7D9FF0C00DA0074FF3B603BF03FF219803BA041F064
:20CE38003F2F1580910000F7D9FF0000DA0174FF910000F7D9FF0400DA0074FF910000F7F0
:20CE5800D9FF0800DA0074FF3C2E3BA041F07F2F1580910000F7D9FF0000DA0074FF910096
:20CE780000F7D9FF0400DA0174FF910000F7D9FF0800DA0074FF3C173B603BF07FF21480A6
:20CE9800910000F7D9FF0000DA0074FF910000F7D9FF0400DA0074FF910000F7D9FF0800B4
:20CEB800DA0174FF910000F6D9FFC48009FFC4083B803E007FF0048082103C0282009100C6
:20CED80000F6D9FFC48009FFC8083B803E107FF1048082193C028209910000F6D9FFC4804C
:20CEF80009F1CA083B803E207F120480821A3C02820A910000F6D9FFC48009F1C6083B8094
:20CF180025207F21048082183C0E910000F6D9FFC48009F1C6083B8057207F120480823840
:20CF38003C028228910000F7D9FF100014FF3E0D910000F7D9FF100034F074A091000048A2
:20CF5800D9440D226D00C10B910000F7D9FF1000083F3E8D910000F7D9FF1000283874A8C6
:20CF780091000048D9443E426D00AF0B910000F7D9FF1000081F5F9F2400910000F7D9FFE3
:20CF980010002819DF190F80910000F6D9FF3CD0DA0134FF91000048D94426526D00950BAD
:20CFB8003C0F910000F6D9FF3CD0DA0034FF6DFF3AFE91000048D94410626D00860B9100FB
:20CFD80000F7D9FF1000082F5FAF6A00910000F7D9FF1000282ADF1A3380910000F6D9FFDE
:20CFF80014E0DA0174FF910000F6D9FFA480DA00B4FF910000F6D9FFA880DA00B4FF910022
:20D0180000F6D9FFAC80DA00B4FF910000F6D9FFB080DA00B4FF910000F6D9FFB480DA00E8
:20D03800B4FF910000F6D9FFA080DA0074FF91000048D94430326D00480B3C31910000F64D
:20D05800D9FF14E0DA0074FF910000F6D9FFA480DA00B4FF910000F6D9FFA880DA00B4FF7B
:20D07800910000F6D9FFAC80DA00B4FF910000F6D9FFB080DA00B4FF910000F6D9FFB480D1
:20D09800DA00B4FF910000F6D9FFA080DA0074FF91000048D94416426D00170B3C45910030
:20D0B80000F7D9FF100091000027D92210000C29C21F2CF9910000F7D9FF1000089F3B40E9
:20D0D80001007FF03280910000F7D9FF1000088FEE2591000048D9440E326D00F60A9100C8
:20D0F80000F7D9FF0000DA0174FF910000F7D9FF0400DA0074FF910000F7D9FF0800DA0008
:20D1180074FF910000F7D9FF0C00DA0074FF910000F7D9FF1000DA012CF8910000F7D9FFFC
:20D138001000DA142CF9910000F6D9FFC480DA002CFD1DFFF7FD00906D00081682046D00F0
:20D15800EB196D00D7153C0D910000F6D9FF34D091000027D9220C0054246DFF8DFC74F21C
:20D178003CF40090BD043100B0C4404C54CF910000D6B70F0180D9DD84E0D4DF74C801C842
:20D1980000E654EF6E04AE0342F83CF954F001F000267DC20580420874F840FCEE10820427
:20D1B8006DFF5FF9B04E7DE20A80325802846DFF58F9802F1EF3DA0074CFD4DF80CF80F090
:20D1D8000B0F90F174DF00900D00000282046D00A319910000F6D9FF90A091000026D922BA
:20D1F80090A0092FC008C21FB4FF910000F6D9FF90A009F0C008DA327F0F0E00910000F6D4
:20D21800D9FF94A0DA0034FF910000F6D9FF90A0DA00B4FF82046DFFC8C38278DA010F8FD1
:20D2380000F0892F28290D00400200800D00000282046D00711982046DFFB7C3DA09821899
:20D258000FF80080892828290D00400200800D00000282046D00601982146DFFA6C382787E
:20D27800DA010F8F00F0892F28290D00400200800D00000282046D004F19910000F6D9FF8C
:20D2980030E091000026D92230E0142FC21F34FF910000F6D9FF30E014F0DA145F0FD2802C
:20D2B80091000026D9229480910000F6D9FFD020888FB42F91000026D9228C80910000F602
:20D2D800D9FFD020889FB42F910000F6D9FF988091000026D9229480942F91000026D922B2
:20D2F8008C809420A20F4B0F41F17B0000044B0F51F074FF910000F6D9FF14E054FF8EFF59
:20D31800910000F6D9FF14E054FFFF5F0900910000F6D9FF20E0DA0074FF3C26910000F653
:20D33800D9FF20E091000026D92220E0542F3B3033039B30F3034B0F41F074FF910000F6E1
:20D35800D9FF20E091000026D9229880542FBBA099099B90E90391000026D92220E0542155
:20D378006B0F61F174FF910000F6D9FF908091000026D9228C80942F91000026D9229480A0
:20D398009420420F4B0F41F174FF910000F6D9FF14E054FFBF1F1C00910000F6D9FF14E07E
:20D3B80054FFFF5F1500910000F6D9FF24E0DA0074FF910000F6D9FFA4E0DA006CF3910032
:20D3D80000F6D9FFA4E0DA006CF53C29910000F7D9FF000054FF6E08910000F6D9FF24E0B7
:20D3F800DA0074FF3C1C910000F7D9FF040054FF6E09910000F6D9FF24E07B6031F474FF6C
:20D418003C0E910000F7D9FF080054FF6E08910000F6D9FF24E07B6031FC74FF910000F614
:20D43800D9FF20E054F4910000F6D9FF24E054F56DFFB1F9910000F6D9FF30E0DA0034FF76
:20D45800910000F6D9FF2CD014FFDF1F2300910000F6D9FF00E014FF9E1C910000F6D9FFBA
:20D4780028E091000026D92228E0142FC21F34FF910000F6D9FF28E014FF5E1B6DFF81BCDF
:20D498006D00930B910000F6D9FF28E0DA0034FF910000F6D9FF2CD014FFDF1F0781910070
:20D4B80000F6D9FF08E091000026D92208E0092FC008C21FB4FF910000F6D9FF0CE0910094
:20D4D8000026D9220CE0092FC008C21FB4FF910000F6D9FF04E091000026D92204E0092F82
:20D4F800C008C21FB4FF910000F6D9FF34E091000026D92234E0142FC21F34FF910000F6A1
:20D51800D9FF2CE091000026D9222CE0142FC21F34FF910000F6D9FF00F091000026D922F9
:20D5380000F0142FC21F34FF910000F6D9FF38E091000026D92238E0142FC21F34FF910063
:20D5580000F6D9FF3CE091000026D9223CE0142FC21F34FF910000F6D9FF28E09100002686
:20D57800D92228E0142FC21F34FF6D001E0B910000F6D9FF10E014FF6E0C910000F6D9FF68
:20D5980004F091000026D92204F0542FC21F74FF910000F6D9FF04F054FF910000F6D9FFFD
:20D5B80018E054F07FF00E00910000F6D9FF04F0DA0074FF910000F6D9FF10E0DA0034FF9E
:20D5D800910000F6D9FF28E014FF5E196DFFD9BB910000F6D9FF28E0DA0034FF910000F647
:20D5F800D9FF34E014FFDE24910000F6D9FF382009F42C59910000F6D9FF30D054F56DFFC5
:20D61800D6F9910000F6D9FF34E0DA0034FF910000F6D9FF2CE014FFDF4F2580910000F6CB
:20D63800D9FF1CE054F5910000F6D9FF3CD014FF5E16910000F6D9FF1CE054F5910000F698
:20D65800D9FF30D091000026D9223820092420696DFFE3F774F2910000F6D9FF2CE0DA0029
:20D6780034FF910000F6D9FF382009FF20697B001F044B0F01F06F2F1380910000F6D9FF9E
:20D69800382009FF20697BC0200C4B0F01F0AE07910000F6D9FF00E014FF5E17910000F6D4
:20D6B800D9FF38D014FF1E1182146DFF7EC1DA0982180FF80080892828290D00400200801A
:20D6D8000D00000282046D002717910000F6D9FF98A0D4FF2D0F00000D00400200800D0070
:20D6F800000282046D00181782046DFF04E0762482046DFFF6DF82446DFFFDDF7624824449
:20D718006DFFEFDF0D00400200800D00000282046D00021782146DFFEEDF762B82146DFF5B
:20D73800E0DF910000F6D9FFA4A0D4FF2D0F000082546DFFE0DF762482546DFFD2DF0D00C5
:20D75800400200800D00000282046D00E51682346DFFD1DF762B82346DFFC3DF910000F634
:20D77800D9FFA0A0D4FF2D0F000082746DFFC3DF762482746DFFB5DF0D00400200800D00FA
:20D79800000282046D00C81691000046D944E8806DFF99C00D00400200800D000002820419
:20D7B8006D00BA166D007B130D00400200800D00000282046D00B0160D00400200800D00A6
:20D7D800000282046D00A81691000046D944D4A06DFF79C00D00400200800D00000282040D
:20D7F8006D009A16910000F6D9FF9CA0D4FF2D0F00000D00400200800D00000282046D0079
:20D818008B1691000046D944C0C06DFF5CC00D00400200800D00000282046D007D1691005E
:20D8380000F6D9FFA8A0D4FF2D0F00000D00400200800D00000282046D006E16910000467F
:20D85800D944ECD06DFF3FC00D00400200800D00000282046D0060166D0068080D004002F9
:20D878000080404F91000026D922D410DA04B42F91000026D922D010DA04B42FDA062CFCCF
:20D89800DA002CFDDA032CFEDA0089FF100891000026D9227C70E85291000026D922707082
:20D8B800E86291000026D9225870E87291000026D922A410E88291000026D922BC10E8926A
:20D8D80091000026D9226830F4F291000026D9226470E812A002E82291000026D922907022
:20D8F80089F2A83949F4300A08C4821509F5A8396D00320491000026D922A87089F2AC392E
:20D9180049F4380A08C4821509F5AC396D002404A00289F2B03991000026D922808089F262
:20D93800B43949F4081A08E4821509F5B4396D00130491000026D922408089F2B83949F476
:20D95800101A08C408C509F5B8396D00050491000026D92250A089F2BC3949F4181A08C43A
:20D9780008C509F5BC396D00F70391000026D922581089F2804991000026D92208F089F2E5
:20D99800844949F4201A08C408C509F580496D00E30349F4281A08C408C509F584496D0028
:20D9B800DB03A00289F2884991000026D922485089F28C4991000026D922404089F2904963
:20D9D80049F4381A08E408C509F58C496D00C40349F4002A08C408E509F590496D00BC03BD
:20D9F80091000026D92260C089F2944949F4082A08C408C509F594496D00AE03910000262D
:20DA1800D92270E089F2984949F4102A08E408E509F598496D00A00391000026D9225060A6
:20DA380089F29C4949F4182A08C408E509F59C496D00920391000026D92254F089F2A049F7
:20DA580091000026D922904089F2A44991000026D922802089F2A84991000026D922B8603C
:20DA780089F2AC4991000026D922A06089F2B04949F4202A08C408C509F5A0496D006C0315
:20DA980049F4282A08C408C509F5A4496D00640349F4302A08C408C509F5A8496D005C039C
:20DAB80049F4382A08C4821509F5AC496D00540349F4003A08C4821509F5B0496D004C0308
:20DAD800DA0089FF2808DA0089FF2908DA0089FF2A08DA0089FF2B08DA0089FF2C080090BA
:20DAF800404F08FFDF0FBC00DA0089FF100809F4B439C81591000026D922D4100924C00802
:20DB180008EFE2F46D000C05C814820491000026D922D4100925C00808EFE2F56D00320542
:20DB380009F49849820491000026D922D4100920C00808EFE2F008EF73F00A506D002205D1
:20DB580009F48C49820491000026D922D4100920C00808CFE2F008EF73F00A506D001205ED
:20DB780082023C3C534220F009F2B439102254203700E80B8B0020F26E2E09F05008534017
:20DB980020F009F2B4391022534220F009F4B439104454407420C89209FF500810223422F6
:20DBB80008CF09F05008C852012200261421030F0A01C2F0534020F009F28C491022534284
:20DBD80020F0C8641044544F742F09FF5008C21F89FF1008C2123702682008EF3FF2C4FFF6
:20DBF80082003C1709FF500803F00AF0534F20F009F298491022C89401400046144F534F43
:20DC180020F0C8741044544F742FC2103700680009FF50083FF0E8FF09FF500889FFB81867
:20DC380008CF89FFBA1808CF89FF802809FF500889FF822809FF500889FF902809FF500802
:20DC580089FF922808CF89FF982809FF500889FF9A2809FF500889FF88183C1A09F4B439D9
:20DC7800C81591000026D922D4100924C00808EFE2F46D005504C814820491000026D9227D
:20DC9800D4100925C00808EFE2F56D007B040090404F09FF6C08EE2F09FFD82889FFA828C0
:20DCB80009FFFA1889FFAA2809FFE82889FFB02809FFDA1889FFB22849F4182A49F5381AF5
:20DCD80049F6282A6D00C20389F2083849F4282A49F5181A49F6302A6D00B80389F2083833
:20DCF80049F4181A49F5302A49F6101A6D00E20389F208380090404F09FF6908EE2F49F49D
:20DD1800201A49F5281A6D00ED0389F2083849F4201A49F5101A49F6181A6D00970389F247
:20DD3800083809FFD81889FFA82809FFEA1889FFAA2849F4181A49F5281A49F6282A6D00EA
:20DD5800850389F2083849F4282A49F5082A49F6181A6D00E90189F208380090404F09FFBF
:20DD78006A08EE6349F4381A49F5002A6D00BA0389F2083809FFF81889FFA82809FFDA1882
:20DD980089FFAA2849F4381A49F5181A49F6282A6D005C0389F2083809FFE82889FFB02882
:20DDB80009FFC22889FFB22849F4282A49F5002A49F6302A6D004A0389F2083809FFD028F2
:20DDD80089FFA02809FFD22889FFA22849F4302A49F5102A49F6202A6D00A60189F2083820
:20DDF80049F4202A49F5302A6D00BC0189F2083809FFD81889FFA82809FFC22889FFAA286B
:20DE180049F4181A49F5002A49F6282A6D001E0389F2083849F4282A49F5302A49F6182A91
:20DE38006D00140389F208380090404F40F46DFF59FE09FF0C396E0609F28C3940F42D0291
:20DE5800000040F46D009C0009FF10396E0609F2903940F42D02000040F46DFF4EFF09FF8C
:20DE780014396E0609F2943940F42D02000009FF5008EE0308FFEE1B40F46DFF71FF09FF25
:20DE980018396E0609F2983940F42D02000040F46D00850009FF1C396E0609F29C3940F47B
:20DEB8002D02000040F46DFFF5FE3C2009F4A83909F5AC3991000026D922D4100924C008E0
:20DED80008CFE2F46D002C0309F4B83909F5BC3991000026D922D4100920C00808CFE2F0D0
:20DEF80008CF73F00A406D001B0309FF20396E0609F2A03940F42D02000082003C2508CF35
:20DF180003F00AF0534F20F009F2B83910225421534020F0C8821022542F4BF101F0370FA2
:20DF380061F06E0F08CF03F00AF0534F20F009F2B8391022534020F0C8841044544F742FDE
:20DF5800C2103700680008CF3FF0DBFFD4F409F5A83991000026D922D4100924C00808CF4F
:20DF7800E2F46D00DD0209FF24396E0609F2A43940F42D020000D4F23C010090404F09FF29
:20DF98006808EE0B49F4201A49F5300A49F6380A6D005C0289F208380090404F09FF6B0870
:20DFB800EE3E09FFF81889FFB828DA0189FFBA2849F4381A49F5380A49F6382A6D004602F3
:20DFD80089F2083809FFC81889FF8038DA0189FF823849F4081A49F5382A49F6003A6D0044
:20DFF800690289F2083809FFD82889FFB828DA0189FFBA2849F4182A49F5003A49F6382A96
:20E018006D00240289F2083849F4380A49F5382A49F6300A6D00880089F208380090C234CC
:20E03800B70402F06E659249DF096300910000F6D9FF84E054FFEE1582046DFF12F2802F64
:20E05800325F160392446DFF0CF28020DFF051001022F4F291000046B54280E082007420A2
:20E07800D4FC820A3C0310CCB0FC54CF6E036F0FFCFFF4FC3C1DB70801F010CF6F08188071
:20E0980054FFEE1182046DFFECF149F4040A7D420F80325802846DFFE4F1802F1EF874CA5A
:20E0B80082083C0CAE0442F874C840CF40FC54C876856F08E2FF3F98E0FFDF082680BF1979
:20E0D800180002946DFFCDF1802F9EF249CF040A01F220F4EE0D012F30F4EE12802F325F55
:20E0F8001603102F92446DFFBCF1802F5EF3A002009001CF2020802F960174CF40FC01C9F0
:20E1180000F674FA3C0A9A493FF8078001C900F6A29874F83C0202898F1940F174CF49C246
:20E13800040A0090CC410952840909658409094FC0080940C208E20F3C0A54F054216B01AA
:20E1580021007450B042B04FB045C2FFEEF782023C010090B44489458208894584090090AA
:20E17800CC510942C0080943C20882058204022F3C170BF280003C05820174F1B04FC2F059
:20E19800FF10FCFF7B00F80374F0B04F92F03C05820174F1B04FC2F0FF10FCFFC2FFEEEA85
:20E1B80082071D0031010940C20803700A07534020F0CC4110FF54F902788B1700003C165E
:20E1D8000941C20803010A17534120F0CC4110FF54F1B701815FB709816F4B650150370564
:20E1F80061F16E030B011088C2103F20EBFF3709E8FB8B0F20F26E395F783800CC410942A8
:20E2180084090940C2080B70801003070AF7534F20F010FF03080AF7534F20F01022DA00A5
:20E238003C0854F0542474F4B04F7420B042C21F3F1FF97FCC51095284090950C208730780
:20E258000AF0534F20F010FFE208534820F01022DA003C0854F1542474F4B04F7421B0425B
:20E27800C21F3F0FF97F8214DF1409003709E8FBBA0F6E0482B21D00E8007B00F8F34B9F66
:20E298005150CC41094FC208527003F70AF7534F20F010FFDA003C0754F14B51411074F164
:20E2B800B04FC21F3F0FFA7FCC510950C20873070AF0534F20F010FFDA003C0754F14B512C
:20E2D800411074F1B04FC21F3F0FFA7F82063C4A094FC208036F0AF7534F20F0CC4110FF58
:20E2F80054F5CC41094284090940C2080B7080805347201073060AF0534F20F010FF01F15A
:20E3180000F653472010E270534020F0102201210026DA003C0954F054216B15710074F089
:20E33800B042B04FC21F3F8FF87FCC51095284090950C20873060AF0534F20F010FF7307D8
:20E358000AF0534F20F01022DA003C0954F154286B85711174F1B042B04FC21F3F0FF87F79
:20E37800C2163F76B7FF8B1700803C4A0940C20803800A07534020F0CC4110FF54F5CC41DE
:20E39800094284090940C2080B7080905347201073080A60534620F010FF01F100F6534706
:20E3B8002010E270534020F0102201210026DA003C0954F054216B15710074F0B042B04F88
:20E3D800C21F3F9FF87FCC51095284090950C20873080AF0534F20F010FF73070AF0534F7B
:20E3F80020F01022DA003C0954F154266B65711174F1B042B04FC21F3F0FF87FC2183F2856
:20E41800B7FFC2173F37D1FE8200DF141C003705E8FBBA0F6E17CC4182013C0C534120F096
:20E4380010F2542F370FE8FB8B0F20F26E023C06C21173320AF03FF1F3FFE2325F2103800D
:20E4580082B002023C010090CC4109528409096684090940C0080951C2080942C2088203E1
:20E47800534320F01064021409578409820540FC02263C0A54CF54776B7F6155B04C534118
:20E4980020F01077C2F6FF16F7FF7445B044C2F45A41534F20F01027FF14EAFF421353423D
:20E4B80020F010FFC2F0FF10DDFF82023C010090CC410952840909658409094FC0080940DE
:20E4D800C208E20F3C0A54F054216B0131007450B042B04FB045C2FFEEF782023C0100902C
:20E4F800CC41095284090940C0080941C20802028203534320F0102402143C0854FF744F17
:20E51800B04F534020F01044C2F4FF14F9FFC213C2F2FF12F0FF82023C010090DF0430003F
:20E53800404FBF842780804F8F3F000180518F3100115F101F802E06C2F4045F344F494F94
:20E55800010A80FF2E16045F24FFC2E4045F24FF8F7400018FD41FF06E0B02F14052C2F1FC
:20E5780060160922480189F24801FC6CD05502047646C2F46042045F24FFFC2E404200906C
:20E59800404FBF852380804F2E05C2F53444494F010A80FF2E1424F4C2E524F48F7500F18C
:20E5B80006D5DF051200D200764A370468008F802010A6108F002110A6100201C2F5605266
:20E5D80089F04801FC2E02F57655C2F5605224F4FC2F40420090024F370FE81B8F1F1E0051
:20E5F800DAFF7E17024F7444B70F89FB6E123C0B8FF00150DA7F7FF10900DA00B70F81FFB9
:20E61800A65F744F02420090DA963FF10A007444DA00B70F81FF8FF00120A6F20090B70441
:20E63800890B8F71012082F38B6109110F1300302630B700890BA652A60274426B0231F4B7
:20E65800B70F812FA6520090024F3B70B5013F0F05003B70B5F13C073B904A0E3FF00400B5
:20E678003B904AFE02F032504B004101910000F6D9FF34D054F16B0121406DFFB3E40228CC
:20E698004B0F41F1910000F6D9FF34D054F06B00214F6DFFA7E40B8210486D00E10000909A
:20E6B8006DFF4CF06DFFECF26DFF51F16DFFB7F16DFF4EF26D0049006DFF15F16D00180035
:20E6D8006DFFB1F2009020104045910000F6D9FF14A049F2140AF4A249A6100A40A46DFF73
:20E6F80067EA09FFE4081640AAF20090910000F6D9FFD8107B00FCF374FF910000F6D9FFB8
:20E71800D810DA006CF1910000F6D9FFD8107B000AF46CF2910000F6D9FFD810DA006CF324
:20E73800910000F6D9FFD810DA006CF5910000F6D9FFD810DA006CF6910000F6D9FFD81075
:20E75800DA006CF40090910000F6D9FFF410BBD0CCFC9BCFECF374FF910000F6D9FFF41002
:20E77800DA006CF1910000F6D9FFF410DA006CF2910000F6D9FFF410DA006CF3910000F68C
:20E79800D9FFF410DA006CF5910000F6D9FFF410DA006CF6910000F6D9FFF410DA006CF40E
:20E7B8000090910000F6D9FFD020DAA534FF910000F6D9FFD020DA022CF1910000F6D9FF09
:20E7D800D020DA002CF2910000F6D9FFD020DA002CF3910000F6D9FFD020DA002CF4910017
:20E7F80000F6D9FFD020DA002CF5910000F6D9FFD020DAA72CF6823491000046D944D020BC
:20E8180082756D00862D009091000046D944D020820482756DFFB6FE91000046D944D020D4
:20E83800B074820482756DFFADFE910000F6D9FFD020DA002CFE910000F6D9FFD020DA008C
:20E858002CFF910000F6D9FFD020DA00ACF9910000F6D9FFD020DA00ACF80090910000F6C3
:20E87800D9FFD020DAA534FF910000F6D9FFD020DA012CF1910000F6D9FFD020BB00F0FFC6
:20E89800264F868F2CF2910000F6D9FFD0208FF40FF12CF3910000F6D9FFD020BB00F0FFCE
:20E8B800265F868F2CF4910000F6D9FFD0208FF50FF12CF5910000F6D9FFD020DA002CF647
:20E8D80082003C1491000026D922D020910000F6D9FFD020086F910000F6D9FFD02001F0A6
:20E8F80000F614F1421F2C26C210BF60ED7F823491000046D944D02082756D000A2D009030
:20E9180082343B0080509B7500503B5001603BE000706D00D628823482156D00FF2A6DFF8D
:20E9380075FF6DFF40FF00902008823449A4000A6D00CC2ADF02C00014A0DAA57E0F9100E6
:20E9580000F6D9FFD020087F3B500A003E07910000F6D9FFD020DA002CFE910000F6D9FFCE
:20E97800D02008EF910000F6D9FFD02010FF14AF2CF7910000F6D9FFD02091000026D92253
:20E99800D0200C2EC21F2CFE910000F6D9FFD02008EFBF7F9180910000F6D9FFD020087FBF
:20E9B8003B500A005F0F7980910000F6D9FFD020DA002CFF82003C1591000026D922D0207A
:20E9D800910000F6D9FFD02008F1910000F6D9FFD02001F000F6087F42F189210F08C21054
:20E9F800BF60EC7F910000F6D9FFD02008FF910000F6D9FFD02008D05F0F3F80910000F644
:20EA1800D9FFD020088FDF2F288091000026D922D020910000F6D9FFD020089F8F8F2000F3
:20EA3800910000F6D9FFD02008AFA6F08920900891000026D922D020910000F6D9FFD020F0
:20EA580008BF8F8F2000910000F6D9FFD02008CFA6F089209208910000F6D9FFD020DA0071
:20EA78002CFE91000046D944D020B074820482756DFF88FD3C10910000F6D9FFD020DA0069
:20EA98002CFE91000046D944D020B074820482756DFF78FD3C10910000F6D9FFD020DA0059
:20EAB8002CFE91000046D944D020B074820482756DFF68FD00906F770C006F0505808FF7BD
:20EAD80007F16E06C215EF850400C21606F5B70589FB8F7601008F840120A60FA6F2009039
:20EAF800201049A6100AA00FF4AF89A4840982FF780240A46DFF5CE8D801DA0034FF0090B4
:20EB180002483708E8FBEE05820402851DFFE6F06DFFDBEADF022280DA004BF801008F30EE
:20EB380000F16E056F001A001DFF9EEA4B0891F17B00F0034B0841007B00FC134BF041202F
:20EB58006BF271214B2F41F04BF041006BF071014B0F41F04BF8418002820090404F044F35
:20EB7800EEFF01F420F080F2C2F200903B7002403BC0125082066D000D1F3B3002403BC0C2
:20EB9800125082066D00061F3BD001403BC0125082066D00FF1E3BB002403BC01250820614
:20EBB8006D00F81E0090910000F6D9FFB88054FF910000F6D9FF28D094F04B0041014B0F7E
:20EBD80001F0370F61F16E11910000F6D9FFB88091000026D922B880542FBBD0CC0C9BC053
:20EBF800E4036B0031FF74FF910000F6D9FFB88054FF910000F6D9FF28D094F04B004101B6
:20EC18004B0F01F0370F61F06E11910000F6D9FFB88091000026D922B880542FBBD0CC0C14
:20EC38009BC0E4036B0021FF74FF910000F6D9FFC45091000026D922B880542F7B001A0403
:20EC58006B0021FF6CF4910000F6D9FFC45091000026D922B880542F7B001A046B0021FFAD
:20EC78006CF6910000F6D9FFC450484F7B002A044B0F01F0370F61F16E09910000F6D9FFAE
:20EC9800C4507B002AF46CF43C14910000F6D9FFC450484F7BC0250C4B0F01F0370F61F0A7
:20ECB8006E08910000F6D9FFC4507BC025FC6CF4910000F6D9FFC450486F7B002A044B0F6A
:20ECD80001F0370F61F16E09910000F6D9FFC4507B002AF46CF63C14910000F6D9FFC450EB
:20ECF800486F7BC0250C4B0F01F0370F61F06E08910000F6D9FFC4507BC025FC6CF69100BF
:20ED180000F6D9FF14E054FFDF0F7502910000F6D9FFC45091000026D922B880542F7B0006
:20ED380019046B0021FF6CF4910000F6D9FFC45091000026D922B880542F7B0019046B00D0
:20ED580021FF6CF6910000F6D9FFC450484F7B002A044B0F01F0370F61F16E09910000F685
:20ED7800D9FFC4507B002AF46CF43C14910000F6D9FFC450484F7BC0250C4B0F01F0370F3F
:20ED980061F06E08910000F6D9FFC4507BC025FC6CF4910000F6D9FFC450486F7B002A0492
:20EDB8004B0F01F0370F61F16E09910000F6D9FFC4507B002AF46CF63C14910000F6D9FFC4
:20EDD800C450486F7BC0250C4B0F01F0370F61F06E08910000F6D9FFC4507BC025FC6CF65B
:20EDF800910000F6D9FF14E054FFDF1F3380910000F6D9FFA48091000026D922A480092F13
:20EE1800C008C21FB4FF910000F6D9FFC4507B3032F46CF5910000F6D9FFC4507B3032F495
:20EE38006CF7910000F6D9FFA48009F0C008DA823FF00E80910000F6D9FFA480DA00B4FFEA
:20EE5800910000F6D9FF14E0DA0274FF1D008301910000F6D9FF14E054FFDF2F578091003B
:20EE780000F6D9FFA88091000026D922A880092FC008C21FB4FF91000026D922C4507B4095
:20EE98002304910000F6D9FFC450485F6B0F3100BBF051189BB1E613910000F6D9FFC450A2
:20EEB800485F6B1061FF6C2591000026D922C4507B402304910000F6D9FFC450487F6B0FCB
:20EED8003100BBF051189BB1E613910000F6D9FFC450487F6B1061FF6C27910000F6D9FF89
:20EEF800A88009F0C008DA5F3FF00E80910000F6D9FFA880DA00B4FF910000F6D9FF14E0B4
:20EF1800DA0374FF1D002701910000F6D9FF14E054FFDF3F5780910000F6D9FFAC8091008D
:20EF38000026D922AC80092FC008C21FB4FF91000026D922C4507B402A04910000F6D9FFCA
:20EF5800C450485F6B0F3100BBA099199B91E113910000F6D9FFC450485F6B1061FF6C2580
:20EF780091000026D922C4507B402A04910000F6D9FFC450487F6B0F3100BBA099199B91AC
:20EF9800E113910000F6D9FFC450487F6B1061FF6C27910000F6D9FFAC8009F0C008DA5A3D
:20EFB8003FF00E80910000F6D9FFAC80DA00B4FF910000F6D9FF14E0DA0474FF1D00CB00D8
:20EFD800910000F6D9FF14E054FFDF4F5C80910000F6D9FFB08091000026D922B080092FC0
:20EFF800C008C21FB4FF91000026D922C4507BC02404910000F6D9FFC450485F6B0F3100AF
:20F01800BBA0701D9B31D213910000F6D9FFC450485F6B1061FF6C2591000026D922C450F3
:20F038007BC02404910000F6D9FFC450487F6B0F3100BBA0701D9B31D213910000F6D9FF78
:20F05800C450487F6B1061FF6C27910000F6D9FFB08009F0C008DA643FF01480910000F677
:20F07800D9FFB080DA00B4FF910000F6D9FFA080DA0174FF910000F6D9FF14E0DA0574FF71
:20F098003C69910000F6D9FF14E054FFDF5F6380910000F6D9FFA08054FFDF1F5C809100AF
:20F0B80000F6D9FFB48091000026D922B480092FC008C21FB4FF91000026D922C4507BC0BB
:20F0D8002404910000F6D9FFC450485F6B0F3100BBD0CC1C9BC1DC13910000F6D9FFC450FA
:20F0F800485F6B1061FF6C2591000026D922C4507BC02404910000F6D9FFC450487F6B0F08
:20F118003100BBD0CC1C9BC1DC13910000F6D9FFC450487F6B1061FF6C27910000F6D9FFE1
:20F13800B48009FFC0083B8038013F0F1480910000F6D9FFA080DA0074FF910000F6D9FFB2
:20F15800B480DA00B4FF910000F6D9FF14E0DA0074FF910000F6D9FFC450485F7BF032047B
:20F178004B0F01F0370F61F16E09910000F6D9FFC4507BF032F46CF53C14910000F6D9FF09
:20F19800C450485F7B4023044B0F01F0370F61F06E08910000F6D9FFC4507B4023F46CF5BC
:20F1B800910000F6D9FFC450487F7BF032044B0F01F0370F61F16E09910000F6D9FFC4508F
:20F1D8007BF032F46CF73C14910000F6D9FFC450487F7B4023044B0F01F0370F61F06E085F
:20F1F800910000F6D9FFC4507B4023F46CF71D00C700910000F6D9FF3CD014FFDF1FC080AF
:20F21800910000F6D9FFC45091000026D922B880542F7B001A046B0021FF6CF4910000F6EB
:20F23800D9FFC45091000026D922B880542F7B001A046B0021FF6CF6910000F6D9FF9C805C
:20F2580091000026D922382009241C6982056DFFADECBBD0CCFC9BCF00F44BF241F074FFBC
:20F278007B402BF4910000F6D9FF9C8054F06B00310F910000F6D9FF9C8054FF7B402B146A
:20F298006B01211F91000026D922C450910000F6D9FFC450485F6B0F3100BBA099299B92D5
:20F2B800E123910000F6D9FFC450485F6B2061FF6C2591000026D922C450910000F6D9FF77
:20F2D800C450487F6B0F3101BBA099199B91E113910000F6D9FFC450487F6B1061FF6C27BA
:20F2F800910000F6D9FFC450485F7BF032044B0F01F0370F61F16E09910000F6D9FFC4506E
:20F318007BF032F46CF53C14910000F6D9FFC450485F7B0022044B0F01F0370F61F06E0880
:20F33800910000F6D9FFC4507B0022F46CF5910000F6D9FFC450487F7BF032044B0F01F02A
:20F35800370F61F16E09910000F6D9FFC4507BF032F46CF73C14910000F6D9FFC450487F95
:20F378007B0022044B0F01F0370F61F06E08910000F6D9FFC4507B0022F46CF7910000F68E
:20F39800D9FFCC1054FFDF1FA580910000F6D9FF24E07B8044F474FF91000026D922C4505C
:20F3B800910000F6D9FFC4504850910000F6D9FFF870885F4B0F41F17B001A144B1F51F09C
:20F3D8007B0026146B01211F910000F6D9FFC450485F6B0F31F17B000A144B1F51F06B0F40
:20F3F80021F06C25910000F6D9FFC450485F7BF032044B0F01F0370F61F16E09910000F6B7
:20F41800D9FFC4507BF032F46CF53C14910000F6D9FFC450485F7B0022044B0F01F0370F5A
:20F4380061F06E08910000F6D9FFC4507B0022F46CF591000026D922C450910000F6D9FF63
:20F45800C4504870910000F6D9FFF870885F4B0F41F17B001A144B1F51F07B0026146B0119
:20F47800211F910000F6D9FFC450487F6B0F31F17B000A144B1F51F06B0F21F06C2791006B
:20F4980000F6D9FFC450487F7BF032044B0F01F0370F61F16E09910000F6D9FFC4507BF0D2
:20F4B80032F46CF73C14910000F6D9FFC450487F7B0022044B0F01F0370F61F06E08910097
:20F4D80000F6D9FFC4507B0022F46CF71D009C0091000026D922C450910000F6D9FFC4504C
:20F4F8004850910000F6D9FFF870885F4B0F41F17B001A144B1F51F07BC024146B01211FAF
:20F51800910000F6D9FFC450485F6B0F31F17B000A144B1F51F06B0F21F06C25910000F636
:20F53800D9FFC450485F7BF032044B0F01F0370F61F16E09910000F6D9FFC4507BF032F421
:20F558006CF53C14910000F6D9FFC450485F7B0022044B0F01F0370F61F06E08910000F648
:20F57800D9FFC4507B0022F46CF591000026D922C450910000F6D9FFC4504870910000F61D
:20F59800D9FFF870885F4B0F41F17B001A144B1F51F07BC024146B01211F910000F6D9FFCE
:20F5B800C450487F6B0F31F17B000A144B1F51F06B0F21F06C27910000F6D9FFC450487F20
:20F5D8007BF032044B0F01F0370F61F16E09910000F6D9FFC4507BF032F46CF73C149100D0
:20F5F80000F6D9FFC450487F7B0022044B0F01F0370F61F06E08910000F6D9FFC4507B0063
:20F6180022F46CF7910000F6D9FFC450484F7B0000044B0F41F07B0027044B0F41809100F3
:20F6380000F6D9FFC450485F7B0000044B0F41F07B0027044B0F4190910000F6D9FFC450DB
:20F658004840910000F6D9FFC4504841910000F6D9FFC4504852910000F6D9FFC450485FE7
:20F678004BF241F06B1061FF7B1056046B0021FF3B0000049BC061046B0031AF910000F6E8
:20F69800D9FFC450484F7B4021046B0031FF7B002F044B0F41B0910000F6D9FFC450485F41
:20F6B8007B002F044B0F41C0910000F6D9FFC4504850910000F6D9FFC4504851910000F68B
:20F6D800D9FFC450484F7B4021246B02312F910000F6D9FFC450484F7B4021346B0331FF0A
:20F6F8007B1056346BF261F36B1061FF3B0000049BC061046B0031DF4B9941F06B8861FF6F
:20F718006BAA714F6DFFFEF96B0221F96B0A21084B0F51406DFF74E77B0000F44BF241E0F5
:20F738004B9941F06B8861FF6BAA714F6DFFEAF96B0231F96B0A21084B0F51406DFF60E752
:20F758007B0000F44BF241804BCC41F06BBB61FF6BDD714F6DFFD6F96B0221FC6B0D210BE5
:20F778004B0F51406DFF4CE77B0000F44BF241904BCC41006BBB61006BDD71406DFFC2F96B
:20F798006B0231FC6B0D210B4B0F51406DFF38E77B0000F44BF2411082004B0E01F01606B8
:20F7B8008B0F20F2EE083BB0FD009B900C046B0021EE3C0182004B0801F016068B0F20F227
:20F7D800EE083BB0FD009B900C046B0021883C013BB0FDF09B9FF4F34BFE01F016068B0FBE
:20F7F80020F2EE07910000F6D9FFC45074F83C06910000F6D9FFC45074FEDA004BF901F0D5
:20F8180016068B0F20F26E113BB0FDF09B9FF4F34BF901F016038B0F20F26E07910000F69A
:20F83800D9FFC45068193C06910000F6D9FFC4506811910000F6D9FFC450486F7B0000046C
:20F858004B0F41F07B0027044B0F4180910000F6D9FFC450487F7B0000044B0F41F07B0085
:20F8780027044B0F4190910000F6D9FFC4504860910000F6D9FFC4504861910000F6D9FF84
:20F89800C4504872910000F6D9FFC450487F4BF241F06B1061FF7B1056046B0021FF3B0054
:20F8B80000049BC061046B0031AF910000F6D9FFC450486F7B4021046B0031FF7B002F04CE
:20F8D8004B0F41B0910000F6D9FFC450487F7B002F044B0F41C0910000F6D9FFC450487057
:20F8F800910000F6D9FFC4504871910000F6D9FFC450486F7B4021246B02312F910000F646
:20F91800D9FFC450486F7B4021346B0331FF7B1056346BF261F36B1061FF3B0000049BC043
:20F9380061046B0031DF4B9941F06B8861FF6BAA714F6DFFE7F86B0221F96B0A21084B0FC8
:20F958005140910000F6D9FFC4506DFF59E67B0000F44BF241F06CF24BCC41F06BBB61FFD7
:20F978006BDD714F6DFFCEF86B0231FC6B0D210B4B0F5140910000F6D9FFC4506DFF40E607
:20F998007B0000F44BF241F06CF34B9941F06B8861FF6BAA714F6DFFB5F86B0221F96B0AC1
:20F9B80021084B0F51406DFF2BE67B0000F44BF241E04B9941F06B8861FF6BAA714F6DFF28
:20F9D800A1F86B0231F96B0A21084B0F51406DFF17E67B0000F44BF241804BCC41F06BBB12
:20F9F80061FF6BDD714F6DFF8DF86B0221FC6B0D210B4B0F51406DFF03E67B0000F44BF27C
:20FA180041904BCC41006BBB61006BDD71406DFF79F86B0231FC6B0D210B4B0F51406DFFB3
:20FA3800EFE57B0000F44BF2411082004B0E01F016068B0F20F2EE083BB0FD009B900C0430
:20FA58006B0021EE3C0182004B0801F016068B0F20F2EE083BB0FD009B900C046B0021881C
:20FA78003C013BB0FDF09B9FF4F34BFE01F016068B0F20F2EE07910000F6D9FFC45068283E
:20FA98003C06910000F6D9FFC450682EDA004BF901F016068B0F20F26E113BB0FDF09B9F9B
:20FAB800F4F34BF901F016038B0F20F26E07910000F6D9FFC45068393C06910000F6D9FF23
:20FAD800C4506831910000F6D9FFE45091000026D922C450542FBB305C0F9B800C044B0FAA
:20FAF80051F07B403B044B0F41F04B0F31F1B4FF91000026D922EC50910000F6D9FFC45098
:20FB1800481FBB305C0F9B800C044B0F51F07B403B044B0F41F04B0F31F1B42F91000026AF
:20FB3800D922E850910000F6D9FFC450482FBB305C0F9B800C044B0F51F07B403B044B0F20
:20FB580041F04B0F31F1B42F91000026D922F050910000F6D9FFC450483FBB305C0F9B80A0
:20FB78000C044B0F51F07B403B044B0F41F04B0F31F1B42F910000F6D9FFEC5094FF8BAF76
:20FB980005F0370F70F0910000F6D9FFE45094F08B601A0037007030910000F6D9FFF05020
:20FBB80094F08BA00501370070203BE01000910000F6D9FFE85094F1A210370070104B0FA7
:20FBD80061F17B402B044B0F51F07B00F0036B0021FFBB0000089BB053044B0F41F04B0FF3
:20FBF80071813BF070F23FF804803BF070824B0361F17B402B044B0F51F07B00F0036B0098
:20FC180021FFBB0000089BB053044B0F41F04B0F71913BF070F23FF904803BF070924B029D
:20FC380061F17B402B044B0F51F07B00F0036B0021FFBB0000089BB053044B0F41F04B0F92
:20FC580071A13BF070F23FFA04803BF070A24B0161F17B402B044B0F51F07B00F0036B00F7
:20FC780021FFBB0000089BB053044B0F41F04B0F71513BF070F23FF504803BF070523B7063
:20FC980002406D0032173B30024002A56D002D173BD0014002956D0028173BB0024002850C
:20FCB8006D00231700903B00D0269B9212246B4461224B4441F0BBE0F408BB50061D9BA06F
:20FCD80014049BB10C146B1F61106BF261F04BF151F04B4F412000906D000E046D003600B5
:20FCF8006D003F006D00041082046D00150400904DC0E1FF16073C016E083C01910000F6A2
:20FD1800D9FFF45014FF6EFB4DC0E1FF16073C01910000F6D9FFF45010FFDA0134FF821892
:20FD3800DA003C0B910000F6D9FFF45010FF14F0E20837086880C21FBF2FF6FF82146D00FC
:20FD58001A10DF08EE7F00906DFFE3CD02246DFF37CD6DFFF2CD02246DFF76CD00909100AA
:20FD780000F6D9FFF8506DFF5CC968224DC0E1FF8F7F00413C01910000F6D9FFF8506DFFAE
:20FD980093C86812910000F6D9FFF8506DFF9EC974F2910000FFBCF16DFF80C9913000FFE4
:20FDB80039FF3506160F4B0F41F14BF251F03C013C01910000F6D9FFF8506CF30090404FEA
:20FDD8000258F64791000026D9228090142FEE023C1F91000026D922BC80142F6E033C0145
:20FDF8003C0091000026D922BC80DA00C21F342F6D0076033C0C91000048D9441282A00645
:20FE180040F502846D0075006D0004003CF500902008DA0074AFDA007801DA0074AF3C0F3B
:20FE3800DA0078013C045801C21F780158013BF0FF017FF0FAFF54AFC21F74AF54AF3BF043
:20FE5800FF007FF0EFFF0090201849A4000A6D003102911000F8D9FF2EB0F80249A4000A8F
:20FE78006D00EC018204BB00205C9B150050820682076D00261E91000046D944E0708204C7
:20FE980091000056D955DC603B0004506D004102820482156D0042200090910000F6D9FFDF
:20FEB800849014FF6E13820491000046D944DC706D000C2091000046D944E07091000056F8
:20FED800D955DC7082146D0040020090404676423C0E910000F6D9FF849014FF6E089100A6
:20FEF8000048D9441F8202546D0003000090D9AAE86F404C405D0248406E820089A08C0854
:20FF1800DA00ACA7DA007804DA00ACAADA00ACAB40D46DFF25F689A2100991000026D92254
:20FF3800C860092FC0086E08910000F6D9FFC860C84F2D0F0000910000F6D9FF849014F0BA
:20FF5800DF007B01910000F6D9FFC86009FFC008DF0F3F0109A096088CABC21FACAB910062
:20FF780000F6D9FFC860C83F82043700705040C42D0F000040D46DFFF3F589A21009910072
:20FF980000F6D9FFC86009F0C208910000F6D9FFC860086F4BF0010289A094083C0109DF6A
:20FFB8000008B01DEEFDDA00ACA73C11B0FD09D00008DA2F3E0509D00008DA5C7E0509AFC3
:20FFD800CE08C21FACA75804C2FF780409AFCE08FF2F05805804FF0FEB7F58040EFCB01D1E
:08FFF800F4AD49A4180A9100C0
:02000004800179
:200000000058D95505726DFF79F53C1709AFCE08EE0BF4AD49A4180A91000058D9550E72E8
:200020006DFF6CF53C0AF4AD49A4180A91000058D95505726DFF62F5DA00ACA63C4CDA001E
:20004000ACA73C2349A4180A6DFF96F509A0CC088CAA09A1CE0803F00AF17FF203803C1A7D
:2000600009AFCE0810AF49FF184A09A0CC088CAA09A1CE0803F00AF110A2092F180834FF2B
:2000800009AFCE08C21FACA709A0CE088CAA3FF0DB7F09AFCE0810AF49FF184ADA0034FF5C
:2000A000910000F6D9FFC86008708CABE2F08CABC21FACAB910000F6D9FFC860C83F8204B5
:2000C0003700705049A4184A2D0F000009AFCC08C21FACA609A9CC0849A4180A6DFF4CF59D
:2000E0008CAA4BF211029A103FF9ABFF74A849A4180A91000058D9551B726DFFFFF491002F
:2001000000F6D9FFC860087F09A09608E2F08CABC21FACAB910000F6D9FFC860C83F8204C6
:200120003700705049A4180A2D0F0000A00F7DEF5B00DA00ACA63C4CDA00ACA73C2240E4A4
:200140006DFF1AF509A0CC088CAA09A1CE0803F00AF17FF203803C1A09AFCE0810AF49FF24
:20016000184A09A0CC088CAA09A1CE0803F00AF110E2092F000834FF09AFCE08C21FACA7D5
:2001800009A0CE088CAA3FF0DC7F09AFCE0810AF49FF184ADA0034FF910000F6D9FFC86095
:2001A000087F09A09608E2F08CABC21FACAB910000F6D9FFC860C83F82043700705049A438
:2001C000184A2D0F000009AFCC08C21FACA609A8CC0840E46DFFD0F48CAA4BF211029A10B9
:2001E0003FF8ACFF3C3549A4185A82043B0010506DFFD4F1910000F6D9FFC860C82F40C479
:200200002D0F0000A00F7DEF1000F4AD89A8040989AE880949A4185A91000058D9552472C4
:200220006DFF6CF43C0CF4AD89A8040949A4185A91000058D9553D726DFF60F4910000F65F
:20024000D9FFC860C82F49A4185A2D0F00000090910000F6D9FFC860094FC008B4FF910091
:2002600000F6D9FFC860094FC208ACF1910000F6D9FFC860094FC408ACF2910000F6D9FF21
:20028000C8600C462CF6910000F6D9FFC8600C472CF7910000F6D9FFC86009428809E82258
:2002A000910000F6D9FFC86009428C09E83291000026D922C860CC44EC24910000F6D9FF64
:2002C0008490DA0134FF0090DA00B44FBBF0FFFFAC41BBF0FFFFAC42DAFF2C46DAFF2C47CB
:2002E000A00FEC42A00FEC43A00FEC44009082046D0038200090024F8204370F68506D00B7
:20030000202002F23C0100904C42424F6C423C064C4209401409A20F6C424C45094008098F
:200320007FF0F8FF0090404F024F405C0258A00201F2104491000048D9442B823B20225098
:200340006DFF4BFD8202E81C820034F02CF1DA006CF2DA006CF3684868583C010090404F61
:20036000405C0248A00201F2104491000048D9442B823B000B506DFF30FD8209A0027DC270
:20038000058082391D00B50014FF16056E0482491D00AF0014FF960434FF484F3F8FA480AB
:2003A000485F4820520A7F8A69800810DA003E0882115F012000DA025F0F3E003C5DC8129A
:2003C000482F102440C502A46DFFB6F040F402A46DFF9CFFC812482F102401CA00560BA87B
:2003E00080406DFFA9F00BA8804040F46DFF8EFF3C43C812482F532F20F01024532A204025
:2004000040C56DFF99F040F402A46DFF7FFFC812482F532F20F01024532A20F010C55AA8A3
:20042000532F20406DFF88F00BA8804040F46DFF6DFF3C22C812482F534F20F01024534A45
:20044000204040C56DFF78F040F402A46DFF5EFFC812482F534F20F01024534A20F010C507
:200460005AA8534F20406DFF67F00BA8804040F46DFF4CFF3C013C33081F82003E0682102C
:20048000BE008220BE0D3C2BC812482F102440C502846DFF51F040F402846DFF37FF3C1F56
:2004A000C812482F532F20F010245328204040C56DFF42F040F402846DFF28FF3C10C81234
:2004C000482F534F20F010245348204040C56DFF33F040F402846DFF19FF3C01484FA28FED
:2004E0006CF43C02825914FFB70F01F134FF02923C0100906D000C006D00470D6D001B1250
:200500006D00660C82046D00130000904DC0E2FF370FE1F78B0F20F23C010D004003000021
:200520003C013C018B0F00223C010090F6430D000003009020083BC0004049A4000A82659E
:200540006D00B901910000F6D9FF88900CA18F8F20F014A0A60FB4FF910000F6D9FF8C908B
:200560000CA38F8F20000CA2A6F0B4F0910000F6D9FF90900CA58F8F20000CA4A6F0B4F04E
:20058000009020083B20014049A4000A82656D009201910000F6D9FF94900CA18F8F20F0CB
:2005A00014A0A60FB4FF910000F6D9FF98900CA38F8F20000CA2A6F0B4F0910000F6D9FF64
:2005C0009C900CA58F8F20000CA4A6F0B4F00090201082083B4001406D00D90B8270B4A079
:2005E000DA0CACA23B3019F0ACA482048205BB0068699B86096082076D0003133BD0284061
:200600008215821682376D007D0C82046D001F016D008E01DF021200820491000048D9447E
:20062000AB9491000058D95586A43B700E506DFF5BFC82181D0008013BC0074082056D0078
:200640008F0182146D00A30B3B90054082056D0087013BE0054091000048D944AB923B00FF
:2006600000526D00AB013B90054082156D0078013B4001406D008B0B3B1002406D00E700E2
:20068000DF121200820491000048D944B2A491000058D95586A43B600F506DFF25FC821823
:2006A0001D00D2003BD007403BE000506D0058013B0004403B700A506D0052013B200440E5
:2006C0003BB00A506D004C018220DA003E0ADA01BE0582215F012000DA035F0F2A003C35B0
:2006E0003B10044082056D003B01910000F6D9FFA0907B0068F474FF3C373B1004408215C9
:200700006D002E01910000F6D9FFA0907B0060F474FF3C2A3B10044082256D0021019100B0
:2007200000F6D9FFA0907B0058F474FF3C1D3B10044082356D001401910000F6D9FFA090D1
:200740007B0050F474FF3C10820491000048D94487B491000058D95586A43BB011506DFF6B
:20076000C3FB82183C01DF1803803C6D8240DA003E0DDA01BE0ADA025F0F2700DA035F0F7B
:200780003300DA045F0F3F003C4C3B30044082456D00E600910000F6D9FFA0903BF026F179
:2007A0009B3F38F46CF13C4C3B30044082356D00D700910000F6D9FFA0903BF026F19B3FF9
:2007C00030F46CF13C3D3B30044082256D00C800910000F6D9FFA0903BF026F19B3F28F4CD
:2007E0006CF13C2E3B30044082156D00B900910000F6D9FFA0903BF026F19B3F20F46CF1AA
:200800003C1F3B30044082056D00AA00910000F6D9FFA0903BF026F19B3F18F46CF13C10D0
:20082000820491000048D944AEB491000058D95586A43B7014506DFF57FB82183C01DF18FE
:2008400003803C0102823C01009020080248DA006E0A3BD028406D00CB0AB0423B0000F2EF
:20086000742F3C093BD028406D00C20AB0427B0000F2742F82048F08485149A4000A82268D
:200880006D009A17DA016E0A3BD028406D00B00AB0423B0000F2742F3C093BD028406D0066
:2008A000A70AB0427B0000F2742F09A241083C01009020080248404C0259DA006E0A3BD00E
:2008C00028406D00950AB0423B0000F2742F3C093BD028406D008C0AB0427B0000F2742F25
:2008E00082048F08485149A4000A8B1900606D006317DA016E0A3BD028406D00790AB042B8
:200900003B0000F2742F3C093BD028406D00700AB0427B0000F2742FDA003C0610AF081073
:2009200034C0B01CC21FBF6FFBFF0090820982080280C21837087080DAFF7F0F0480821938
:200940003C0B82046DFF83FF022A82146D001F0ADA245FAFEFFF02923C0100900B45108841
:20096000DA006E0A3BD028406D00420AB0423B0000F2742F3C093BD028406D00390AB042DD
:200980007B0000F2742F8204028502966D000718DA016E0A3BD028406D002A0AB0423B0082
:2009A00000F2742F3C093BD028406D00210AB0427B0000F2742F00900248404F0259DA00B2
:2009C0006E0A3BD028406D00130AB0423B0000F2742F3C093BD028406D000A0AB0427B003A
:2009E00000F2742F8204028540F402966D001418DA016E0A3BD028406D00FA09B0423B008D
:200A000000F2742F3C093BD028406D00F109B0427B0000F2742F0090910000F6D9FF80A011
:200A200009FFC008532F20406DFF07EB402C910000F6D9FFB49014FFEE13DA006E093B20D7
:200A40001E406D00D509B042DA04742F3C093B201E406D00CD09B0427B4000F0742F820473
:200A60008205910000F6D9FF80A009FFC008C2FF370F7060910000F6D9FFB89009FFC00852
:200A8000C2FF370F70706D00710382003C0E532020F010CF91000026D922A890092FC00876
:200AA000B4FFC21037007000910000F6D9FF80A009FFC0083FF0EDFFDA003C0D910000F6F6
:200AC000D9FF80A009F4C00840C46D00BA05C21F370F70F0910000F6D9FFB89009F0C0083A
:200AE0003F0FEEFF910000F6D9FFB49014FFEE13DA016E093B201E406D007A09B042DA0439
:200B0000742F3C093B201E406D007209B0427B4000F0742F40C46DFF33E30090201849A4D1
:200B2000000A6DFFD3FBDA01B4AF910000F6D9FF80A009FFC008ACA1910000F6D9FFB890F0
:200B400009FFC008ACA2910000F6D9FFB09014FF82003E0682103E0982203E0C3C0CDA0612
:200B60002CA6DA082CA73C07DA082CA6DA102CA73C023C01911000F8D9FF6A11F803911037
:200B800000F8D9FF9880F80449A4000A6DFF62FB00902010DF045580910000F6D9FFB49096
:200BA000DA0034FF910000F6D9FF8CA03B101EF0B4FF910000F6D9FF84A03B401EF0B4FFD2
:200BC000910000F6D9FF88A03B201EF0B4FFDAD3B4AFDAD9ACA23B3019F0ACA48224820570
:200BE000BB0070689B3639603BE00C706D0009103B001E408215820682376D0083099100E0
:200C000000F6D9FF8CA094F48215820682376D007909910000F6D9FF88A094F4821582164D
:200C200082376D006F09910000F6D9FF84A094F48215821682376D0065091D008500910015
:200C400000F6D9FFB490DA0134FF910000F6D9FF8CA03B001EF0B4FF910000F6D9FF84A06A
:200C60003B401EF0B4FF910000F6D9FF88A03B201EF0B4FF3B001E408215820682376D00B7
:200C80004109910000F6D9FF84A094F48215820682376D003709910000F6D9FF88A094F46B
:200CA0008215821682376D002D093B301E408215820682376D0026093B501E408215820664
:200CC00082376D001F093B101E408215821682376D0018093B9016408215821682376D0031
:200CE00011093BA016408215821682376D000A093BB016408215821682376D0003093BC0A4
:200D000016408215821682376D00FC083B001A408215821682376D00F5083B101A40821501
:200D2000821682376D00EE083B201A408215821682376D00E7083B301A4082158216823759
:200D40006D00E008910000F6D9FFAC9014F46D00DC01910000F6D9FFBC9009F4C008910050
:200D600000F6D9FFA89009F5C0086D00C301DA016E14910000F6D9FF84A094F46D00380861
:200D8000B0428210910000F6D9FF84A094FF161F0FF0100074203C14910000F6D9FF84A00E
:200DA00094F46D002508B0427B100000910000F6D9FF84A094FF161F0FF010007420DA00CC
:200DC0006E14910000F6D9FF8CA094F46D001008B0428210910000F6D9FF8CA094FF161F22
:200DE0000FF0100074203C14910000F6D9FF8CA094F46D00FD07B0427B100000910000F678
:200E0000D9FF8CA094FF161F0FF01000742082546D00BD07DA016E14910000F6D9FF8CA074
:200E200094F46D00E507B0428210910000F6D9FF8CA094FF161F0FF0100074203C14910076
:200E400000F6D9FF8CA094F46D00D207B0427B100000910000F6D9FF8CA094FF161F0FF0FB
:200E6000100074203B8007406D009107910000F6D9FFB49014FFEE13DA006E093B201E4006
:200E80006D00B607B042DA04742F3C093B201E406D00AE07B0427B4000F0742F3B100140C9
:200EA0006D00D7043B8007406D0071073B6003406D00CF04910000F6D9FFAC9014FF8200B5
:200EC0003E0882103E0A82203E0D8230BE003C1482046D0054043C103B000C406D004F0467
:200EE0003C0B3B0007406D004A043C063B000A406D0045043C013BA003406D00AA048254A5
:200F00006D003D043B200B406D00A3043BC000406D0035043BC000406D00310482046D00B8
:200F20002E043B3003406D002A043B3003406D0026043B700B406D008C043B5003406D00C3
:200F40001E043BB00B406D0084043B9002406D0016043B200C406D007C0482146D000F0406
:200F60003B300C406D0075043B9001406D0007043B400C406D006D043B0002406D00FF03BF
:200F80003B500C406D0065043BA001406D00F7033B600C406D005D043BF001406D00EF03A1
:200FA0003B000D406D0055043B400A406D00E7033B100A406D00E3033B000E406D0049049C
:200FC0003B000D406D00DB033B8000406D00D7033BE000406D00D3033B9000406D00CF0314
:200FE0003B9000406D00CB0382546D00C8033B1003406D00C4033B3003406D00C0033B8042
:2010000004406D00BC033B7001406D00B8033B4001406D00B4033B5001406D00B0033B1035
:2010200003406D00AC033B4003406D00A8033B100E406D000E043B000D406D00A0033B8010
:2010400000406D009C033BE000406D0098033B9000406D0094033B9000406D0090033B503C
:2010600001406D008C033B1003406D0088033B3003406D0084033B8004406D0080033B7071
:2010800001406D007C033B4001406D0078033B5001406D0074033B1003406D0070033B40E6
:2010A00003406D006C033B1002406D00D2033B9002406D00CE03910000F6D9FFB49014FF41
:2010C000EE13DA016E093B201E406D009106B042DA04742F3C093B201E406D008906B042A1
:2010E0007B4000F0742F6DFF99FC6DFF19FD0090910000F6D9FFBC90B4F4910000F6D9FFDD
:20110000A890B4F50090910000F6D9FFAC9034F4DA003E48DA013E46DA02BE42DA03BE4025
:201120003C1D910000F6D9FF80A0DAF0B4FF910000F6D9FFB8903B0014F0B4FF3C0F9100E5
:2011400000F6D9FF80A03B0014F0B4FF910000F6D9FFB890DAF0B4FF3C010090910000F637
:20116000D9FFB09034F40090024F0B561088027A910000F6D9FF80A009F0C0080B0F30410E
:2011800091000048D94496C43BA014506DFF25F6910000F6D9FFB89009F0C0080B0830414D
:2011A00091000048D94496C43BB014506DFF15F6910000F6D9FF80A009F0C0080B09304154
:2011C00091000048D94496C43BC014506DFF05F6910000F6D9FFB89009F0C0080B0A30410B
:2011E00091000048D94496C43BD014506DFFF5F53BA002406D002D0302F46D008E01029498
:201200006D008B013BB002406D00230302846D00840102A46D0081013BC002406D00190342
:20122000009049AA00CA0B451088026A910000F6D9FF80A009F0C0080B0830419100004870
:20124000D94496C43BE025506DFFC7F5910000F6D9FFB89009F0C0080B0930419100004899
:20126000D94496C43BF025506DFFB7F5910000F6D9FFB49014FFEE13DA006E093B201E407E
:201280006D00B605B042824074203C093B201E406D00AE05B0427B4000F0742F910000F6F9
:2012A000D9FFB09014F0DA003E09DA015F0F4C00DA025F0FC2001D00C1009A58370F70606A
:2012C0009A79370F70700B8910486DFF4FFF82003C318B0A1EF0536F20F0910000F8D9FF6A
:2012E000139210FF01F000F614F182023C206F011000DA0603F20AF0532F20F010AF91003D
:201300000026D922BC90092FC008B4FF3C0EDA0603F20AF0532F20F010AF91000026D92291
:20132000A890092FC008B4FF86F1C212BF82E1FFC210BF60D0FF49A4000A3B0003406D00B4
:2013400080013C7B9A78370F70608BF900F0370F70700B8910486DFF09FF82033C648B0A79
:201360001E00530021F0910000F8D9FF7B1210FF01F300F614F08B0A1E10530121F0910047
:2013800000F8D9FF7B1210FF01F300F6088482013C206F001000DA0803F10A23532220F085
:2013A00010AF91000026D922BC900922C008B4F23C0EDA0803F10A23532220F010AF9100B5
:2013C0000026D922A8900922C008B4F286F0C211BF81E1FF82003C246F041200DA0803F076
:2013E0000A138B0104F0532F20F010AF91000026D922BC90092FC008B4FF3C10DA0803F02D
:201400000AF38B0F04F0532F20F010AF91000026D922A890092FC008B4FF86F4C210BF80C8
:20142000DDFFC213BF839DFF49A4000A3B0008406D0007013C023C01910000F6D9FFB49010
:2014400014FFEE13DA016E093B201E406D00D004B042DA04742F3C093B201E406D00C80482
:20146000B0427B4000F0742F00900B451088404C910000F6D9FF80A009FFC0080BF8304165
:2014800091000048D94496C43BB02B506DFFA5F4910000F6D9FFB89009FFC0080BF93041A5
:2014A00091000048D94496C43BC02B506DFF95F4820A3C2C910000F6D9FFB09014F0DA0000
:2014C0003E07DA01BE0282215F011D003C1C8260030A0AF8370F704001CA00F609F6000805
:2014E00002956DFFA0FE3C0FDA0803FA0AF8370F704001CA00F609F6000802956DFF93FECD
:201500003C023C01C21A370A70A001CA00F609FF0008EED100900248910000F6D9FFB49016
:2015200014FFEE07822402856D0094111D008800DA006E093B201E406D005A04B042824036
:2015400074203C093B201E406D005204B0427B4000007420DA016E093B301E406D00480421
:20156000B042DA08742F3C093B301E406D004004B0427B8000007420DA006E093B501E407A
:201580006D003604B042DA20742F3C093B501E406D002E04B0427B0002F0742F8F883F40B0
:2015A0006D000A02DA016E093B501E406D002004B042DA20742F3C093B501E406D001804A0
:2015C000B0427B0002F0742FDA006E093B501E406D000E04B042DA20742F3C093B501E4093
:2015E0006D000604B0427B0002F0742F8FF80F416D00E201DA016E093B501E406D00F803A8
:20160000B042DA20742F3C093B501E406D00F003B0427B0002F0742FDA016E093B201E40A0
:201620006D00E603B042DA04742F3C093B201E406D00DE03B0427B4000F0742F0090404F36
:20164000024891000026D922B490142FEE08822440F402856D0037111D009000DA006E09FD
:201660003B201E406D00C403B042DA04742F3C093B201E406D00BC03B0427B4000F0742FA0
:20168000DA016E093B301E406D00B203B042DA08742F3C093B301E406D00AA03B0427B8081
:2016A00000F0742F3C55DA006E093B501E406D009F03B042DA20742F3C093B501E406D0093
:2016C0009703B0427B0002F0742F09F4C00886846D007201DA016E093B501E406D0088038C
:2016E000B042DA20742F3C093B501E406D008003B0427B0002F0742FDA006E093B501E4001
:201700006D007603B042DA20742F3C093B501E406D006E03B0427B0002F0742F09FFC00876
:201720008FFF0F416D004801DA016E093B501E406D005E03B042DA20742F3C093B501E404F
:201740006D005603B0427B0002F0742FB02F028FC2F8EEAADA016E093B201E406D0048033C
:20176000B042DA04742F3C093B201E406D004003B0427B4000F0742F00900248910000F6A7
:20178000D9FFB49014FFEE06822402856D00E3103C5EDA006E093B201E406D002903B0426A
:2017A000DA04742F3C093B201E406D002103B0427B4000F0742FDA016E093B301E406D0051
:2017C0001703B042DA08742F3C093B301E406D000F03B0427B8000F0742FDA006E093B508F
:2017E0001E406D000503B042DA20742F3C093B501E406D00FD02B0427B0002F0742F028465
:201800006D00DA00DA016E093B501E406D00F002B042DA20742F3C093B501E406D00E802D3
:20182000B0427B0002F0742FDA016E093B201E406D00DE02B042DA04742F3C093B201E40DD
:201840006D00D602B0427B4000F0742F00900248910000F6D9FFB49014FFEE2BDA006E0909
:201860003B001E406D00C402B042DA01742F3C093B001E406D00BC02B0427B1000F0742F13
:20188000822402856D006710DA016E093B001E406D00AE02B042DA01742F3C093B001E40E1
:2018A0006D00A602B0427B1000F0742F1D008300DA006E093B201E406D009A02B042DA0480
:2018C000742F3C093B201E406D009202B0427B4000F0742FDA006E093B101E406D00880235
:2018E000B042DA02742F3C093B101E406D008002B0427B2000F0742FDA016E093B301E405F
:201900006D007602B042DA08742F3C093B301E406D006E02B0427B8000F0742FDA006E09AF
:201920003B501E406D006402B042DA20742F3C093B501E406D005C02B0427B0002F0742F61
:2019400002846D003900DA016E093B501E406D004F02B042DA20742F3C093B501E406D0038
:201960004702B0427B0002F0742FDA016E093B201E406D003D02B042DA04742F3C093B2052
:201980001E406D003502B0427B4000F0742FDA016E093B101E406D002B02B042DA02742FFF
:2019A0003C093B101E406D002302B0427B2000F0742F0090910000F8D9FF2841C8628F94E0
:2019C00020F0910000F8D9FF2841C86F54F0B7008404A60F742F910000F8D9FF2841C88207
:2019E00086C4910000F8D9FF2841C88F54FFB70F04F0A6F474240090910000F6D9FFACA002
:201A000034F47C4691100048D9449A813C01910000F6D9FFA8A0F4F40090009082005320DA
:201A200020F0104F095141080C528F8F20F0A6F1B70195F5B4FFC210532020F0104F0C526A
:201A40008FDF3F100C53865FA6F1B70195F5B4FFC210532020F0104F0C538FAF3F100C54F9
:201A6000862FA6F10C558FAF20F0A6F1B70195F5B4FFC210532020F0104F0C558FFF3F10ED
:201A80000C56867FA6F1B70195F5B4FFC210532020F0104F0C568FCF3F100C57864FA6F1C1
:201AA000B70195F5B4FFC210532020F0104F0C578F9F3F000C58861FA6F00C598F9F20F06B
:201AC000A6F0B70095F5B4FF095F57085E33DA013C02DA002C4C910000F6D9FFC480DA013B
:201AE0002CFD00906D0057003B80BBF07F2F0880910000F6D9FFB4A0DA0034FF910000F686
:201B0000D9FFB4A014FF910000F6D9FFB8A010FF82246D00FA1134F2910000F6D9FFB4A0C9
:201B200091000026D922B4A0142FC21F34FF910000F6D9FFB4A014F0DA19FE09910000F610
:201B4000D9FFB8A014F0DA0FFE02910000F6D9FFB8A009FF5808EE0B91000046D944C48018
:201B600091000056D955B8A06DFF5AFF009082243B50C35006553BE000603BA000706D00D1
:201B80000312824491100048D944A4B16DFF36FF00904DC0E1FF16073C01370F48406DFF5D
:201BA00057BFBC216DFF86BA913000FF39FF3506160F4B0F41F14BF251F03C013C014B0F50
:201BC00071814DC0E1FF16073C01370F48406DFF3FBF4C243C01910000F6D9FFB0A054F0F4
:201BE0005204910000F6D9FFB0A074FF8205BB0024649BF6006082076DFFE4970B231048BC
:201C0000820702866DFF2E983C0100900D00000282046DFF8DF49100004F82046DFFFABEA8
:201C2000910000F6D9FF94B0DA0034FF0D00400200800D00000282046DFF7AF4C5F40040BD
:201C400082046DFFE7BE910000F6D9FF98B0DA0034FF0D004002008002484DC0E1FF160716
:201C60003C01370F48404DC0E20F3700E1078B0020F23C013C01EE0D6DFFEABE09201009D4
:201C80003C013C014C243C01A20F3F8FFDFF3C3A82FF5F4F3700DA003E44DA01BE4A3C3219
:201CA000910000F6D9FF94B0DA0134FF6DFF30F485FF100042F8A5F8300002246DFF38F48A
:201CC0003C01910000F6D9FF94B014FFEEFB3C1A910000F6D9FF98B0DA0134FF6DFF18F4A5
:201CE00085FF1040428FA5FF304002246DFF20F43C01910000F6D9FF98B014FFEEFB3C0267
:201D00003C01009020104DC0E2FF370FE1F78B0F20823C010D00400300003C013C018200F5
:201D200034A0DA002CA2DA1F2CA3DA002CA1DA017801DADCACA4DA002CAA9100004F49A5E0
:201D4000000A6DFFB0BE9100004F82046DFF62BEDA0034AFDA002CA2DA1F2CA3DA002CA1D9
:201D6000DA017801DADDACA4DA012CAAC5F4004049A5000A6DFF97BEC5F4004082046DFFBA
:201D800049BE76830D0000030090024FBB00C4097FF017803C0A3B0080429BB4E64E6DFF92
:201DA0005DFFBB00C409A20FBB00C4093FF0F5FF3B50C3400654E2F46DFF50FF3C073B509C
:201DC000C3400654E2F46DFF49FF0090DA003C0C534F2000600F9140003F30F3D93FD438E2
:201DE000820074F0C21FBF4FF57F0090BB00FEFF26F4DA005F4F3200DA405F4F34003B0047
:201E000014F05F4F35003B0016F05F4F36003B001AF05F4F37003B001CF05F4F38003B0024
:201E20001EF05F4F39003B0028F05F4F3A003B002AF05F4F3B003B002CF05F4F3C003B00B8
:201E40002EF05F4F3D003B0040F05F4F3E003B0042F05F4F3F003C429140002FD922000A45
:201E60003C3E9140002FD922008A3C399140002FD922000B3C349140002FD922004B3C2FC7
:201E80009140002FD92200CB3C2A9140002FD922400B3C259140002FD922404B3C209140BC
:201EA000002FD922000C3C1B9140002FD922004C3C169140002FD922008C3C119140002F28
:201EC000D92200CC3C0C9140002FD922008D3C079140002FD92200CD3C023C013C01009018
:201EE000024F02F46DFF84FF161F09202409570061FF6E0382123C0282023C013C01009099
:201F00000B451088026AF69DDA003E74DA023E743C05DA003C05DA083C03DA103C013C08D8
:201F2000DA043E723C03DAC03C03DA803C0102846DFF5EFF8FF80141402402F56DFF95A848
:201F400002846DFF55FF8FF80141820540246DFFBEA8DF19198076AC02846DFF49FF8FF841
:201F600001F182100FF01000892004093C0C02846DFF3EFF8FF801F17B1000000FF010008E
:201F8000892004090090910000F8D9FF20D0D4F46DFFEC9C910000F8D9FF20D0C8246DFF45
:201FA000E59C009020880249025A4DC0E2FF370FE1F78B0F20B23C010D00400300003C017F
:201FC0003C01DA024BF901426DFFFB9C402F49A4240A40F56DFF21A06DFF84B802246DFF38
:201FE00043C80B2310C882083C1C820702A60BCD10486DFFE7950B231048BB0024649BF64B
:20200000006082076DFF2E96BBF0FFFF7FF203803C0B8FFD1F1077CD800F0B0110C8C21877
:20202000DA103FF8E4FFDA103FF80280DA003E98DA013E9DDA02BE92DA03BE973C1DDA0002
:2020400089AF2418DA1E89AFA2183C16DA0089AF2A18DA1F89AFA8183C0FDA0089AF2418F2
:20206000DA2089AFA2183C08DA0189AF2A18DA2189AFA8183C01DA024BF90102DF01178011
:20208000DA0089AF0018DA0789AF2018DA0189AF211889A228090BCD10486DFF13C889A27B
:2020A0002409DA0089AF0C183C15DA0189AF0018DA0989AF2618DA0289AF271889A2300931
:2020C0000BCD10486DFFFEC789A22C09DA0089AF1418DA0089AF9A18DA0089AF9C18DA009D
:2020E00089AF012849A4000A49A5240A6DFFD09D02BF6E030D0000034D00D0FF16015E19A7
:20210000DA0182103700010E37F0040C89F0283949A4000A6DFF9B9F0090DAAB3F4F0D00AE
:20212000DA003FF40A005AF4910000F8D9FFFC0190FFD4FFDC0F1D00F20391000028D922C9
:202140005C001D00F60391000028D92238E01D00F00391000028D92248001D00EA0391009A
:202160000028D92234F01D00E40391000028D92220F01D00DE0391000028D9220CF01D0085
:20218000D80391000028D92244101D00D20391000028D92258101D00CC0391000028D922AE
:2021A0006C101D00C60391000028D92270001D00C00391000028D9227C201D00BA039100FE
:2021C0000028D92268201D00B40391000028D92254201D00AE0391000028D92240201D0059
:2021E000A80391000028D92278301D00A20391000028D9224C401D009C0391000028D92266
:2022000050301D00960391000028D92264301D00900391000028D92248501D008A03910009
:202220000028D92274401D00840391000028D92260401D007E0391000028D92244601D00BC
:20224000780391000028D92258601D00720391000028D9225C501D006C0391000028D92265
:2022600070501D00660391000028D92254701D00600391000028D92240701D005A039100B1
:202280000028D9226C601D00540391000028D92268701D004E0391000028D9227C701D0024
:2022A000480391000028D9224C901D00420391000028D92278801D003C0391000028D92225
:2022C00064801D00360391000028D92250801D00300391000028D92260901D002A03910071
:2022E0000028D9225CA01D00240391000028D92248A01D001E0391000028D92274901D00CC
:20230000180391000028D92270A01D00120391000028D9226CB01D000C0391000028D922FC
:2023200058B01D00060391000028D92244B01D00000391000028D92240C01D00FA02910049
:202340000028D92268C01D00F40291000028D92254C01D00EE0291000028D92248F01D0041
:20236000E80291000028D9227CC01D00E20291000028D92274E01D00DC0291000028D922CB
:202380004CE01D00D60291000028D92260E01D00D00291000028D92278D01D00CA029100C3
:2023A0000028D92264D01D00C40291000028D92250D01D00BE0291000028D92270F01D0001
:2023C000B80291000028D92284001D00B20291000028D92298001D00AC0291000028D9226F
:2023E0005CF01D00A60291000028D922A4201D00A00291000028D922BC101D009A029100CB
:202400000028D92290201D00940291000028D922A8101D008E0291000028D92294101D00A8
:20242000880291000028D92280101D00820291000028D922AC001D007C0291000028D9227E
:20244000A0301D00760291000028D922B4301D00700291000028D922B8201D006A0291004A
:202460000028D9228C301D00640291000028D92284501D005E0291000028D922B0401D0034
:20248000580291000028D9229C401D00520291000028D92288401D004C0291000028D92246
:2024A00080601D00460291000028D92294601D00400291000028D92298501D003A0291004A
:2024C0000028D922AC501D00340291000028D92290701D002E0291000028D922BC601D009C
:2024E000280291000028D922A8601D00220291000028D922A4701D001C0291000028D922FE
:20250000B8701D00160291000028D92288901D00100291000028D922B4801D000A029100C1
:202520000028D922A0801D00040291000028D9228C801D00FE0191000028D9229C901D005C
:20254000F80191000028D92298A01D00F20191000028D92280B01D00EC0191000028D922E4
:20256000ACA01D00E60191000028D92284A01D00E00191000028D922B0901D00DA019100B8
:202580000028D92294B01D00D40191000028D922A4C01D00CE0191000028D922B8C01D0095
:2025A000C80191000028D922BCB01D00C20191000028D92290C01D00BC0191000028D922C0
:2025C000A8B01D00B60191000028D9228CD01D00B00191000028D92288E01D00AA0191007C
:2025E0000028D922B4D01D00A40191000028D922A0D01D009E0191000028D9229CE01D0045
:20260000980191000028D922ACF01D00920191000028D92298F01D008C0191000028D92287
:20262000B0E01D00860191000028D92284F01D00800191000028D922E8001D007A019100DB
:202640000028D922D4001D00740191000028D922C0001D006E0191000028D922E4101D002C
:20266000680191000028D922D0101D00620191000028D922FC001D005C0191000028D922FF
:20268000F8101D00560191000028D922F4201D00500191000028D922E0201D004A019100DB
:2026A0000028D922CC201D00440191000028D922C4401D003E0191000028D922F0301D00A4
:2026C000380191000028D922C8301D00320191000028D922DC301D002C0191000028D92207
:2026E000E8501D00260191000028D922D4501D00200191000028D922C0501D001A019100BB
:202700000028D922EC401D00140191000028D922D8401D000E0191000028D922FC501D0023
:20272000080191000028D922E0701D00020191000028D922CC701D00FC0091000028D922AF
:20274000E4601D00F60091000028D922F8601D00F00091000028D922D0601D00EA0091008D
:202760000028D922F4701D00E40091000028D922D8901D00DE0091000028D922C4901D0095
:20278000D80091000028D922C8801D00D20091000028D922DC801D00CC0091000028D922C9
:2027A000F0801D00C60091000028D922EC901D00C00091000028D922E4B01D00BA00910009
:2027C0000028D922D0B01D00B40091000028D922E8A01D00AE0091000028D922FCA01D0011
:2027E000A80091000028D922C0A01D00A20091000028D922D4A01D009C0091000028D922C9
:20280000DCD01D00960091000028D922F4C01D00900091000028D922C8D01D008A009100C0
:202820000028D922CCC01D00840091000028D922E0C03C7E91000028D922F8B03C79910098
:202840000028D922ECE03C7491000028D922C4E03C6F91000028D922D8E03C6A910000280B
:20286000D922F0D03C6591000028D922C0F03C6091000028D922FCF03C5B91000028D92211
:20288000E8F03C5691000028D922D4F03C5191000028D9220C113C4C91000028D922380183
:2028A0003C4791000028D92210013C4291000028D92224013C3D91000028D92208213C38AF
:2028C00091000028D92234113C3391000028D92220113C2E91000028D9221C213C2991005A
:2028E0000028D92218313C2491000028D92204313C1F91000028D92230213C1A91000028B4
:20290000D9222C313C1591000028D92214413C1091000028D92200413C0B8204910000481E
:20292000D94480D43B3010506DFF57EAA0023C01009020389100014F6DFF28A1910001FF40
:2029400019FF00C0AE1F9100014F8204BB0068599B85B9546DFF0DA39100014F82246DFFB3
:20296000EDA249A4000A9100015F6DFF91A282083C1982093C13370868F02CA4370948F0A9
:202980002CA549A4240A49A5000A6DFFE0A149A4240A82146DFFBEA2C219DA083FF9ED7F88
:2029A000C218BF48E87F00902038024F0B5610883B0071020B90504191000048D94480D479
:2029C0003B8015506DFF09EA02F46DFFA8FB402F14FF82003E0882103E0782203E068230BA
:2029E0003E053C053C043C033C023C019100014F6DFFCCA09100012F192F00C0AE1F910079
:202A0000014F8204BB0068599B85B9546DFFB1A29100014F82246DFF91A249A4000A9100CA
:202A2000015F6DFF35A214FF2CA409FF01082CA5BB0068F99B8FB9F44B0861014B0F51F0EB
:202A40004B0F71F17802F807DA0189AF120814FF82003E0A8210BE0882205F0F26008230F7
:202A60005F0F33003C418205029409A6080982076DFFA890FB0071620B2310486DFFF290EC
:202A800089A20C093C318205029409A6080982076DFF9890FB0071620B2310486DFFE2905D
:202AA00089A20C093C218205029409A6080982076DFF8890FB0071620B2310486DFFD2906D
:202AC00089A20C093C118205029409A6080982076DFF7890FB0071620B2310486DFFC2907D
:202AE00089A20C093C0149A4240A49A5000A6DFF2EA149A4240A82146DFFF8A10090024F74
:202B000002583B0071020B80504191000048D94480D43B7013506DFF60E902F46DFFFFFA29
:202B2000402F14FF3B008000E20F60F29110013F3023D934000D09F401086DFF97A014FF0B
:202B400082003E0A8210BE0682205F0F220082305F0F2D003C3982050284820702266DFF37
:202B60003190FB0071620B2310486DFF7B9002283C2B82050284820702266DFF2390FB0060
:202B800071620B2310486DFF6D9002283C1D82050284820702266DFF1590FB0071620B2325
:202BA00010486DFF5F9002283C0F82050284820702266DFF0790FB0071620B2310486DFF6C
:202BC000519002283C0114FF3B008000E20F60F29110013F3023D934000D09F401080285C1
:202BE0006DFF66A00090094F4218370FE3013C04094F10293C01020FC2F0EEFB009049AABA
:202C000020BA0B4510880B6710A809ACA04809ADA44809AEA848DA644BFB01020B08004107
:202C200091000048D944A7D43BA03D506DFFD5E8DA644BFC01020B08004191000048D944C0
:202C4000A7D43BB03D506DFFC8E8DA644BFD01020B08004191000048D944A7D43BC03D508F
:202C60006DFFBBE83B3019F03EEEDA644BFE01020B08004191000048D944A7D43BF03D509E
:202C80006DFFABE8910000F6D9FFE480B4FE370848406DFF67A4402CB4AE49A4103A49A58F
:202CA000283A0B8B10480BCD10686D00900149A4040A40C56DFF97A8DA002CA4BB00C2FBA9
:202CC0009BEFC3F47805DA002CAC49AF103AF80949A4300A49A5040A6DFF5FA649A4303A56
:202CE00049A5300A6DFF3BA64B0A61F1783DDA003E99DA01BE93DA02BE9EDA035F9F2700EC
:202D00003C3109AF7838B70F81F189AF383809AF7838961089AF38383C2509AF7838B70FB9
:202D200081F189AF383809AF7838B70F01F289AF38383C1809AF7838960889AF383809AFF6
:202D40007838961089AF38383C0D09AF7838960889AF383809AF7838B70F01F289AF3838B5
:202D60003C0109AF7838962089AF383809A0F838DA0837F006F389AFB83809AF7938B70F1E
:202D800001F289AF393809A2E83989A2CC493B3019F07EE609AF7838960489AF383849A41C
:202DA0003C1A49A5303A6DFFE8A43B3019F05FEF2D80D83CD4FFC8AF09FF5108B70F01F385
:202DC00089FF110882048205820640C46DFF13A4910000F6D9FFE4803B3019F0B4FFDA00D2
:202DE0003E88DA013E89DA023E8ADA033E8B3C0D3B2001E03C0A3B8007E03C073BE00DE069
:202E00003C043B4014E03C01DA0509C0560837F003F289CF1608534820F0910000F6D9FF24
:202E2000D48010FF4CC674FF534820F0910000F6D9FFD48010FF534820F091000026D922E0
:202E4000D4801022092FC208B77F85F3ACF1534820F0910000F6D9FFD48010FF534820F087
:202E600091000026D922D4801022142FB71F03F234FF534820F0910000F6D9FFD48010FF6C
:202E8000534820F091000026D922D4801022142FB71F83F034FF534820F0910000F6D9FF86
:202EA000D48010F2534820F0910000F6D9FFD48010FF081FB71F03F12C21534820F09100D5
:202EC00000F6D9FFD48010FF534820F091000026D922D4801022092FC008B71F83F3B4FFDF
:202EE000534820F0910000F6D9FFD48010F2534820F0910000F6D9FFD48010FF082F962018
:202F00002C22534820F0910000F6D9FFD48010F2534820F0910000F6D9FFD48010FF082F5F
:202F2000B70F81F12C22534820F0910000F6D9FFD48010F2534820F0910000F6D9FFD4804D
:202F400010FF082FB70F01F32C22534820F0910000F6D9FFD48010F2534820F0910000F691
:202F6000D9FFD48010FF082FB71F03F02C22534820F0910000F6D9FFD48010F2534820F0BD
:202F8000910000F6D9FFD48010FF081FB71F83F22C21534820F0910000F6D9FFD48010F250
:202FA000534820F0910000F6D9FFD48010FF0830DA664BFE0122DA064BF301229AD2370FCD
:202FC00068F037F004F22C2300900B67108894AF404F405C3B80000089F014083B00080092
:202FE00028C03B0008002840820089F01508820089C005083B00080089C0040882005F4095
:203000000D0082105F40C20082205F408B0182305F4087021D00CF03F65791000028D92219
:203020000071F4F23C12DF15088091000028D9221071F4F23C0A820491000048D944A7D417
:203040003B1004506DFFC9E6DF68088091000028D9222061E8223C12DF78088091000028C2
:20306000D9223061E8223C0A820491000048D944A7D43B5004506DFFB0E63BC000005F0939
:20308000088091000028D9221061E8423C0A820491000048D944A7D43B8004506DFF9DE61E
:2030A0003B2001007E07910000F8D9FF2071F4CF3C6A3B8001007E07910000F8D9FF0881A9
:2030C000F4CF3C613BE001007E07910000F8D9FF1C81F4CF3C583B4002007E07910000F80F
:2030E000D9FF3081F4CF3C4F3BA002007E07910000F8D9FF0491F4CF3C463B0003007E0799
:20310000910000F8D9FF1891F4CF3C3D3B6003007E07910000F8D9FF2C91F4CF3C343BC0FA
:2031200003007E07910000F8D9FF00A1F4CF3C2B3B2004007E07910000F8D9FF14A1F4CF1E
:203140003C223B8004007E07910000F8D9FF28A1F4CF3C193B0006007E07910000F8D9FF64
:203160003471F4CF3C103B3019007E04A00FF4CF3C0A820491000048D944A7D43B600550F6
:203180006DFF2BE61D0017033B6006005F05088091000028D9220CC1F4F23C143B70060086
:2031A0005F05088091000028D9221CC1F4F23C0A820491000048D944A7D43BE005506DFF93
:2031C0000CE63BC006005F08088091000028D9221CB1E8223C1E3BD006005F080880910097
:2031E0000028D9222CB1E8223C143BE006005F08088091000028D9223CB1E8223C0A8204EE
:2032000091000048D944A7D43B3006506DFFE5E53B2007005F09088091000028D9223CA163
:20322000E8423C143B3007005F09088091000028D9220CB1E8423C0A820491000048D94455
:20324000A7D43B7006506DFFC8E53B8007007E07910000F8D9FF2CC1F4CF3C613BE00700C2
:203260007E07910000F8D9FF00D1F4CF3C583B4008007E07910000F8D9FF14D1F4CF3C4FA4
:203280003BA008007E07910000F8D9FF28D1F4CF3C463B0009007E07910000F8D9FF3CD1F0
:2032A000F4CF3C3D3B6009007E07910000F8D9FF10E1F4CF3C343BC009007E07910000F812
:2032C000D9FF24E1F4CF3C2B3B200A007E07910000F8D9FF38E1F4CF3C223B800A007E0718
:2032E000910000F8D9FF0CF1F4CF3C193BE00A007E07910000F8D9FF20F1F4CF3C103B30C2
:2033000019007E04A00FF4CF3C0A820491000048D944A7D43B4007506DFF5FE51D004B0277
:203320003BC00C005F05088091000028D9227411F4F23C323BD00C005F0508809100002851
:20334000D9224421F4F23C283BE00C005F05088091000028D9225421F4F23C1E3BF00C0010
:203360005F05088091000028D9226421F4F23C143B000D005F05088091000028D922742175
:20338000F4F23C0A820491000048D944A7D43BE007506DFF22E53B200D005F08088091003D
:2033A0000028D9224411E8223C1E3B300D005F08088091000028D9225411E8223C143B40DC
:2033C0000D005F08088091000028D9226411E8223C0A820491000048D944A7D43B300850BE
:2033E0006DFFFBE43B800D005F09088091000028D9227401E8423C323B900D005F09088041
:2034000091000028D92234F1E8423C283BA00D005F09088091000028D9224401E8423C1EF0
:203420003BB00D005F09088091000028D9225401E8423C143BC00D005F0908809100002870
:20344000D9226401E8423C0A820491000048D944A7D43BA008506DFFC0E43BE00D007E07B5
:20346000910000F8D9FF4431F4CF3C583B400E007E07910000F8D9FF5831F4CF3C4F3BA0FE
:203480000E007E07910000F8D9FF6C31F4CF3C463B000F007E07910000F8D9FF4041F4CFE2
:2034A0003C3D3BC00F007E07910000F8D9FF5441F4CF3C343B2010007E07910000F8D9FF8A
:2034C0006841F4CF3C2B3B8010007E07910000F8D9FF7C41F4CF3C223BE010007E07910049
:2034E00000F8D9FF5051F4CF3C193B4011007E07910000F8D9FF6451F4CF3C103B30190089
:203500007E04A00FF4CF3C0A820491000048D944A7D43B6009506DFF60E41D004C013B2011
:2035200013005F05088091000028D9227881F4F23C323B3013005F05088091000028D9226D
:203540005881F4F23C283B4013005F05088091000028D9226881F4F23C1E3B5013005F05EF
:20356000088091000028D9224891F4F23C143B6013005F05088091000028D9225891F4F2E3
:203580003C0A820491000048D944A7D43B000A506DFF23E43B8013005F0808809100002870
:2035A000D9225871E8223C323B9013005F08088091000028D9226871E8223C283BA0130019
:2035C0005F08088091000028D9227871E8223C1E3BB013005F08088091000028D9224871A1
:2035E000E8223C143BC013005F08088091000028D9224881E8223C0A820491000048D9442B
:20360000A7D43B700A506DFFE8E33BE013005F09088091000028D9227851E8423C323BF095
:2036200013005F09088091000028D9225861E8423C283B0014005F09088091000028D92299
:203640006861E8423C1E3B1014005F09088091000028D9227861E8423C143B2014005F09F0
:20366000088091000028D9224861E8423C0A820491000048D944A7D43BE00A506DFFADE38D
:203680003B4014007E08910000F8D9FF6891F4CF1D0090003BA014007E08910000F8D9FF75
:2036A00078A1F4CF1D0086003BB014007E07910000F8D9FF4CB1F4CF3C7C3B0015007E0759
:2036C000910000F8D9FF60B1F4CF3C733B1015007E07910000F8D9FF74B1F4CF3C6A3B6097
:2036E00015007E07910000F8D9FF48C1F4CF3C613BC015007E07910000F8D9FF5CC1F4CF90
:203700003C583B2016007E07910000F8D9FF70C1F4CF3C4F3B8016007E07910000F8D9FF88
:2037200044D1F4CF3C463BE016007E07910000F8D9FF58D1F4CF3C3D3BF016007E0791005C
:2037400000F8D9FF6CD1F4CF3C343B4017007E07910000F8D9FF40E1F4CF3C2B3B601800B3
:203760007E07910000F8D9FF7C91F4CF3C223BC018007E07910000F8D9FF50A1F4CF3C1933
:203780003B2019007E07910000F8D9FF64A1F4CF3C103B3019007E04A00FF4CF3C0A820477
:2037A00091000048D944A7D43B000C506DFF15E33C0100900B541088404C026A3709484019
:2037C0006DFFD09E402D40D46DFF0FFA534920F0910000F6D9FFD48010FF54F0820137109D
:2037E000010089D0201989D824193C0109D042183700E3F16EFC40D46DFFF7F9DF1A0F80BB
:20380000534920F0910000F6D9FFD48010FF54FF8210370F01F089DF2019DA0089DF2419FE
:203820003C0109DF4218370FE3F16EFC09DF10293C0134CFB01CC2FADF0AE2FF3C0109DFAD
:2038400041186F3FFE7FBBF0FFFF89DF141900900B451088370848406DFF849E534820F02E
:20386000910000F6D9FFD48010FF54F082013710010089202019BB00F00F26908680892076
:2038800024193C01092F42181607EEFD534820F0910000F6D9FFD48010FF54FF8210370F7C
:2038A00001F0892F20198FF90FF1892F24193C01092F41186F3FFE7FBBF0FFFF892F141922
:2038C00000900248404C0259370848406DFF4A9E534820F0910000F6D9FFD48010FF54F05B
:2038E0008201371001008920201909C0C008BB00F01F26108680892024193C01092F4218CF
:203900001607EEFDDF190F80534820F0910000F6D9FFD48010FF54FF8210370F01F0892FD7
:20392000201909CFC00816FFB02C892F24193C01092F42181607EEFDC2F9DF09D8FF3C013A
:20394000092F41186F3FFE7FBBF0FFFF892F14190090024F0258370F48406DFF039E534F65
:2039600020F0910000F6D9FFD48010FF54FF8210370F01F0892F2019892824193C01092F05
:2039800042181607EEFD3C01092F41186F3FFE7FBBF0FFFF892F141900900B451088026A5A
:2039A000370848406DFFDE9D402C534820F0910000F6D9FFD48010FF54FF8200370F01F074
:2039C00089CF201940C46DFF10F989C924193C0109CF42181607EEFD534820F0910000F6A5
:2039E000D9FFD48010FF54FF8210370F01F089CF201989CA24193C0109CF42181607EEFDD8
:203A00003C0109CF41186F3FFE7FBBF0FFFF89CF141900900B541088404C026A3709484098
:203A20006DFFA09D534920F0910000F6D9FFD48010FF54F0820137100100892020198928CD
:203A400024193C01092F42181607EEFDDF1A0F80534920F0910000F6D9FFD48010FF54FF09
:203A60008210370F01F0892F201914CFB01C892F24193C01092F42181607EEFDC2FADF0A6C
:203A8000E7FF3C01092F41186F3FFE7FBBF0FFFF892F14190090A002DA003E48DA013E4BC3
:203AA000DA023E4EDA03BE413C1591000026D922E8803C1091000026D922D4A03C0B91000D
:203AC0000026D922C0C03C0691000026D922ECD03C013C01009020200B4510A80B7610882A
:203AE0004DC0E2FF370FE1F78B0F20C23C010D00400300003C013C01370A48406DFFD58AA3
:203B000091000046D944D8F040256DFF938E02A46D00C50202A46D005403910000F6D9FF54
:203B2000D8F0DA0889FF2C08910000F6D9FFD8F0DA04ACF4910000F6D9FFD8F04B0B61F1AB
:203B40006CF1910000F6D9FFD8F0DA072CFAA00FF4AFA00FF80449A4180A49A5080A0BA91A
:203B6000104802866D002800DA102CACDA8089AF1C08DA0089AF1D08910000F6D9FFD8F0FA
:203B800049A2000AE8A202A46DFF87FF91000056D955D8F040246DFF138C820502A46D0028
:203BA000C901820502A46D00960302CF6E030D0000030090DA003E4CDA015F4F4000DA021D
:203BC0005F4FC600DA035F4F27011D008901F658910000F8D9FF0C1080FF744F3C1CDF15BE
:203BE0000980910000F8D9FF1C1080FF744F3C13DF250980910000F8D9FF2C1080FF744FB2
:203C00003C0ADF350980910000F8D9FF3C1080FF744F3C01F668910000F8D9FF2C0080FF2B
:203C2000745F3C0ADF160980910000F8D9FF3C0080FF745F3C011D005401DF450980910011
:203C400000F8D9FF2C3080FF744F3C49DF550980910000F8D9FF3C3080FF744F3C40DF65E5
:203C60000980910000F8D9FF0C4080FF744F3C37DF750980910000F8D9FF1C4080FF744F7D
:203C80003C2EDA087E58910000F8D9FF2C4080FF744F3C25DA097E58910000F8D9FF3C40FC
:203CA00080FF744F3C1CDA0A7E58910000F8D9FF0C5080FF744F3C13DA0B7E58910000F81E
:203CC000D9FF1C5080FF744F3C0ADA0C7E58910000F8D9FF2C5080FF744F3C01DF46098052
:203CE000910000F8D9FF0C2080FF745F3C2EDF560980910000F8D9FF1C2080FF745F3C256D
:203D0000DF660980910000F8D9FF2C2080FF745F3C1CDF360980910000F8D9FF3C2080FFA4
:203D2000745F3C13DF760980910000F8D9FF0C3080FF745F3C0ADF260980910000F8D9FF5F
:203D40001C3080FF745F3C011D00CB00DA0D7E58910000F8D9FF0C7080FF744F3C2EDA0E72
:203D60007E58910000F8D9FF1C7080FF744F3C25DA0F7E58910000F8D9FF2C7080FF744FDF
:203D80003C1CDA107E58910000F8D9FF3C7080FF744F3C13DA117E58910000F8D9FF0C80BF
:203DA00080FF744F3C0ADA127E58910000F8D9FF1C8080FF744F3C01DA0B7E68910000F8E9
:203DC000D9FF3C5080FF745F3C25DA097E68910000F8D9FF0C6080FF745F3C1CDA0A7E68C2
:203DE000910000F8D9FF1C6080FF745F3C13DA0C7E68910000F8D9FF2C6080FF745F3C0AF4
:203E0000DA087E68910000F8D9FF3C6080FF745F3C013C66DA137E58910000F8D9FF2C90CC
:203E200080FF744F3C37DA147E58910000F8D9FF3C9080FF744F3C2EDA157E58910000F8E2
:203E4000D9FF0CA080FF744F3C25DA167E58910000F8D9FF1CA080FF744F3C1CDA177E58F7
:203E6000910000F8D9FF2CA080FF744F3C13DA187E58910000F8D9FF3CA080FF744F3C0AF7
:203E8000DA197E58910000F8D9FF0CB080FF744F3C01DA0E7E68910000F8D9FF2C8080FF63
:203EA000745F3C1CDA0F7E68910000F8D9FF3C8080FF745F3C13DA0D7E68910000F8D9FF1C
:203EC0000C9080FF745F3C0ADA107E68910000F8D9FF1C9080FF745F3C013C023C01009037
:203EE000404F82086DFFD9FDD424094F5208161F3C016E07D424821440F56DFF5F89821825
:203F000002823C0100902008DA0034AF6DFFC5FD3C01D42F09FF5208161F3C016EFBD424C8
:203F200049A5000A82146DFF498914A23C0100900258910000F6D9FFD8F0D4FF370448401B
:203F40006DFFB38891000046D944D8F040256DFF718C40F46DFF1989370868F06E03DA010B
:203F60003C02DA0009F0431837F001F289FF031876850C2196042C213C050C21B70F01F1E3
:203F80002C21009020200B4510A80B7610884DC0E2FF370FE1F78B0F20C23C010D004003CE
:203FA00000003C013C01370A48406DFF7E8891000046D944D8F040256DFF3C8C02A46D00E4
:203FC0006E0002A46D00FD00910000F6D9FFD8F0DA0889FF2C08910000F6D9FFD8F0DA0499
:203FE000ACF4910000F6D9FFD8F04B0B61F16CF1910000F6D9FFD8F0DA072CFA910000F640
:20400000D9FFD8F0DA0289FF1108910000F6D9FFD8F0DA0089FF1408910000F6D9FFD8F0B7
:20402000DA0789FF1508910000F6D9FFD8F0DA0189FF1608A00FF4AFA00FF80449A4180A46
:2040400049A5080A0BA9104802866DFFB5FDDA102CACDA8089AF1C08DA0089AF1D0891006E
:2040600000F6D9FFD8F049A2000AE8A202A46DFF14FD91000056D955D8F040246DFFA08932
:20408000821502A46DFF56FF820502A46D00230102CF6E030D0000030090DA003E4CDA0143
:2040A0005F4F2B00DA025F4F4900DA035F4F67001D008600910000F6D9FFD8F091000026E1
:2040C000D922EC90E8C2910000F6D9FFD8F091000026D922C490E8E2910000F6D9FFD8F0A1
:2040E000DA0189FFAE08910000F6D9FFD8F0DA0189FFB4083C64910000F6D9FFD8F0910009
:204100000026D922D8B0E8C2910000F6D9FFD8F091000026D922F0A0E8E2910000F6D9FFBA
:20412000D8F0DA0189FFAE08910000F6D9FFD8F0DA0189FFB4083C43910000F6D9FFD8F0B2
:2041400091000026D922C4D0E8C2910000F6D9FFD8F091000026D922DCC0E8E2910000F6A9
:20416000D9FFD8F0DA0189FFAE08910000F6D9FFD8F0DA0189FFB4083C22910000F6D9FF83
:20418000D8F091000026D922F0E0E8C2910000F6D9FFD8F091000026D922C8E0E8E291004F
:2041A00000F6D9FFD8F0DA0189FFAE08910000F6D9FFD8F0DA0189FFB4083C010090DA0063
:2041C0003E4BDA015F4F2600DA025F4F4000DA035F4F5A003C75910000F6D9FFD8F0DA0B3B
:2041E00089FFA008910000F6D9FFD8F0DA0A89FFA208910000F6D9FFD8F0DA0C89FFA40811
:20420000910000F6D9FFD8F0DA0089FF26083C61910000F6D9FFD8F0DA0D89FFA00891007B
:2042200000F6D9FFD8F0DA0E89FFA208910000F6D9FFD8F0DA0F89FFA408910000F6D9FF2B
:20424000D8F0DA0089FF26083C44910000F6D9FFD8F0DA1089FFA008910000F6D9FFD8F01E
:20426000DA1189FFA208910000F6D9FFD8F0DA1289FFA408910000F6D9FFD8F0DA0089FF51
:2042800026083C27910000F6D9FFD8F0DA1389FFA008910000F6D9FFD8F0DA1489FFA20802
:2042A000910000F6D9FFD8F0DA1589FFA408910000F6D9FFD8F0DA0089FF26083C0A820431
:2042C00091000048D9448EE43BC006506DFF85DD00900258910000F6D9FFD8F0D4FF370438
:2042E00048406DFFE28691000046D944D8F040256DFFA08A40F46DFF5587370868F06E0327
:20430000DA013C02DA0009F0431837F081F389FF031876850C2196042C213C050C21B70FD5
:2043200001F12C2100900248404F025F3C0714F502846D000600C2FFB01FEEFA00902008FF
:2043400034A56DFFAAFB3C01D42F08EF161F3C01EEFCD42449A5000A82146DFF25880090B1
:1E4360000248404F3C0909FF0008B01F370F685002846DFFE6FF09FF0008EEF60090E9
:2043800000000000000000000000000000000000000000000000000000000000000000001D
:2043A0000000000000000000000000000000000000000000000000000000000000000000FD
:2043C0000000000000000000000000000000000000000000000000000000000000000000DD
:2043E0000000000000000000000000000000000000000000000000000000000000000000BD
:2044000000000000000000000000000000000000000000000000000000000000000000009C
:2044200000000000000000000000000000000000000000000000000000000000000000007C
:2044400000000000000000000000000000000000000000000000000000000000000000005C
:2044600000000000000000000000000000000000000000000000000000000000000000003C
:2044800000000000000000000000000000000000000000000000000000000000000000001C
:2044A0000000000000000000000000000000000000000000000000000000000000000000FC
:2044C0000000000000000000000000000000000000000000000000000000000000000000DC
:2044E0000000000000000000000000000000000000000000000000000000000000000000BC
:2045000000000000000000000000000000000000000000000000000000000000000000009B
:2045200000000000000000000000000000000000000000000000000000000000000000007B
:2045400000000000000000000000000000000000000000000000000000A60160A40C006044
:20456000A40C0060000000005000000009000000F40C0060F40C00600000000050000000C2
:204580000A000100000000000000000000000000FFFFFFFF0600020000000000000000000C
:2045A0000000000000000000000000000000000000000000000000000000000000000000FB
:2045C0000000000000000000000000000000000000000000000000000000000000000000DB
:2045E0000000000000000000000000000000000000000000000000000000000000000000BB
:2046000000000000000000000000000000000000000000000000000000000000000000009A
:20462000000000001A1A01801A1A01801A1A01801A1A01801A1A01800000000000000000F1
:2046400000000000000000000000000000000000000000000000000000000000002D3101FB
:204660000050C347CDCCCC3DCDCCCC3DCDCCCC3DCDCCCC3DCDCCCC3DCDCCCC3D0050C347BA
:20468000CDCCCC3DCDCCCC3DCDCCCC3DCDCCCC3DCDCCCC3DCDCCCC3D0050C347CDCCCC3D52
:2046A000CDCCCC3DCDCCCC3DCDCCCC3DCDCCCC3DCDCCCC3D0050C347CDCCCC3DCDCCCC3D32
:2046C000CDCCCC3DCDCCCC3DCDCCCC3DCDCCCC3D0000C842CDCCCC3DCDCCCC3DCDCCCC3D62
:2046E000CDCCCC3DCDCCCC3DCDCCCC3D0000C84200004A420000000000000000000000003E
:204700000000000000000000000000000000640000000000404100000000000000000000B4
:20472000000000000000000000000000000000000000000000000000000000000000000079
:20474000000000000000000000000000000000000000000000000000000000000000000059
:20476000000000000000000000000000000000000000000000000000000000000000000039
:20478000000000000000000000000000000000000000000000000000000000000000000019
:2047A0000000000000000000000000000000000000000000000000000000000000000000F9
:2047C0000000000000000000000000000000000000000000000000000000000000000000D9
:2047E0000000000000000000000000000000000000000000000000000000000000000000B9
:20480000000000000000000000000000000000000000000000000000000000000000000098
:20482000000000000000000000000000000000000000000000000000000000000000000078
:20484000000000000000000000000000000000000000000000000000000000000000000058
:20486000000000000000000000000000000000000000000000000000000000000000000038
:20488000000000000000000000000000000000000000000000000000000000000000000018
:2048A0000000000000000000000000000000000000000000000000000000000000000000F8
:2048C0000000000000000000000000000000000000000000000000000000000000000000D8
:2048E0000000000000000000000000000000000000000000000000000000000000000000B8
:20490000000000000000000000000000000000000000000000000000000000000000000097
:20492000000000000000000000000000000000000000000000000000000000000000000077
:20494000000000000000000000000000000000000000000000000000000000000000000057
:20496000000000000000000000000000000000000000000000000000000000000000000037
:20498000000000000000000000000000000000000000000000000000000000000000000017
:2049A0000000000000000000000000000000000000000000000000000000000000000000F7
:2049C0000000000000000000000000000000000000000000000000000000000000000000D7
:2049E0000000000000000000000000000000000000000000000000000000000000000000B7
:204A0000000000000000000000000000000000000000000000000000000000000000000096
:204A2000000000000000000000000000000000000000000000000000000000000000000076
:204A4000000000000000000000000000000000000000000000000000000000000000000056
:204A6000000000000000000000000000000000000000000000000000000000000000000036
:204A8000000000000000000000000000000000000000000000000000000000000000000016
:204AA0000000000000000000000000000000000000000000000000000000000000000000F6
:204AC0000000000000000000000000000000000000000000000000000000000000000000D6
:204AE0000000000000000000000000000000000000000000000000000000000000000000B6
:204B0000000000000000000000000000000000000000000000000000000000000000000095
:204B2000000000000000000000000000000000000000000000000000000000000000000075
:204B4000000000000000000000000000000000000000000000000000000000000000000055
:204B6000000000000000000000000000000000000000000000000000000000000000000035
:204B8000000000000000000000000000000000000000000000000000000000000000000015
:204BA0000000000000000000000000000000000000000000000000000000000000000000F5
:204BC0000000000000000000000000000000000000000000000000000000000000000000D5
:204BE0000000000000000000000000000000000000000000000000000000000000000000B5
:204C0000000000000000000000000000000000000000000000000000000000000000000094
:204C2000000000000000000000000000000000000000000000000000000000000000000074
:204C4000000000000000000000000000000000000000000000000000000000000000000054
:204C6000000000000000000000000000000000000000000000000000000000000000000034
:204C8000000000000000000000000000000000000000000000000000000000000000000014
:204CA0000000000000000000000000000000000000000000000000000000000000000000F4
:204CC0000000000000000000000000000000000000000000000000000000000000000000D4
:204CE0000000000000000000000000000000000000000000000000000000000000000000B4
:204D0000000000000000000000000000000000000000000000000000000000000000000093
:204D2000000000000000000000000000000000000000000000000000000000000000000073
:204D4000000000000000000000000000000000000000000000000000000000000000000053
:204D6000000000000000000000000000000000000000000000000000000000000000000033
:204D80000000000000000000000000000000804533338341FFFF400100F8F000E401E20135
:204DA000E1010000000000000000000000000000000000000000000000000001000001000F
:1E4DC000010000000000000000000000000000000000000000000000000000000101D2
:204DE00000000000000000000000000000000000010000000000006038460180B80000009B
:204E000001000000B800006080430180A4020000010000005C030060F04601800A0000000E
:204E20000100000068030060FA46018002000000010000006C030060A84D0180010000009C
:204E40000100000070030060FC460180080000000100000078030060A94D0180010000005F
:204E6000010000007C030060AA4D0180010000000100000080030060AB4D0180010000007B
:204E80000100000084030060044701800200000001000000880300600647018002000000A0
:204EA000010000008C03006008470180020000000100000090030060AC4D018001000000C1
:204EC00001000000940300600A4701801400000001000000A8030060AD4D0180010000006C
:204EE00001000000AC030060AE4D01800100000001000000B0030060AF4D01800100000093
:204F000001000000B4030060B04D01800100000001000000B8030060B14D0180010000005E
:204F200001000000BC030060B24D01800100000001000000C0030060B34D0180010000002A
:204F400001000000C40300601E4701803802000001000000FC050060B44D01800300000022
:204F60000100000000060060564901807C020000010000007C080060B74D018003000000BF
:204F80000100000080080060D24B01808E01000001000000100A0060604D0180060000004C
:204FA00001000000180A0060664D01800E00000001000000280A0060744D01800200000055
:204FC000010000002C0A0060764D01800200000001000000300A0060784D01800200000011
:204FE00001000000340A00607A4D01800200000001000000380A00607C4D018004000000D7
:20500000010000003C0A0060BA4D01800100000001000000400A0060BB4D0180010000002B
:2050200001000000440A0060BC4D01800100000001000000480A0060804D01800200000033
:20504000010000004C0A0060824D01800200000001000000500A0060844D01800200000038
:2050600001000000540A0060864D01800200000001000000580A0060884D01800200000000
:20508000010000005C0A00608A4D01800200000001000000600A00608C4D01800A000000C0
:2050A000010000006C0A0060BD4D01800100000001000000700A0060BE4D01800100000025
:2050C00001000000740A0060BF4D01800100000001000000780A0060964D0180020000001A
:2050E000010000007C0A0060984D01800200000001000000800A00609A4D0180020000000C
:2051000001000000840A00609C4D01800200000001000000880A00609E4D018002000000D3
:20512000010000008C0A0060A04D01800200000001000000900A0060A24D0180020000009B
:2051400001000000940A0060C04D01800100000001000000980A00602446018014000000BF
:2051600001000000AC0A0060C14D01800100000001000000B00A0060A44D018004000000F7
:2051800001000000B40A0060C24D01800100000001000000B80A0060C34D01801900000092
:2051A00001000000D40A0060DC4D01800100000001000000D80A0060DD4D01800100000016
:2051C00002000000DC0A0060000000007601000002000000540C006000000000020000004C
:2051E00002000000580C0060000000000E01000002000000680D0060000000000200000001
:20520000020000006C0D0060000000000200000002000000700D00600000000002000000D0
:2052200002000000740D0060000000000200000002000000780D006000000000650000003D
:2052400002000000E00D0060000000004600000002000000280E00600000000041000000E0
:20526000020000006C0E0060000000002500000002000000940E00600000000041000000E8
:2052800002000000D80E0060000000002500000002000000000F00600000000041000000EF
:2052A00002000000440F00600000000025000000020000006C0F00600000000041000000F6
:2052C00002000000B00F0060000000002500000002000000D80F00600000000040000000FF
:2052E0000200000000000070000000000C000000010000000C000070EC4D018004000000F5
:205300000100000010000070E04D01800C0000000100000000001070305301806400000069
:20532000000000000000000000000000000000008204ED8083888204ED80AE883B60614307
:205340008205ED8078888204ED80C9853B602840820582168217ED80808F3B702840820547
:2053600082168217ED80808F3B201640820582168217ED80808F3B30164082058216821722
:14538000ED80808F3B902840820582168217ED80808F0090A6
:02000004800278
:2000000000000000700059B30000000000000000000000000000000064B81E799B47E18668
:02000004800F6B
:0A414000911000E8D9EE72EDDC0EDC
:0A416000911000E8D9EE46FDDC0ED8
:0A418000911000E8D9EE56EDDC0EB8
:0A41A000911000E8D9EE46FDDC0E98
:0A41C000911000E8D9EE72FDDC0E4C
:0A41E000911000E8D9EE56FDDC0E48
:0A420000911000E8D9EE46FDDC0E37
:0A422000911000E8D9EEAC0DDC0EA1
:0A424000911000E8D9EE900DDC0E9D
:0A426000911000E8D9EE46FDDC0ED7
:0A428000911000E8D9EEA61DDC0E37
:0A42A000911000E8D9EE8A1DDC0E33
:0A43C000911000E8D9EE207DDC0E1C
:0A43E000911000E8D9EE049DDC0EF8
:0A440000911000E8D9EE269DDC0EB5
:0A442000911000E8D9EE08ADDC0EA3
:0A450000911000E8D9EE76BDDC0E44
:0A452000911000E8D9EE62CDDC0E28
:0A456000911000E8D9EE5CDDDC0EDE
:0A478000911000E8D9EE58BDDC0EE0
:0A5B8000911000E8D9EECC01DC0E14
:0A5BA000911000E8D9EEF201DC0ECE
:040000058000002057
:00000001FF
