:0200000480007A
:2000000000000000700059B30000000000000000000000000000000064B81E799B47E18668
:20002000910000F8D9FF7466DC0F0090000600F000B403F00100000000000000000600F076
:2000400000B503F00300000001000000000600F000B403F00000000090000000000600F0D1
:2000600000B403F00100000090000000000600F000B503F00200000090000000000600F022
:2000800000B503F00300000090000000000700F000B503F00100000000000000000700F08E
:2000A00000B503F00500000001000000000700F000C003F00900000002000000000700F0E6
:2000C00000B103F00A00000004000000000700F000D303F00D00000005000000000700F0A8
:2000E00000A203F00300000006000000000700F000A203F00200000090000000000700F04D
:2001000000B103F00C00000090000000000700F000B503F00000000090000000000700F079
:2001200000B503F00100000090000000000700F000B503F00400000090000000000700F05C
:2001400000B503F00500000090000000000700F000C003F00A00000090000000000700F027
:2001600000D303F00C00000090000000000700F000D303F00D00000090000000000800F0CB
:2001800000B403F00300000000000000000800F000A203F00100000001000000000800F02E
:2001A00000B003F00600000003000000000800F000D303F00800000004000000000800F0D1
:2001C00000A203F00000000006000000000800F000A203F00000000090000000000800F06F
:2001E00000B003F00500000090000000000800F000B403F00200000090000000000800F09E
:2002000000B403F00300000090000000000800F000D303F00800000090000000000800F056
:2002200000D303F00900000090000000000900F000B503F00700000000000000000900F0BE
:2002400000C003F00300000002000000000900F000A003F00100000004000000000900F05C
:2002600000C103F00600000005000000000900F000A003F00000000098000000000900F0A2
:2002800000A003F00100000090000000000900F000B503F00600000090000000000900F00A
:2002A00000B503F00700000090000000000900F000C003F00000000090000000000900F0CA
:2002C00000C003F00300000090000000000900F000C103F00700000090000000000600F09E
:2002E00000000000000700F001000000000800F002000000000900F0030000000050C348B5
:20030000640000000050C348640000001400000000000000000000000100000000000000A5
:200320000000000000000000000000000000000000000000000001010700000000000901AA
:20034000000000000602000000000A03000000000000000000000000010100000000000086
:20036000002A00F000000000002B00F001000000000081F800000000000083F80100000052
:2003800000000000000000000000000000000000000000000000000000000000000000005D
:2003A0000000010000010F00010F000000000000000000000000000000000200000000001A
:2003C00000A203F00000000088000000000002003000000000C203F0010000008800000090
:2003E000000002003500000000C103F00200000088000000000002005500000000B403F08A
:200400000500000088000000000002000800000000A203F00800000088000000000002001E
:200420000900000000A003F00000000088000000000103006700000000B003F00100000089
:2004400088000000000102000A00000000A003F00100000088000000000102000B000000DD
:2004600000A003F00200000088000000000102000100000000A203F001000000880000003D
:20048000000102001F00000000D303F00900000088000000000102002F00000000C203F0FC
:2004A0000000000088000000000102003600000000C103F003000000880000000001020039
:2004C0005400000000B403F00400000088000000000203006800000000B003F00200000083
:2004E00088000000000203006B00000000B003F00500000088000000000202000C000000C4
:2005000000A003F00300000088000000000202000200000000A203F0020000008800000098
:20052000000202002100000000D303F00B00000088000000000202003700000000C103F04E
:200540000400000088000000000202005300000000B403F003000000880000000003030080
:200560006900000000B003F00300000088000000000303006C00000000B003F006000000C9
:2005800088000000000302000D00000000A003F0040000008800000000030200030000009A
:2005A00000A203F00300000088000000000302003100000000C203F00200000088000000A6
:2005C000000302003800000000C103F00500000088000000000302005200000000B403F09F
:2005E0000200000088000000000402000E00000000A003F005000000880000000004020037
:200600000400000000A203F00400000088000000000402003200000000C203F003000000C5
:2006200088000000000402003900000000C103F00600000088000000000402003D0000006E
:2006400000C003F00300000088000000000402005100000000B403F00100000088000000D5
:20066000000502000F00000000A003F00600000088000000000502002800000000D203F04F
:200680000400000088000000000502003A00000000C103F007000000880000000005020043
:2006A0000500000000A203F00500000088000000000602001000000000A003F00700000061
:2006C00088000000000602002A00000000C303F00100000088000000000602003B000000DE
:2006E00000C003F00000000088000000000602000600000000A203F006000000880000008E
:20070000000702001100000000A003F00800000088000000000702004000000000C003F0A0
:200720000800000088000000000702000700000000A203F0070000008800000001000300F1
:200740000000000000A203F00000000088000000010003003000000000C203F00100000092
:2007600088000000010003003500000000C103F00200000088000000010002004400000033
:2007800000C003F00C00000088000000010002004C00000000B503F005000000880000008E
:2007A000010002004D00000000B503F00600000088000000010003000800000000A203F012
:2007C0000800000088000000010003000900000000A003F00000000088000000010102005D
:2007E0006700000000B003F00100000088000000010103000A00000000A003F001000000C3
:2008000088000000010103000B00000000A003F0020000008800000001010300010000001D
:2008200000A203F00100000088000000010103001F00000000D303F009000000880000001F
:20084000010103002F00000000C203F00000000088000000010103003600000000C103F038
:200860000300000088000000010102004500000000C003F00D000000880000000101020058
:200880004E00000000B503F00700000088000000010102004F00000000B503F008000000D0
:2008A00088000000010102005600000000B403F006000000880000000102020068000000B4
:2008C00000B003F00200000088000000010202006B00000000B003F005000000880000004B
:2008E000010203000C00000000A003F00300000088000000010203000200000000A203F02B
:200900000200000088000000010203002100000000D303F00B0000008800000001020300C7
:200920003700000000C103F00400000088000000010202004600000000C003F00E00000034
:2009400088000000010202005000000000B403F0000000008800000001030200690000001C
:2009600000B003F00300000088000000010302006C00000000B003F00600000088000000A6
:20098000010303000D00000000A003F00400000088000000010303000300000000A203F085
:2009A0000300000088000000010303003100000000C203F00200000088000000010303002E
:2009C0003800000000C103F00500000088000000010302004700000000B503F000000000A9
:2009E00088000000010403000E00000000A003F0050000008800000001040300040000002D
:200A000000A203F00400000088000000010403003200000000C203F003000000880000003B
:200A2000010403003900000000C103F00600000088000000010403003D00000000C003F03B
:200A40000300000088000000010402004800000000B503F001000000880000000105030082
:200A60000F00000000A003F00600000088000000010503002800000000D203F0040000004C
:200A800088000000010503003A00000000C103F0070000008800000001050300050000003A
:200AA00000A203F00500000088000000010502004100000000C003F0090000008800000087
:200AC000010502004900000000B503F00200000088000000010603001000000000A003F0E6
:200AE0000700000088000000010603002A00000000C303F0010000008800000001060300EA
:200B00003B00000000C003F00000000088000000010602004200000000C003F00A00000057
:200B200088000000010603000600000000A203F00600000088000000010602004A000000A7
:200B400000B503F00300000088000000010703001100000000A003F0080000008800000023
:200B6000010702004300000000C003F00B00000088000000010702004B00000000B503F0E5
:200B80000400000088000000010703000700000000A203F00700000088000000020002008F
:200BA0001200000000A003F00900000088000000020002001A00000000D303F00400000017
:200BC00088000000020002002000000000D303F00A000000880000000200030044000000C8
:200BE00000C003F00C00000088000000020002005E00000000B303F003000000880000001B
:200C0000020102001B00000000D303F00500000088000000020103004500000000C003F063
:200C20000D00000088000000020102005F00000000B103F002000000880000000202020087
:200C40001C00000000D303F00600000088000000020203004600000000C003F00E00000016
:200C600088000000020202006000000000B103F0030000008800000002030200150000003B
:200C800000A003F00C00000088000000020302001D00000000D303F00700000088000000B4
:200CA000020303004700000000B503F00000000088000000020302006100000000B103F0A9
:200CC0000600000088000000020402001E00000000D303F008000000880000000204020002
:200CE0002200000000D303F00C00000088000000020403004800000000B503F0010000007E
:200D000088000000020402006200000000B103F00900000088000000020502002300000080
:200D200000D303F00D00000088000000020503004100000000C003F00900000088000000C9
:200D4000020503004900000000B503F00200000088000000020502005B00000000B303F004
:200D60000000000088000000020502006300000000B103F00A00000088000000020602003F
:200D80006400000000B103F00B00000088000000020602002400000000D203F000000000C5
:200DA00088000000020602003E00000000C003F006000000880000000206030042000000D5
:200DC00000C003F00A00000088000000020603004A00000000B503F0030000008800000046
:200DE000020602005C00000000B303F00100000088000000020702006500000000B103F04A
:200E00000C00000088000000020702003F00000000C003F0070000008800000002070300A6
:200E20004000000000C003F00800000088000000020703004300000000C003F00B00000022
:200E400088000000020703004B00000000B503F00400000088000000020702005D00000017
:200E600000B303F00200000088000000030003001200000000A003F0090000008800000006
:200E8000030003001A00000000D303F00400000088000000030003002000000000D303F0F4
:200EA0000A00000088000000030003004C00000000B503F005000000880000000300030013
:200EC0004D00000000B503F00600000088000000030003005500000000B403F00500000088
:200EE00088000000030003005E00000000B303F00300000088000000030103001B000000B3
:200F000000D303F00500000088000000030103004E00000000B503F00700000088000000F2
:200F2000030103004F00000000B503F00800000088000000030103005400000000B403F021
:200F40000400000088000000030103005600000000B403F00600000088000000030103006C
:200F60005F00000000B103F00200000088000000030203001C00000000D303F006000000F4
:200F800088000000030203005000000000B403F000000000880000000302030053000000E7
:200FA00000B403F00300000088000000030203006000000000B103F0030000008800000068
:200FC000030303001500000000A003F00C00000088000000030303001D00000000D303F0E0
:200FE0000700000088000000030303005200000000B403F0020000008800000003030300CD
:201000006100000000B103F00600000088000000030403001E00000000D303F00800000047
:2010200088000000030403002200000000D303F00C00000088000000030403005100000047
:2010400000B403F00100000088000000030403006200000000B103F00900000088000000BF
:20106000030503002300000000D303F00D00000088000000030503005B00000000B303F0DB
:201080000000000088000000030503006300000000B103F00A000000880000000306030018
:2010A0006400000000B103F00B00000088000000030603002400000000D203F000000000A0
:2010C00088000000030603003E00000000C003F00600000088000000030603005C00000095
:2010E00000B303F00100000088000000030703006500000000B103F00C0000008800000017
:20110000030703003F00000000C003F00700000088000000030703005D00000000B303F031
:20112000020000008800000000A003F00000000000A203F00200000000B003F00A0000004E
:2011400000B103F00B00000000B303F00D00000000B403F00E00000000B503F00F000000C1
:2011600000C003F01400000000C103F01500000000C203F01600000000C303F01700000047
:2011800000D203F02000000000D303F021000000001C00F000C003F00C00000000000000B8
:2011A000001C00F000C003F00C000000A0000000001C00F000C003F00E000000980000005F
:2011C000001C00F000C003F00B00000098000000001C00F000C003F00D000000A800000039
:2011E000001C00F00000000000C003F00800000098000000001C00F00D00000000B503F0CF
:201200000000000098000000001C00F00100000000C003F00900000098000000001C00F0C9
:201220000200000000C003F00D00000098000000001C00F00300000000B103F00A00000097
:2012400098000000001C00F00400000000B103F00B00000098000000001C00F0050000008E
:2012600000B103F00200000098000000001C00F00600000000C003F00A00000098000000C9
:20128000001C00F00700000000D303F00500000090000000001C00F00800000000C003F019
:2012A0000600000098000000001C00F00900000000C003F00300000098000000001D00F020
:2012C00000B003F00100000000000000001D00F000B103F00300000001000000001D00F0A8
:2012E00000B003F00100000090000000001D00F000B003F00300000098000000001D00F062
:2013000000B103F00900000098000000001D00F000B003F00200000098000000001D00F031
:2013200000B103F00600000098000000001D00F00000000000C003F008000000A000000003
:20134000001D00F00100000000C003F009000000A0000000001D00F00200000000C003F061
:201360000D000000A0000000001D00F00300000000B103F00A000000A0000000001D00F055
:201380000400000000B103F00B000000A0000000001D00F00500000000B103F00200000042
:2013A000A0000000001D00F00600000000D303F00A00000090000000001D00F00700000006
:2013C00000D303F00500000098000000001D00F00800000000B003F0040000009800000056
:2013E000001D00F00900000000B003F005000000A0000000001E00F000B503F004000000D5
:2014000000000000001E00F000B503F00700000001000000001E00F000C103F0020000004A
:2014200002000000001E00F000C103F00300000002000000001E00F000B503F0020000002B
:2014400004000000001E00F000B303F00300000098000000001E00F000B503F0050000007E
:2014600098000000001E00F000B503F00600000098000000001E00F000B303F000000000CC
:2014800098000000001E00F000B303F00100000098000000001E00F000B503F003000000AE
:2014A00098000000001E00F000B503F006000000A8000000001E00F000B503F00800000072
:2014C00098000000001E00F00000000000B503F00200000098000000001E00F00100000015
:2014E00000B403F00200000098000000001E00F00200000000B403F0060000009800000056
:20150000001E00F00300000000B403F00300000098000000001E00F00500000000B503F0BD
:201520000100000098000000001E00F00600000000D303F00D000000A0000000001E00F07D
:201540000700000000C003F00A000000A0000000001E00F00800000000C003F00600000058
:20156000A0000000001E00F00900000000C003F003000000A0000000001F00F000A203F0BA
:201580000500000000000000001F00F000D303F00D00000003000000001F00F000C203F09D
:2015A0000100000004000000001F00F000C103F00200000005000000001F00F000C103F099
:2015C0000300000005000000001F00F000C203F003000000A0000000001F00F000A203F0F8
:2015E0000600000098000000001F00F000B003F00600000098000000001F00F000C203F039
:201600000000000098000000001F00F000D303F00C00000098000000001F00F000C203F0F5
:2016200000000000A0000000001F00F000C203F001000000A0000000001F00F000A203F001
:201640000700000098000000001F00F000C203F00300000098000000001F00F000D303F0B7
:201660000B00000098000000001F00F00000000000A203F00400000098000000001F00F078
:201680000B00000000D303F00A00000098000000001F00F00C00000000C203F00200000005
:2016A00098000000001F00F00D00000000C303F00100000098000000001F00F00100000017
:2016C00000A203F00000000098000000001F00F00100000000D303F0090000009800000066
:2016E000001F00F00200000000A203F00100000098000000001F00F00200000000D303F0D4
:201700000800000098000000001F00F00300000000A203F00200000098000000001F00F0D9
:201720000400000000A203F00300000098000000001F00F00500000000A203F008000000C4
:2017400090000000001F00F00600000000A003F00800000090000000001F00F007000000A3
:2017600000A003F00900000090000000001F00F00700000000D303F00700000098000000C2
:20178000001F00F00800000000B003F00500000098000000001C00F000000000001D00F0D9
:2017A00001000000001E00F002000000001F00F003000000040017B7D1380000000000002B
:2017C000030017B7D138000000000000020017B7D13800000000000003000000B417008008
:2017E000013B050017B7513912011202FF0F3F0312221402FFFFFF0F020000000F00000072
:20180000010000000F000000000000003F000000000000003F000000D5140000FF7F0000D3
:20182000002D3101006003F00000000000B503F00400000000000000006003F001000000F6
:2018400000B403F00300000000000000006003F00700000000C003F00900000000000000C8
:20186000006003F00600000000B103F00A00000003000000006003F00400000000B503F05F
:201880000500000003000000006003F00200000000A203F00100000001000000006003F001
:2018A0000300000000B403F00100000001000000006003F00700000000B503F00100000079
:2018C00002000000006003F00500000000B503F00800000000000000006003F002000000A9
:2018E00000B003F00200000000000000006003F00300000000B003F0030000000000000047
:20190000006003F00300000000A203F00000000002000000006003F00200000000A003F0F2
:201920000400000002000000006003F00400000000D303F00700000000000000006003F02A
:201940000600000000C003F00000000000000000000000F000000000000100F001000000EC
:20196000800005006819008030FBC83A000000003C7FC83A9DE6F738A287C73AE9C91A3A15
:20198000FA14C63A1464D83A2828C43A8366673B5CC2C13A0E9BD33B12E5BE3A868C2E3C9B
:2019A0000C92BB3A8FD0853C59CBB73AC73BC23C4C93B33A5B16073D7FECAE3A5C9A353D23
:2019C000D0D9A93ADA676D3D625EA43A8598973D947D9E3ABDCDBD3D083B983A939FE93D27
:2019E000999A913A69A90D3E5EA08A3A5592293EA450833A2AA5483EDD5F773A5CF86A3E8D
:201A0000E185673A094F883E1C1D573A00D29C3EAC2F463AA209B33E03C8343A2BF8CA3ED0
:201A2000DBF0223A759DE43E36B5103AECF6FF3EA440FC39C87F0E3F4A7BD639F5D71D3F4E
:201A4000A931B03905FF2D3F5E7B8939C5EE3E3F93E04439CB9F503FFDA1EC387109633FC1
:201A6000C8E11D38E321763FC8E11DB80EEF843FFDA1ECB8F8188F3F93E044B90A88993F77
:201A80005E7B89B91235A43FA931B0B95718AF3F4A7BD6B99F29BA3FA440FCB93660C53F19
:201AA00036B510BAF1B2D03FDBF022BA3818DC3F03C834BA0E86E73FAC2F46BA15F2F23F27
:201AC0001C1D57BA9C51FE3FE18567BAD2CC0440DD5F77BA745F0A40A45083BAF7DA0F404E
:201AE0005EA08ABA83391540999A91BA30751A40083B98BA04881F40947D9EBA026C24405B
:201B0000625EA4BA261B2940D0D9A9BA708F2D407FECAEBAE8C231404C93B3BAA5AF354082
:201B200059CBB7BAD04F39400C92BBBAAD9D3C4012E5BEBA9E933F405CC2C1BA2A2C42400F
:201B40002828C4BA01624440FA14C6BA06304640A287C7BA4F9147403C7FC8BA2C81484003
:201B600030FBC8BA30FB484030FBC8BA30FB48403C7FC8BA4C7D4840A287C7BAF57D474074
:201B8000FA14C6BAEDF945402828C4BA4EEE43405CC2C1BA8F58414012E5BEBA85363E4016
:201BA0000C92BBBA6B863A4059CBB7BAE14636404C93B3BAF27631407FECAEBA15162C40E6
:201BC000D0D9A9BA31242640625EA4BA9DA11F40947D9EBA268F1840083B98BA0BEE10402F
:201BE000999A91BA02C008405EA08ABA39070040A45083BAA38CED3FDD5F77BAD100DA3FB8
:201C0000E18567BA1F72C53F1C1D57BA9CE8AF3FAC2F46BA446D993F03C834BAF809823F0D
:201C2000DBF022BAFC92533F36B510BAF56E213FA440FCB9B781DB3E4A7BD6B9538D623EA7
:201C4000A931B0B909A90C3C5E7B89B99DCD55BE93E044B9025FDCBEFDA1ECB8F2E027BF4A
:201C6000C8E11DB8AA6562BFC8E11D382BCD8EBFFDA1EC3838ADACBF93E044392FC0CABFF9
:201C80005E7B8939C1F2E8BFA931B039969803C04A7BD639A2B312C0A440FC3944C021C0A2
:201CA00036B5103A13B430C0DBF0223A8A843FC003C8343A08274EC0AC2F463AE1905CC0A6
:201CC0001C1D573A5CB76AC0E185673AC28F78C0DD5F773AB10783C0A450833ACE9589C028
:201CE0005EA08A3AF1EC8FC0999A913AE40796C0083B983A86E19BC0947D9E3ACB74A1C057
:201D0000625EA43AC4BCA6C0D0D9A93AA0B4ABC07FECAE3AB357B0C04C93B33A78A1B4C0CE
:201D200059CBB73A958DB8C00C92BB3ADD17BCC012E5BE3A583CBFC05CC2C13A43F7C1C01B
:201D40002828C43A1545C4C0FA14C63A8022C6C0A287C73A788CC7C03C7FC83A3480C8C073
:201D600030FBC83A30FBC8C01835018024350180303501803C3501804835018054350180FB
:201D8000603501806C3501807835018084350180903501809C350180A8350180B435018043
:201DA000C0350180CC350180D8350180E4350180F0350180FC350180083601801436018021
:201DC000203601802C3601803836018044360180503601805C3601806836018074360180FB
:201DE000803601808C36018098360180A4360180B0360180BC360180C8360180D4360180DB
:201E0000E0360180EC360180F836018004370180103701801C3701802837018034370180B5
:201E2000403701804C3701805837018064370180703701807C370180883701809437018092
:201E4000A0370180AC370180B8370180C4370180D0370180DC370180E8370180F437018072
:201E6000003801800C3801801838018024380180303801803C38018048380180543801804A
:201E8000603801806C3801807838018084380180903801809C380180A8380180B43801802A
:201EA000C0380180CC380180D8380180E4380180F0380180FC380180083901801439018008
:201EC000203901802C3901803839018044390180503901805C3901806839018074390180E2
:201EE000803901808C39018098390180A4390180B0390180BC390180C8390180D4390180C2
:201F0000E0390180EC390180F8390180043A0180103A01801C3A0180283A0180343A01809C
:201F2000403A01804C3A0180583A0180643A0180703A01807C3A0180883A0180943A018079
:201F4000A03A0180AC3A0180B83A0180C43A0180D03A0180DC3A0180E83A0180F43A018059
:201F6000003B01800C3B0180183B0180243B0180303B01803C3B0180483B0180543B018031
:201F8000603B01806C3B0180783B0180843B0180903B01809C3B0180A83B0180B43B018011
:201FA000C03B0180CC3B0180D83B0180E43B0180F03B0180FC3B0180083C0180123C0180F1
:201FC0001C3C0180263C0180303C01803A3C0180443C01804E3C0180583C0180623C018021
:201FE0006C3C0180763C0180803C01808A3C0180943C01809E3C0180A83C0180B23C018081
:20200000BC3C0180C63C0180D03C0180DA3C0180E43C0180EE3C01800000803F0000000095
:2020200000000000000000000000000000000000000000000000803F0000000000000000E1
:20204000000000000000000000000000000000000000803F000000000000000000000000C1
:202060000000000000000000000000000000803F00000000000000000000000000000000A1
:2020800000000000000000000000803F000000000000000000000000000000000000000081
:2020A000000000000000803F4E414E006E616E00494E4600696E660000020202020202021F
:2020C00002020301010101020202020202020202020202020202020202044040404040404D
:2020E000404040404040404040202020202020202020204040404040404088888888888870
:2021000008080808080808080808080808080808080808084040404040409090909090903F
:2021200010101010101010101010101010101010101010104040404002000000000000005D
:2021400000000000000000000000000000000000000000000000000000000000000000007F
:2021600000000000000000000000000000000000000000000000000000000000000000005F
:2021800000000000000000000000000000000000000000000000000000000000000000003F
:2021A000000000000000000000000000000000000000000000000000002D3E0061200062D1
:2021C0002000525F63004A756D70004C5F3120004C5F3420004C655F4400525F312000528C
:2021E0005F342000585A414900646C3162006D5F65200073745F6600416E75616C004372EA
:202200006F7373004C655F616C00504F5F4C4500504F5F776900615F4C5F6D006C696768A3
:2022200074004A756D705F4C006F625F65727200615F525F6D6500456C73655F5000546932
:202240006D655F32200054696D655F312000504F5F664C414700796F755F657272006270AD
:2022600069642E6B640062615F74696D65004C6566745F7374004C705F42617365200041FB
:20228000705F42617365200044414E5F54494D450041705F52616D7020004C705F52616D78
:2022A000702000535454535045454400456C5370656564200041705F43726F737320004CDA
:2022C000705F43726F737320006D6F64655F6261636B006D6F64655F73746F700041705F96
:2022E000436972636C6520004C705F436972636C6520006F625F6572725F74696D65004C0C
:20230000705F52616D705F456E640054696D655F4F74686572200052616D705F737065653C
:2023200064200052616D705F656E61626C6520006D6F64655F737472696768740052616D7A
:20234000705F455F7370656564200052616D705F737564755F656E200041705F4369726346
:202360006C655F4D312000436972636C655F7370656564200063757272656E742070616752
:2023800065380063757272656E742070616765340063757272656E74207061676535006354
:2023A000757272656E742070616765360063757272656E7420706167653700637572726572
:2023C0006E742070616765310063757272656E742070616765320063757272656E742070A8
:2023E000616765330043726F73735F656E61626C6520005A656272615F656E61626C6520B3
:2024000000436972636C655F656E61626C65200066696C653A2025730066696C653A206D8B
:20242000646B2F2573006C696E653A202564000D0A66696C65202573206C696E652025649B
:202440003A2025732E0D0A000D0A66696C65202573206C696E652025642E0D0A00417373F9
:20246000657274206572726F72004C6F67206D657373616765002E2E2F6C69627261726930
:2024800065732F7A665F636F6D6D6F6E2F7A665F636F6D6D6F6E5F6669666F2E63000000E2
:2024A000000000000000002F000000000700070000147F147F1400242A7F2A1200626408CE
:2024C000132300364955225000000503000000001C224100000041221C000014083E081404
:2024E0000008083E0808000000A06000000808080808000060600000402010080402003EDA
:202500005149453E0000427F4000004261514946002141454B31001814127F100027454579
:202520004539003C4A49493000017109050300364949493600064949291E000036360000C0
:202540000000563600000008142241000014141414140000412214080002015109060032F8
:202560004959513E007C1211127C007F49494936003E41414122007F4141221C007F4949FA
:202580004941007F09090901003E4149497A007F0808087F0000417F4100002040413F0193
:2025A000007F08142241007F40404040007F020C027F007F0408107F003E4141413E007FB8
:2025C00009090906003E4151215E007F091929460046494949310001017F0101003F4040E7
:2025E000403F001F2040201F003F4038403F00631408146300070870080700615149454361
:2026000000007F414100020408102040000041417F000004020102040040404040400000ED
:2026200001020400002054545478007F4844443800384444442000384444487F00385454ED
:20264000541800087E0901020018A4A4A47C007F080404780000447D4000004080847D0033
:20266000007F102844000000417F4000007C04180478007C0804047800384444443800FC0F
:20268000242424180018242418FC007C0804040800485454542000043F444020003C4040A7
:2026A000207C001C2040201C003C4030403C004428102844001CA0A0A07C004464544C44B2
:2026C00014141414141400000000000000000000000000000000000000F80000000000008A
:2026E00000333000000000100C06100C0600000000000000000040C07840C0784000043FC0
:2027000004043F040400007088FC08300000001820FF211E0000F008F000E01800000021C7
:202720001C031E211E0000F00888700000001E2123241927211010160E0000000000000002
:20274000000000000000000000E018040200000000071820400000020418E00000000040BE
:20276000201807000000404080F0804040000202010F01020200000000F00000000001011F
:20278000011F01010100000000000000000080B07000000000000000000000000000000175
:2027A000010101010101000000000000000000303000000000000000000080601804006057
:2027C00018060100000000E010080810E000000F102020100F00001010F800000000002034
:2027E000203F202000000070080808887000003028242221300000300888884830000018F3
:20280000202020110E000000C02010F8000000070424243F240000F8088888080800001962
:20282000212020110E0000E0108888180000000F112020110E0000380808C8380800000031
:20284000003F000000000070880808887000001C222121221C0000E010080810E00000008B
:20286000312222110F00000000C0C000000000000030300000000000008000000000000063
:20288000806000000000000080402010080000010204081020004040404040404000040459
:2028A00004040404040000081020408000000020100804020100007048080808F00000000D
:2028C000003036010000C030C828E810E0000718272423140B000000C038E0000000203CF9
:2028E00023020227382008F8888888700000203F202020110E00C0300808080838000718E5
:2029000020202010080008F808080810E000203F202020100F0008F88888E8081000203FEA
:2029200020202320180008F88888E8081000203F200003000000C03008080838000007180B
:202940002020221E020008F808000008F808203F210101213F20000808F8080800000020AB
:20296000203F2020000000000808F8080800C08080807F00000008F888C028180800203FF2
:2029800020012638200008F8080000000000203F20202020300008F8F800F8F80800203F32
:2029A000003F003F200008F830C00008F808203F200007183F00E01008080810E0000F108D
:2029C000202020100F0008F808080808F000203F210101010000E01008080810E0000F18C6
:2029E000242438504F0008F8888888887000203F2000030C302000708808080838000038CA
:202A0000202121221C00180808F8080818000000203F2000000008F808000008F808001F20
:202A2000202020201F000878880000C83808000007380E010000F80800F80008F800033C62
:202A40000700073C0300081868808068180820302C03032C30200838C800C838080000000B
:202A6000203F2000000010080808C83808002038262120201800000000FE020202000000AC
:202A8000007F40404000000C30C000000000000000010638C00000020202FE0000000040B8
:202AA00040407F000000000004020202040000000000000000000000000000000000808009
:202AC0008080808080800002020400000000000000000000000000008080808000000019D5
:202AE000242222223F2008F8008080000000003F112020110E000000008080800000000EB0
:202B0000112020201100000000808088F800000E112020103F200000808080800000001FC6
:202B2000222222221300008080F0888888180020203F202000000000808080808000006BB0
:202B400094949493600008F8008080800000203F210000203F200080989800000000002077
:202B6000203F20200000000000809898000000C08080807F000008F8000080808000203F68
:202B800024022D302000000808F8000000000020203F202000008080808080808000203FEC
:202BA00020003F20003F8080008080800000203F210000203F200000808080800000001FB9
:202BC000202020201F00808000808000000080FFA12020110E000000008080808000000EC9
:202BE000112020A0FF80808080008080800020203F212000010000008080808080000033F1
:202C0000242424241900008080E0808000000000001F202000008080000000808000001FAD
:202C2000202020103F20808080000080808000010E300806010080800080008080800F3038
:202C40000C030C300F0000808000808080000020312E0E31200080808000008080808081BB
:202C60008E701806010000808080808080000021302C2221300000000000807C0202000047
:202C80000000003F404000000000FF00000000000000FF0000000002027C80000000004037
:202CA000403F00000000000601010202040400000000000000002E2E2F6C69627261726911
:202CC00065732F7A665F636F6D6D6F6E2F7A665F636F6D6D6F6E5F66756E6374696F6E2E3B
:202CE0006300C82E002E802E3DB1C82E002E802E9103802EBCB0802EA303C82E002E802E0B
:202D000000B05030212E59F51030212E6AF5802E3B03000000000819010022007500001043
:202D20000010D100B343802E00C1802E00C1802E00C1802E00C1802E00C1802E00C1802E74
:202D400000C1802E00C1802E00C1802E00C1802E00C1802E00C1802E00C1802E00C1802EFB
:202D600000C1802E00C1802E00C1802E00C1802E00C1802E00C1802E00C1802E00C1802EDB
:202D800000C1802E00C1802E00C1802E00C1802E00C1802E00C1802E00C1802E00C1802EBB
:202DA00000C1802E00C1802E00C1802E00C1802E00C1802E00C1802E00C1802E00C1802E9B
:202DC00000C1802E00C1802E00C1802E00C1E05F00000000010000000000000000000000A5
:202DE00092000000000000000000000000000000000008190000880000000000000005E0B3
:202E0000AA3805E09030FA0096004B091100110002002D01D47B3B01DB7A04003F7BCD6C1E
:202E2000C3048509C304ECE60C460100270019009600A00001000C00F03C0001010003009D
:202E400001000E00000032000500EE060400C80000000400A805EE060004BC02B3008507C6
:202E60000000000000000000000000000000000000000000B4000100B9000100980000004B
:202E80000000000000000100800004000000000000000000000000000000000000000000AD
:202EA000000000000000000000000000000000000000000000000000000000000000000012
:202EC00000000000000000000000000000000000000000000000000000000000802E00C183
:202EE000FD2DDE00EB00DA00000CFF0F0004C0005BF5C9011EF280003FFF19F458F566F58A
:202F000064F5C0F1F000E000CD01D301DB01FF7FFF01E40074F7F300FA00FF3FCA036C38F0
:202F200056FE44FDBC02F90600FC1202AE0158FA9AFD7705BB02960195017F0182018901A4
:202F4000870188018A018C018F018D0192019101DD009F017E01DB00B601706926D39C0702
:202F60001F059D000008BC0537FAA201AA01A101A801A001A805B401B401CE00D000FC00AB
:202F8000C501FFFBB10000380030FDF5FCF5CD01A0005FFF0040FF0000806D0FEB007FFF05
:202FA000C2F568F7B3F1670F5B0F610F800F58F75BF7830F8600720F850FC6F17F0F6CF702
:202FC00000E000FFD1F5870F8A0FFF03F03F8B008E009000B9002DF5CAF5CB0120F20000CB
:202FE0000000000000000000000000000000000000000000000000000000000000000000D1
:203000000000000000000000000000000000000000000000000000000000000000000000B0
:20302000000000000000000000000000000000000000000000000000000000000000000090
:20304000000000000000000000000000000000000000000000000000000000000000000070
:20306000000000000000000000000000000000000000000000000000000000000000000050
:20308000000000000000000000000000000000000000000000000000000000000000000030
:2030A00000000000000000000000000000000000000000000000000000003050982ED70EE5
:2030C0005032982EFA030030F07F002E002ED02E002E018008A2FB2F982EBA03212E190044
:2030E000012EEE0000B2072F012E190000B2032F01500352982E07CC012EDD0000B2272F4C
:20310000052E8A000552982EC7C1032EE90040B2F07F082F012E190000B2042F0030212EEF
:20312000E900982EB4B1012E180000B2102F0550982E4DC30550982E5AC7982EF9B4982EA3
:2031400054B2982E67B6982E17B21030212E7700012EEF0000B2042F982E7AB70030212E78
:20316000EF00012ED40004AE0B2F012EDD0000B2072F0552982E8E0E00B2022F1030212E52
:203180007D00012E7D000090902EF102012ED70000B2042F982E2F0E0030212E7B00012EAE
:2031A0007B0000B2122F012ED4000090022F982E1F0E092D982E810D012ED4000490022F98
:2031C0005032982EFA030030212E7B00012E7C0000B2902E0903012E7C000131010800B2F1
:2031E000042F982E47CB1030212E77008130012E7C00010800B2612F032E8900012ED4005A
:2032000098BC98B805B20F58232F079009540030372F15410441DCBE44BEDCBA2C016100B5
:203220000F564A0F0C2FD14294B8C1421130052E6AF72CBD2FB980B20822982EC3B7212DA3
:203240006130232ED400982EC3B70030212E5AF5182DE17F5030982EFA030F520750504278
:2032600070300D5442427E82E26F80B24242052F212ED4001030982EC3B7032D6030212EDC
:20328000D400012ED4000690182F012E76000B540752E07F982E7AC1E16F081A4030082FA4
:2032A000212ED4002030982EAFB75032982EFA03052D982E380E0030212ED4000030212E1A
:2032C0007C00182D012ED40003AA012F982E450E012ED4003F8003A2012F002E022D982E7A
:2032E0005B0E3030982ECEB70030212E7D005032982EFA03012E770000B2242F982EF5CB48
:20330000032ED5001154010ABC848386212EC901E0401352C4408240A8B9524243BE5342FF
:20332000040A5042E17FF0314140F26F25BD0808020AD07F982EA8CF06BCD16FE26F080A9B
:203340008042982E58B70030212EEE00212E7700212EDD00802EF4011A242200802EEC01D9
:203360001050FB7F982EF3035750FB6F013071541142420EFC2FC02E0142F05F802E00C1F3
:20338000FD2D0100000000000000000000009A013403000000000000000000000000000030
:2033A00000000000000000000000000000000000000000000000000000000000000000000D
:2033C0000000000000000000000000000000000000000000000000000000000000000000ED
:2033E0000000000000000000000000000000000000000000000000000000000000000000CD
:20340000000000002050E77FF67F06320F2E61F5FE09C0B3042F17302F2EEF002D2E61F5A5
:20342000F66FE76FE05FC82E2050E77FF67F46300F2EA4F1BE0980B3062F0D2ED40084AF98
:20344000022F16302D2E7B0086302D2E60F5F66FE76FE05FC82E012E77F709BC0FB800B2EE
:203460001050FB7F10300B2F032E8A0096BC9FB840B2052F032E68F79EBC9FB840B2072F05
:20348000032E7E004190012F982EDC03032C0030212E7E00FB6FF05FB82E2050E07FFB7FC3
:2034A000002E2750982E3BC82950982EA7C80150982E55CCE16F2B50982EE0C9FB6F0030E4
:2034C000E05F212E7E00B82E7350013057541142420EFC2FB82E212E59F51030C02E212E8D
:2034E0004AF19050F77FE67FD57FC47FB37FA17F907F827F7B7F982E35B700B2902E97B07A
:20350000032E8F00072E9100052EB1003FBA9FB8012EB100A3BD4C0A052EB10004BEBFB93D
:20352000CB0A4FBA22BD012EB300DC0A2FB9032EB8000ABE9A0ACFB99BBC012E97009FB8CD
:20354000930A0FBC910A0FB8900A252E1800052EC1F52EBD2EB9012E190031308A0400901A
:20356000072F012ED40004A2032F012E180000B20C2F19500552982E4DB7052E78008090C1
:203580001030012F212E7800252EDD00982E3EB700B202300130042F012E190000B2002F98
:2035A0002130012EEA00081A0E2F232EEA0033301B500B090140175646BE4B084C0A014287
:2035C0000A8015520142002E012E180000B21F2F032EC0F5F030480847AA7430072E7A00A8
:2035E00061224B1A052F072E66F5BFBDBFB9C0900B2F1D562B30D242DB420104C24204BDD8
:20360000FE808184232E7A0002420232252E62F5052ED6008184252ED6000231252E60F528
:20362000052E8A000B50900880B20B2F052ECAF5F03E9008252ECAF5052E59F5E03F90086C
:20364000252E59F5906FA16FB36FC46FD56FE66FF76F7B6F826F705FC82EC050907FE57F43
:20366000D47FC37FB17FA27F877FF67F7B7F002E012E60F5607F982E35B70230636F155241
:20368000507F627F5A2C02321A0900B3142F00B2032F092E180000910C2F437F982E97B7D2
:2036A0001F50028A02320430252E64F51552506F436F4443252E60F5D908C0B2362F982E76
:2036C0003EB700B2062F012E190000B2022F506F00900A2F012E79000090192F1030212E4C
:2036E00079000030982EDC03132D012EC3F50CBC0FB81230100403B0262521500352982EE6
:203700004DB71030212EEE000230607F252E7900606F0090052F0030212EEA001550212E9B
:2037200064F51552232E60F50232506F0090022F0330272E7800072E60F51A090091A32F5F
:2037400019090091A02F906FA26FB16FC36FD46FE56F7B6FF66F876F405FC82EC050E77F9E
:20376000F67F26300F2E61F52F2E7C000F2E7C00BE09A27F807F80B3D57FC47FB37F917F66
:203780007B7F0B2F23501A251240427F74821240527F002E0040607F982E6AD68130012EE4
:2037A0007C00010800B2422F032E8900012E890097BC06BC9FB80FB80090232ED8001030C3
:2037C00001302A2F032ED40044B2052F47B200302D2F212E7C002B2D032EFDF59EBC9FB8B4
:2037E0004090142F032EFCF599BC9FB840900E2F032E49F125544A084090082F982E35B7EC
:2038000000B21030032F5030212ED400102D982EAFB70030212E7C000A2D052E69F72DBDC9
:203820002FB980B2012F212E7D00232E7C00E031212E61F5F66FE76F806FA26FB36FC46FDF
:20384000D56F7B6F916F405FC82E60510A253688F47FEB7F0032315232301330982E15CB2A
:203860000A253384D27F433005502D52982E95C1D26F2752982ED7C72A25B086C07FD37F7A
:20388000AF842950F16F982E4DC82A25AE8AAA88F26E2B50C16FD36FF47F982EB6C8E06E36
:2038A00000B2322F33548386F16FC37F04303030F47FD07FB27FE330C56F564045412808A9
:2038C00003140EB408BC8240100A2F542605917F4428A37F982ED9C008B933305309C16F14
:2038E000D36FF46F831747406C15B26FBE09750B90424542510E32BC0289A16F7E86F47F61
:20390000D07FB27F0430916FD62FEB6FA05EB82E032E97001BBC60509FBC0CB8F07F40B2E1
:20392000EB7F2B2F032E7F004140012EC800011A112F3758232EC8001041A07F388101412D
:20394000D07FB17F982E64CFD06F0780A16F1142002EB16F01421130012EFC0000A80330EE
:20396000CB224A25012E7F003C8935520554982EC4CEC16FF06F982E95CF042D0130F06FC6
:20398000982E95CFEB6FA05FB82E032EB3000232F030033130508A080808CB08E07F80B2CC
:2039A000F37FDB7F252F032ECA004190042F0130232ECA00982E3F03C0B2052F032EDA00E3
:2039C00000304104232EDA00982E92B21025F06F00B2052F012EDA0002301004212EDA004B
:2039E00040B2012F232EC801DB6FE06FD05F802E95CF0130E06F982E95CF1130232ECA00AB
:203A0000DB6FD05FB82ED0500A2533845550D27FE27F038CC07FBB7F0030055A3954514134
:203A2000A57F967F807F982ED9C00530F57F2025916F3B583D5C3B56982E67CCC16FD56FD7
:203A400052405043C17FD57F1025982EFEC91025982E74C0866F3028926F828CA56F6F528B
:203A6000690E3954DB2F19A01530032F0030212E81010A2D012E810105284236212E8101A9
:203A8000020E012F982EF303575012300140982EFEC9516F0B5C8E0E3B6F57580230212ED6
:203AA0009501456F2A8DD27FCB7F132F02303F50D27FA80E0E2FC06F535402005154420E56
:203AC000103059520230012F002E032D504242421230D27F80B2032F0030212E8001122DEF
:203AE000012EC9000280052E8001113091280040252E8001100E052F012E7F010190012FC8
:203B0000982EF303002EA0410190A67F902EE3B4012E950100A8902EE3B45B549580824087
:203B200080B202402D8C3F52967F902EC2B3290E762F012EC900004081284552B330982E82
:203B40000FCA5D54807F002EA140727F82808240607F982EFEC91025982E74C0626F053077
:203B60008740C0910430052F052E830180B21430002F0430052EC900736F8140E240690407
:203B8000110FE1401630FE29CB40022F836F830F222F4756130F1230772F4954420E123090
:203BA000732F00910A2F012E8B0119A802306C2F6350002E17420542682C12300B25080FB2
:203BC0005030022F212E8301032D4030212E83012B2E85015A2C123000912B25042F635080
:203BE00002301742172C0242982EFEC91025982E74C0052EC90081845B308240372E8301C0
:203C0000020E072F5F52403062404140910E012F212E830105302B2E85011230362C16307A
:203C20001525817F982EFEC91025982E74C019A21630152F052E9701806F820E052F012E9C
:203C400086010628212E86010B2D032E87015F544E289142002E8240900E012F212E880156
:203C60000230132C0530C06F081CA80F163005305B50092F02802D2E820105420580002EDC
:203C800002423E80002E06420230906F3E88014004414C280142078010252440004000A870
:203CA000F522232944427A827E884340044100ABF523DF284342D9A0142F0090022FD26F44
:203CC00081B2052F6354062890428542092C02305B500380292E7E012B2E8201054212302F
:203CE0002B2E83014582002E40407A8202A0082F63503B30154205423780372E7E010542FF
:203D00001230012EC900028C404084417A8C040F032F012E8B0119A4042F2B2E8201982EFE
:203D2000F303123081906152082F654265424380398482880542454285420543002E8041AC
:203D40000090902EE1B46554C16F804000B243586950442F555CB7878C0F0D2E9601C440FE
:203D6000362F41568B0E2A2F0B52A10E0A2F052E8F011425982EFEC94B54020F69500530E9
:203D80006554152F032E8E014D5C8E0F3A2F052E8F01982EFEC94F54820F0530695065548C
:203DA000302F6D521530428C454204302B2C84436B52428C002E85431530242C45428E0FBF
:203DC000202F0D2E8E01B10E1C2F232E8E011A2D0E0E172FA10F152F232E8D01132D982E5E
:203DE00074C04354C20E0A2F655004800B3006820B42798041401230252E8C010142053092
:203E00006950655484824384BE8C8440864126299442BE8ED57F19A143400B2E8C01844002
:203E2000C7415D29272945428442C27F012FC0B31D2F052E940199A0012F80B3132F80B34E
:203E4000182FC0B3162F12400140927F982E74C0926F100F2030032F1030212E7E010A2DDE
:203E6000212E7E01072D2030212E7E01032D1030212E7E01C26F012EC900BC840280824037
:203E80000040900ED56F022F1530982EF30341910530072F67503D802B2E8F010542048069
:203EA000002E0542022C00300030A26F988A864080A7052F982EF303C030212E95010625EF
:203EC0001A25E26F768296405643510EFB2FBB6F305FB82E012EB8000131410840B22050FF
:203EE000F2300208FB7F0130102F052ECC008190E07F032F232ECC00982E55B6982E1DB585
:203F00001025FB6FE06FE05F802E95CF982E95CF1030212ECC00FB6FE05FB82E00510558A0
:203F2000EB7F2A2589526F5A895013410640B3011642CB160640F3021342650EF52F054058
:203F400014302C29044208A10030902E52B6B388B08AB684A47FC47FB57FD57F927F733092
:203F60000430554042408A17F3086B01900253B84B82ADBE717F450A0954847F982ED9C01B
:203F8000A36F7B54D042A37FF27F607F2025716F755A7758795C7556982E67CCB16F626F6F
:203FA0005042B17FB3301025982E0FCA846F2029716F926FA56F76826A0E73300030D02F15
:203FC000D26FD17FB47F982E2BB715BD0BB8020AC26FC07F982E2BB715BD0BB8420AC06FAC
:203FE000081741188916E118D018A17F27251625982E79C08B54907FB330824080900D2F44
:204000007D52926F982E0FCAB26F900E062F8B501430426F516F144212420142002E316FF2
:20402000982E74C0416F807F982E74C0826F10044352010F052ECB0000300430212F516FC1
:2040400043588C0E04301C2F8588416F04418C0F0430162F8488002E044104058C0E043040
:204060000F2F8288316F044104058C0E0430082F8388002E04418C0F0430022F212EAD018A
:2040800014300091142F032EA10141900E2F032EAD0114304C28232EAD0146A0062F818471
:2040A0008D5248828240212EA10142425C2C0230052EAA0180B20230552F032EA901926FC4
:2040C000B330982E0FCAB26F900F003002304A2FA26F875291008552510E022F002E432C44
:2040E0000230C26F7F52910E02303C2F516F8154982EFEC91025B3302125982E0FCA326F90
:20410000C07FB3301225982E0FCA426FB07FB3301225982E0FCAB26F90288352982EFEC9D3
:20412000C26F900F003002301D2F052EA10180B212300F2F426F032EAB01910E0230122FDA
:20414000526F032EAC01910F02300C2F212EAA010A2C1230032ECB008D58088941401143FA
:204160000043252EA101D46F8F5200433A89002E10431043610EFB2F032EA001111A022F42
:204180000225212EA001EB6F005FB82E915210300230955652424B0EFC2F8D54888293563D
:2041A00080425342404242868354C02EC242002EA3520051524047401A25012E97008FBEB6
:2041C0007286FB7F0B307CBFA5501008DFBA7088F8BFCB42D37F6CBBFCBBC50A907F1B7FED
:2041E0000B43C0B2E57FB77FA67FC47F902E1CB7072ED200C0B20B2F9752012ECD00827FD3
:20420000982EBBCC0B30372ED200826F906F1A2500B28B7F142FA6BD25BDB6B92FB980B2E3
:20422000D4B00C2F99549B560B300B2EB100A1589B42DB426C092B2EB1008B42CB42867F6B
:204240007384A756C30839520550727F637F982EC2C0E16F626FD10A012ECD00D56FC46F35
:20426000726F97529D5C982E06CD236F906F9952C0B204BD5440AFB94540E17F0230062FEB
:20428000C0B20230032F9B5C12309443854303BF6FBB80B3202F066F2601166F6E034542E9
:2042A000C090292ECE009B52142F9B5C002E93418641E304AE0780AB042F80910A2F866F60
:2042C000730F072F836FC0B2042F544245421230042C1130022C1130113002BC0FB8D27F39
:2042E00000B20A2F012EFC00052EC701101A022F212EC701032D022C01300130B06F982E96
:2043000095CFD16FA06F982E95CFE26F9F52012ECE00824050420C2C42421130232ED2000D
:204320000130B06F982E95CFA06F0130982E95CF002EFB6F005FB82E83860130003094407E
:2043400024180600530E4F02F92FB82EA952002E604041400DBC98BCC02E010A0FB8AB5237
:20436000533C524040404B00821626B901B84140100897B80108C02E1130010843862540CA
:204380000440D8BE2C0B2211544203804B0EF62FB82E9F501050AD52052ED300FB7F002E60
:2043A00013409342410EFB2F982EA5B7982E87CF012ED90000B2FB6F0B2F012E69F7B13F41
:2043C00001080130F05F232ED900212E69F7802E7AB7F05FB82E012EC0F8032EFCF51554F5
:2043E000AF5682080B2E69F7CB0AB1588090DDBE4C085FB959228090072F0334C308F23AB1
:204400000A080235C0904A0A4822C02E232EFCF51050FB7F982E56C7982E49C31030FB6FDC
:20442000F05F212ECC00212ECA00B82E032ED30016B802344A0C212E2DF5C02E232ED30032
:2044400003BC212ED500032ED50040B21030212E77000130052F052ED8008090012F232E7A
:204460006FF5C02E212ED90011308108012E6AF7713F23BD0108020AC02E212E6AF73025D0
:204480000030212E5AF51050212E7B00212E7C00FB7F982EC3B74030212ED400FB6FF05F53
:2044A0000325802EAFB7802E00C1802E00C1802E00C1802E00C1802E00C1802E00C1802E78
:2044C00000C1802E00C1802E00C1802E00C1802E00C1802E00C1802E00C1802E00C1802E64
:2044E00000C1012E5DF708BC80AC0EBB022F003041048206C0A40030112F40A9032F4091D1
:204500000D2F00A70B2F80B3B358022F90A12613202380901030012FCC0E002F0030B82EC3
:20452000B550180808BC88B60D17C6BD56BCB758DABA04011D0A1050053032254503FB7F1E
:20454000F6302125982E37CA16B59ABC06B880A8410A0E2F8090022F2D50480F092FBFA0ED
:20456000042FBF90062FB754CA0F032F002E022CB7522D52F233982ED9C0FB6FF137C02E86
:204580000108F05FBF56B954D040C4400B2EFDF3BF529042944295420530C1500F880640B1
:2045A00004419642C54248BE73300D2ED8004FBA8442034281B3022F2B2E6FF5062D052E7F
:2045C00077F7BD569308252E77F7BB54252EC2F5072EFDF34230B433DA0A4C00272EFDF3F2
:2045E0004340D43FDC084342002E002E43402430DC0A43420480032EFDF34A0A232EFDF3E4
:204600006134C02E0142002E60501A257A86E07FF37F0325C3524184DB7F3330982E16C289
:204620001A257D82F06FE26F322516409440260185408E17C4426E039542410EF42FDB6F70
:20464000A05FB82EB051FB7F982EE80D5A25982E0F0ECB583287C47F65896B8DC55A657FD5
:20466000E17F837FA67F747FD07FB67F947F1730C752C954517F002E856F427F002E514139
:204680004581424113403B8A00404B04D006C0AC857F022F02305104D306418405305D02FA
:2046A000C916DF08D3008D02AFBCB1B9590A656F1143A1B4524153410143347F657F2631C4
:2046C000E56FD46F982E37CA326F756F83404241237F127FF63040255125982E37CA146F33
:2046E0002005706F256F6907A26F316F0B3004429B428B425542327F40A9C36F717F023051
:20470000D040C37F032F4091152F00A7132F00A4112F84BD982E79CA556FB7545441820003
:20472000F33F4541CB02F630982E37CA356FA46F4143032C0043A46F356F1730426F516FEB
:20474000934042820041C3000343517F002E944041414C02C46FD156630E746F5143A57F70
:204760008A2F092ED80001B3212FCB58906F1341B66FE47F002E9141144092411540172EAE
:204780006FF5B67FD07FCB7F982E000C0715C26F140B292E6FF5C3A3C18FE46FD06FE62F91
:2047A0001430052E6FF5140B292E6FF5182DCD560432B56F1C0151415241C340B57FE47FA6
:2047C000982E1F0CE46F218700430432CF545A0EEF2F1554092E77F7220B292E77F7FB6F61
:2047E000505EB82E1050012ED40000B2FB7F512F01B2482F02B2422F0390562FD75279808D
:204800004240818400404242982E930CD954D750A14098BD82403E82DA0A44408B16E300F0
:204820005342002E43409A025242002E414015544A0E3A2F3A8200304140212E850F40B2E7
:204840000A2F982EB10C982E450E982E5B0EFB6FF05F0030802ECEB7DD52D35442424F848B
:204860007330DB5283421B306B422330272ED700372ED400212ED6007A84172C42423030A9
:20488000212ED400122D21300030232ED400212E7BF70B2D1730982E510CD5500C82723058
:2048A0002F2ED400252E7BF74042002EFB6FF05FB82E70500A253986FB7FE1326230982E20
:2048C000C2C4B556A56FAB08916F4B08DF56C46F23094DBA93BC8C0BD16F0B09CB52E15EFC
:2048E0005642AF094DBA23BD940AE56F68BBEB08BDB963BEFB6F5242E30AC02E4342905F95
:20490000D150032E25F3134000409BBC9BB408BDB8B998BCDA0A08B68916C02E19006202BE
:204920001050FB7F982E810D012ED40031300804FB6F0130F05F232ED600212ED700B82EBC
:20494000012ED700032ED600480E012F802E1F0EB82EE350213401428230C132252E62F5E9
:204960000100223001404A0A0142B82EE354F03B8340D808E5528342003083305042C432BA
:20498000272E64F5940050424042D33F84407D82E30840428342B82EDD52003040427C86F1
:2049A000B952092E700FBF54C442D3865440554094428542212ED7004240252EFDF3C04211
:2049C0007E82052E7D0080B2142F052E890027BD2FB98090022F212E6FF50C2D072E710F48
:2049E00014301C09052E77F7BD5647BE9308940A252E77F7E75450424A0EFC2FB82E5050C5
:204A000002304386E550FB7FE37FD27FC07FB17F002E414000404804982E74C01EAAD36F8B
:204A20001430B16FE322C06F5240E46F4C0E1242D37FEB2F032E860F40901130032F232E85
:204A4000860F022C0030D06FFB6FB05FB82E4050F17F0A253C86EB7F41332230982EC2C458
:204A6000D36FF430DC094758C26F9409EB586ABBDC08B4B9B1BDE95A950821BDF6BF770B62
:204A800051BEF16FEB6F52425442C02E4342C05F5050F55031301142FB7F7B300B42113045
:204AA0000280233301420300072E8003052ED3002352E27FD37FC07F982EB60ED16F080AD7
:204AC0001A257B86D07F01331230982EC2C4D16F080A00B20D2FE36F012E80035130C78673
:204AE000232E21F208BCC042982EA5B7002E002ED02EB06F0BB8032E1B00081AB07F7030F1
:204B0000042F212E21F2002E002ED02E982E6DC0982E5DC0ED50982E44CBEF50982E46C3B0
:204B2000F150982E53C73550982E64CF1030982EDC032026C06F02311242AB330B42378013
:204B400001300142F337F752FB504440A20A42428B31092E5EF7F954E30883421B42233377
:204B60004B00BC840B40333083420B42E07FD17F982E58B7D16F803040420330E06FF3542B
:204B80000430002E002E0189620EFA2F43421130FB6FC02E0142B05FC14A00006D57000023
:204BA000778E0000E0FFFFFFD3FFFFFFE5FFFFFFEEE1FFFF7C13000046E6FFFF00000000DB
:204BC0000000000000000000000000000000000000000000000000000000000000000000D5
:204BE00000000000000000000000000000000000000000000000802E00C1802E00C1802E29
:204C000000C1802E00C1802E00C1802E00C1802E00C1802E00C1802E00C1802E00C1802E1C
:204C200000C1802E00C1802E00C1802E00C1802E00C1802E00C1802E00C1802E00C1802EFC
:204C400000C1802E00C1802E00C1802E00C1802E00C1802E00C1802E00C1802E00C1802EDC
:204C600000C1802E00C1802E00C1802E00C1802E00C1802E00C1802E00C1802E00C1802EBC
:204C800000C1802E00C1802E00C1802E00C1802E00C1802E00C1802E00C1802E00C1802E9C
:204CA00000C1802E00C1802E00C1802E00C1802E00C1802E00C1802E00C1802E00C1802E7C
:204CC00000C1802E00C1802E00C1802E00C1802E00C1802E00C1802E00C1802E00C1802E5C
:204CE00000C1696D7536363072612073656C6620636865636B206572726F722E002E2E2F4E
:204D00006C69627261726965732F7A665F6465766963652F7A665F6465766963655F696DE5
:204D20007536363072612E6300696D75363630726120696E6974206572726F722E00494D62
:204D40005536363052415F4143435F53414D504C455F44454641554C5420736574206572C1
:204D6000726F722E00494D5536363052415F4759524F5F53414D504C455F44454641554CC7
:204D80005420736574206572726F722E002E2E2F6C69627261726965732F7A665F646576E6
:204DA0006963652F7A665F6465766963655F6970733230302E63002E2E2F6C69627261720F
:204DC0006965732F7A665F6472697665722F7A665F6472697665725F646D612E63002E2E20
:204DE0002F6C69627261726965732F7A665F6472697665722F7A665F6472697665725F650F
:204E00007874692E63002E2E2F6C69627261726965732F7A665F6472697665722F7A665FFC
:204E20006472697665725F70776D2E63002E2E2F6C69627261726965732F7A665F647269AD
:204E40007665722F7A665F6472697665725F7370692E63002E2E2F6C696272617269657387
:1C4E60002F7A665F6472697665722F7A665F6472697665725F756172742E630096
:124E800073646820737468A0036568CA0BC300300090AA
:204E98000F05D011174580010B00D0010F00B02142218B0101110F2010006B05002000900C
:204EB8003256FF0626003B00FEFF3FF617000F6510308B0602601745802600903256FF06DD
:204ED80018003B00FEFF3FF60F000F6500308B060260174580260090A2F63705C13F0F65B5
:204EF80010200090A2F682030F6500200090DA207FF60700174580360F6400200090A2F656
:204F180082020F6400300090820C822D3C130757FFCF8755BFDFCE57460546048B14804077
:204F38008B05A050CE77460746068B1680608B07A07082028203820082013A260B2700F246
:204F58006E023C4F0B6430F10B7500F20B75A0F26E04024002513C453A640B7500F26E0321
:204F780082123C3F3B0004E00B6030F10B7100F20B71A0F2DE1087559FFF06116701801F5D
:204F98008B1FE0060248025906156745805F0614C2FE3CEB0284029506F067101F0006F17D
:204FB800C21E82087AE86E1D87559FFF06116701801F8B1FE0060B60C0A00B71D0B007BBD1
:204FD8009FFF06156745805F061406136723803F8B1FE0266E0302A002B1C2183FE8E67F1D
:204FF80076C7460346028B1280208B03A030DF2D0B00071DE0FF76F7460146008B10800001
:205018008B01A01000903B00034040F440C5007074DF3B00034040C4007061000E00370A90
:205038006800DA0A4BF011020070610006003BE0024040C4007054DFC21F74DF0070200817
:205058006D00A85D6D00CD5D91000026D9220C00910000F6D9FF88E094FF4B0F41019100EA
:2050780000F6D9FF94E0481F4BF051F0BB90A30F9BE0C8034B0F41F0742F91000026D922D0
:205098000C00910000F6D9FF8CE094FF4B0F4101910000F6D9FF94E0481F4BF051F0BB90F1
:2050B800A30F9BE0C8034B0F41F06C2191000026D9220C00910000F6D9FF90E094FF4B0F4E
:2050D8004101910000F6D9FF94E0481F4BF051F0BB90A30F9BE0C8034B0F41F06C229100D3
:2050F80000F6D9FF000091000026D922BCD0942F4B0F41F191000026D92294E054204B0F49
:2051180051F074FF910000F6D9FF000091000026D92280E0942F4B0F41F191000026D92251
:2051380094E054204B0F51F06CF1910000F6D9FF000091000026D92284E0942F4B0F41F1B3
:2051580091000026D92294E054204B0F51F06CF2910000F6D9FF0000481F74AF910000F634
:20517800D9FF0000482F7801910000F6D9FF0C0054F4910000F6D9FF0C004815910000F64D
:20519800D9FF0C004826910000F6D9FF000054F76D00F52A009020083BF026F19B3FA8F300
:2051B80074AFDA0078017B0012443BF026519B35A853BB0068699B86B164BB905C7E9BF7AA
:2051D800F7736D00762982081D0082006D00095D910000F6D9FF0C0054FFB70F810F9100A0
:2051F80000F6D9FF0C00481FB70F81FF6B0F2100910000F6D9FF0C00482FB70F81FF6B0FD3
:2052180021F07B000A044B0F01F0AE03C2F83C5B91000026D9221800910000F6D9FF88E0FE
:2052380094FF4B0F4101910000F6D9FF94E0481F4BF051F0BB90A30F9BE0C803910000F6A7
:20525800D9FF180054F16B0F61F1742F91000026D9221800910000F6D9FF8CE094FF4B0F10
:205278004101910000F6D9FF94E0481F4BF05100BB90A31F9BE1C813910000F6D9FF180033
:20529800481F6B1061FF6C2191000026D9221800910000F6D9FF90E094FF4B0F41019100CE
:2052B80000F6D9FF94E0481F4BF05100BB90A31F9BE1C813910000F6D9FF1800482F6B10D4
:2052D80061FF6C2282146D00716CC2183B007DF03FF87E7F910000F6D9FF18009100002604
:2052F800D9221800542F7BA04F044B0F51F074FF910000F6D9FF180091000026D922180043
:205318004C217BA04F044B0F51F06CF1910000F6D9FF180091000026D92218004C227BA0D8
:205338004F044B0F51F06CF200906D00BA320090404F6D001B26022F02F46D00172514F07F
:20535800B700010034F002F46D0030260090FF440B00538420F0910000F8D9FF1CB010FF9F
:20537800D4F23C02A0023C010090094F4C18161F3C0182003E0E82103E0E82203E0F824017
:20539800BE003B800000BE003B000100BE003C1282023C126D001B203C0F6D00641F3C0C79
:2053B8006D00881F3C096D00EC1E3C066D00D51E3C0382023C013C01009082F282003C174D
:2053D800538020F0910000F8D9FF1CB010FFD4FF7D4F0D80538020F0910000F8D9FF1CB05A
:2053F80010FF481F370F48203C04C210BF40EAFF3C010090404F40F46DFFB9FF09FFD408DF
:20541800370F6CF0C21F4B0F41F14BF251203C0100906DFFD4FF53C220F060FF9140003F17
:2054380030F3D93F002849F2080A3C0100906DFFC6FF53C220F060FF9140003F30F3D932E4
:205458000028B0423C0100906DFFB9FF53C220F060FF9140003F30F3D93200283C01009072
:20547800494F081A3C0554FF345FB015C2F4FF14FCFF02423C0100902010404F0B541088E3
:20549800026A89A7080909FF4C18161F78033C0140F46DFFB1FFC2188B4860F3370F68F000
:2054B80074AF8B1A60F3370F68F0780154AF4B0F61F14BF941503BF026F19B3FA8F34BF527
:2054D800413082044B5251004B00716182108F461FF06E0D7B0018144B1941104B125110A7
:2054F8004B0171118F411FF06E023C010269821882074B0061014B0241F04B0661014B0F74
:2055180051006B0031F582014B1F01F0AE046B0031B53C056B0031F567FFBFBF4B3B01F083
:2055380016038B0F20F26E028214822D3C39DF2D05808210821E3C0773D70A004B8011022C
:205558008B1000E03C234B0D61A14BA241A0036D0AC04B0C61F14BFA51C06B0C31F5820ACF
:205578004BAF01F0AE046B0C31A53C056B0C31F567FFBFAF4BAB01F0370F61F16E0602ABD7
:2055980002D8036D0A900207C2107F0EDEFF4B3B01F016038B0F20F26E023C09C21DF647BD
:2055B800736D0AF03BF0FF007FF0C3FF820440F46D00360009FFE00837097000370F0CF05F
:2055D80089FFA00809FFE20837087000370F0CF089FFA20809F0560854AFC2FF370F68F0B5
:2055F80037F004F089FF160809F05708580137F004F089FF170858026E03DA013C02DA00A1
:2056180009F0570837F081F389FF170840F409A40C096D00050082123C010090094F4C1853
:20563800374F05F0894F0C18F6493C01094F4F18370FE1F33C01EEFB3C093C01094F4F181F
:20565800370FE1F33C01DF1FFBFF0090494F041A3C05145F74FFB015C2F4FF14FCFF0242A9
:205678003C0100902008F4A4405DD4DFF44F40F46DFF60FE820440F46DFFD2FFDA0009F02A
:205698005A0837F002F089FF1A0809DFC80809F0D408C2FF370F70F037F00CF0ACFA09D433
:2056B8006C0840F46DFFBCFF09D4040909D54A0809D64D0809D74C0840F46DFFDFFE0228DA
:2056D800820440F46DFFACFF09DF7C086E0382103C028200087F370F01F22CF709DF560889
:2056F8006E03DA013C02DA0009F05B0837F001F389FF1B0809DF540809F05B0837F081F3D1
:2057180089FF1B0809DF510809F0590837F083F089FF190809DF530809F05B0837F001F22F
:2057380089FF1B0809DF550809F05C0837F004F089FF1C0809D0580808CF370F02F32CFCCA
:2057580009DF590809F0500837F002F389FF100809DF500809F0D80837F003F3ACFC09D024
:205778005A0808DF8BF0200337006800370F04F02CFD09DF5B0809F051088BFF20F3370FA8
:2057980068F037F004F089FF110809DF520809F05A0837F002F089FF1A0809DCA809BD0C1E
:2057B8007900D4CEBD0E280009C0040809C95D084CE16E2109E4840909E448083700685055
:2057D8006D00C80D09E4840909E4480802956D00F30DD4E2DA016E0382103C0282000C272D
:2057F800370F81F22C27D4E20CEC0920460837F002F02C2609CE8809BD0E1E0009C00C08C7
:2058180009C95D084CE16E1709E4840909E44808370068506D009E0D09E4840909E4480812
:2058380002956D00C90DD4E20CEC0920440837F003F02C2409CE9009BD0E150009C554086F
:2058580009C95D0809E4840909E448080CECA6F56D00800D09E4840909E4480802956D00FA
:20587800AB0D09CE9809BD0E150009C55C0809C95D0809E4840909E448080CECA6F56D00E0
:20589800690D09E4840909E4480802956D00940D09D46C0840F46DFFC3FEDA0089FF0019F1
:2058B80082FF6CFFDA00D4A22C2E09DF6D082E0CDA016E03DA013C02DA0009F0421837F0EA
:2058D80001F089FF021809DF6D082E1CDA016E03DA013C02DA0009F0421837F001F189FF43
:2058F800021809DF6D082E2CDA016E03DA013C02DA0009F0431837F001F189FF031809DF88
:205918006D082E3CDA016E03DA013C02DA0009F0431837F081F189FF031809DF6D082E4CEA
:20593800DA016E03DA013C02DA0009F0431837F001F389FF0318DA002C2DDA002C2C09DFB1
:205958007D082C2FD20089205409DA006C240C2F82003E0482103E043C0682193C063BC020
:2059780000903C0382093C014CDC6E0C09D4B00909D4AE0802956D005224D4A48942840963
:205998003C0909D4AE0802956D003524D4A4894284094CDE6E0C09D4B80909D4B408029578
:2059B8006D003D24D4A4894288093C0909D4B40802956D002024D4A48942880909D96608E3
:2059D80009DFE208EE03DF39228040F46DFF31FD09DFE2081420370F68F037F008F0342F3E
:2059F8000C21379F82F12C210C2396022C23DA016E03DA013C02DA0009F0431837F001F209
:205A180089FF03180C2196042C2109DFE008EE03DF39228040F46DFF19FD09DFE008142082
:205A3800370F68F037F008F0342F0C21379F82F12C210C2396022C23DA016E03DA013C02F0
:205A5800DA0009F0431837F081F389FF03180C2196042C2109DFE4086E2140F46DFFDBFCD4
:205A780009DFE4081420370F68F037F008F0342F0C21379F82F12C210C2396022C23DA0132
:205A98006E03DA013C02DA0009F0421837F001F089FF02180C2196042C21DA016E03DA0142
:205AB8003C02DA0009F0500837F081F089FF1008DA016E0382103C02820008CF370F81F001
:205AD8002CFC09FF5008960189FF100808CF96012CFC02823C010090F445DA00894F3C08D9
:205AF800DA01894F2C08DA01AC447B107EF46C41DA032C4ADA002C4CDA032C4DDA00894F85
:205B18001008DA01894F1108DA01894F1208DA00894F1308DA00894F1608DA00894F140851
:205B3800DA07894F1508DA01894F1808DA01894F1908DA00894F1A08DA00894F1B08DA004D
:205B5800894F1C08DA00894FA208DA00894FA008DA00894FA408DA00894F2608DAFF894F8C
:205B78002D08A00FEC4AA00FEC4EA00FEC4CDA00894FAE08DA00894FB408DA00894F3D0856
:205B98000090D44F09FF760816013C016E0909FF7E08960189FF3E080C4E96012C4E09FF83
:205BB8007608370F61F13C016E0909FF7E08960489FF3E080C4E96022C4E09FF7708370FD4
:205BD80061F13C016E0909FF7F08960489FF3F080C4E96042C4E09FF7708370FE1F13C0165
:205BF8006E0909FF7F08960889FF3F080C4E96082C4E09FF7708370F61F33C016E0909FFCB
:205C18007F08964089FF3F080C4E96102C4E0090404F6D00AB21022F02F46D00A720821081
:205C380074F002F46D00C2213C0114FF370FE1F0BA0F3C01DF1FFB7F0090404F6D0096217A
:205C5800022F02F46D00922014F0B700010034F002F46D00AB213C0114FF370FE1F0BA0FA7
:205C78003C016EFB0090FF240B00538420F0910000F8D9FF20D010FFD4F23C02A0023C017E
:205C9800009082F282003C17538020F0910000F8D9FF20D010FFD4FF7D4F0D80538020F0C1
:205CB800910000F8D9FF20D010FF481F370F48203C04C210BF20EAFF3C01009002486DFFFA
:205CD800E2FF914000FFD9FF6008530221F010FF534820F010F23C0100907643DF14098097
:205CF800094F6C28375F02F0894F2C283C42DF240400DF340980094F6C28375F02F1894F7E
:205D18002C283C37DF440400DF540980094F6C28375F02F2894F2C283C2CDA0C7E48094FB3
:205D38006C28375F02F3894F2C283C23DA0A3E43DA0D7E48094F6D28375F02F0894F2D28ED
:205D58003C18DF640400DF740980094F6D28375F02F1894F2D283C0DDA083E43DA097E48BC
:205D7800094F6D28375F02F2894F2D283C0200A00090404F0B451088026A6D00281B022B39
:205D98004B8B51406D00A92C022082033C0782224B200102F6023C05C213DA103FF3F9FF24
:205DB800DA107FF34B8076A682204B0911029AF03C029AF9370F700009F1E4083701100040
:205DD80089F0A408DA018200820137F101133701011789F138198F7300F1820053802010D7
:205DF80082700F10000009F2301982F4C64026020F1F00F0A6F289F230198F8300F18B0F7B
:205E180020F26E0DDA00538F20F0C23F82100FF0000009FF3019A60F89FF301909FF701818
:205E380037AF81F389FF3018DA010F3F00F04B0F61F14BFB51203C0282023C0100900940CC
:205E580054080C5C8B4FA0F237F001F3894F1408094051080C5C37F002F3894F1108009044
:205E7800404F024F02586D00B21A02294BF951406D00332C022082033C0782224B200102CF
:205E9800F6023C05C213DA103FF3F9FFDA107FF33F80C2F83708700009F1D4183701100016
:205EB80089F09418820082118202370201233712012789F238198F7300F1821053802010EA
:205ED80082700F10000009F2301982F4C64026020F1F00F0A6F289F230198F8300F18B0F9A
:205EF80020F26E0DDA01538F20F0C23F82100FF0000009FF3019A60F89FF3019DA010F3F9E
:205F180000F04B0F61F14BF951203C0282023C010090094054080C5C8B4FA0F237F081F375
:205F3800894F1408094054080C5C37F002F0894F14080090404D405FC86C89DC900914CF6A
:205F5800370FE1F0BA0F3C01EE0440C46DFF77FE09FF5C081E1409FF5D086E5CDA018210F3
:205F78000FF000004CC1260F6E03DA013C02DA003C01EE08DA0182100FF000004CC1A60F03
:205F98006CC109FF69086E2248BF6E05C864C8B56DFFC1FFDA0109F07008532F2010C22183
:205FB80082320F1200204CC582F3C632262F0F100000A60F6CC5483F370F70F009C0D4181A
:205FD80037F010F089CF94183C064824483540C46DFF48FF09FFF80809C0D01837F010F0BC
:205FF80089CF901809FF5D186E1409FF5D08EE1109FF7A0809C0741837F003F189CF341880
:2060180009FF7B0809C0741837F082F289CF34183C0109FF5C086E0709FF5D18EE0409FFB4
:206038005D086E644818820182100F1000004CC126F07603DA013C02DA003C01EE08820039
:2060580082110F0100104CC1A61F6CC109FF5D186E0B09FF5D08EE08484F6E0609FF7A0888
:206078005E5248483C0109FF60086E31489F6E05C864C8956DFFE5FEDA0009F06808532F85
:2060980020F09221DA030F1F00204CC582F3C632262F0F100000A60F6CC509FF740809C0D5
:2060B800701837F081F389CF301809FF74085E16DA024BF811028BF01F80370870F009C059
:2060D800E40837F010F089CFA4083C0854F409F6740840C402856DFF4EFE09FFF60809C078
:2060F800E00837F010F089CFA00809FEA019BD0E2300D4ECBCCF09EF080809C4840909C451
:206118004808370F68506D002509D4C440C56DFF98FE09EC8409BCCF09EF080809C4840970
:2061380009C44808370F68506D001409D4C440C56DFFF1FE09FFFE086E2CC86209F07C085B
:20615800DA010F0F00F009203029A6F089203029C86409F47C0809F57D086DFFC0FDC8649F
:2061780009F47D086DFFACFD09F0401809FFFE081421370F68F037F108F0342F0C21370F48
:2061980082F12C210C2396022C230C2196042C2109FFC4186E2CC86209F04218DA010F0F09
:2061B80000F009203029A6F089203029C86409F4421809F543186DFF92FDC86409F4431862
:2061D8006DFF7EFD09F0461809FFC4181421370F68F037F108F0342F0C21370F82F12C21FC
:2061F8000C2396022C230C2196042C2109FFCA186E2CC86209F04818DA010F0F00F0092044
:206218003029A6F089203029C86409F4481809F549186DFF64FDC86409F449186DFF50FD7D
:2062380009F04C1809FFCA181421370F68F037F108F0342F0C21370F82F12C210C239602AF
:206258002C230C2196042C2109FFD0186E2CC86209F04E18DA010F0F00F009203029A6F0AF
:2062780089203029C86409F44E1809F54F186DFF36FDC86409F44F186DFF22FD09F05218F3
:2062980009FFD0181421370F68F037F108F0342F0C21370F82F12C210C2396022C230C212A
:2062B80096042C2109FF5C0889DF140849FF141A49D2180AA02444FF642FFC4E0090206840
:2062D800910000F8D9FF3CB049FF000A49A2000AC506180044FF642FFC6E49AF000A494262
:2062F800000AC506180044FF642FFC6E894598090090404F09FF5408DF1F3780C842DA00CE
:206318008210820137F10113370101178921381909FF6108EE28487F6E1BC842821009FF4E
:206338006008532020008B80001082300F1000000922341982F3C63026020F1F00F0A6F29D
:2063580089223419C844C8756DFFE5FD3C0BC842DA008210820137F1811037018114892126
:2063780038193C013C0109FF54086E0409FF61086E32C842DA018200820137F101133701F5
:20639800011789213819486F6E1BC842820009FF6008532020008B80001082300F10000017
:2063B8000922341982F3C63026020F1F00F0A6F289223419C844C8656DFF43FD3C0BC84FC9
:2063D800DA018200820137F181103701811489F138193C010090404F40F46D002F00825076
:2063F8004DC0E1FF16073C013E289110003030F3D933C04F54313C034D00D01F3701E2F0BF
:206418005E1382003C173701E2F0EE13534220F060FF9130003F30F3D93F1436081F160746
:206438005E1382103C05081F16075E3282203C02825002023C010090822282003C1753805D
:2064580020F0910000F8D9FF30D010FFD4FF7D4F0D80538020F0910000F8D9FF30D010FF25
:20647800481F370F68203C04C210BF20EAFF3C010090404F024F40F46DFFE0FF02286E032E
:206498001E325E4382093C0282195E23821A3C02820ADF1949804DC0E1FF16073C015F8FB2
:2064B80028006D00771D022802846D00871C913000CFD9CC143640F46DFFC0FF534220F058
:2064D80010C2142F37AF02F0342F02846D00951D9110003030F3D933C04F543FB72F82F0B5
:2064F8009110003030F3D933C04F743F3C1C6D003D1D022B02B46D00391C913000FFD9FF66
:206518001436534820F010FF9130002FD9221436534820F01022142F37AF02F034FF02B449
:206538006D00441D02923C01009082124DC0E1FF16073C01FF2F0B80538F20F0910000F805
:20655800D9FF30D010FFD4FF3C02A00F3C017DF4048082023C109110003030434933088A28
:20657800543F06F4374F9FF09110003030434933088A743F3C010090404FDA0140F46DFF85
:20659800D6FF262F40F46DFF28FFF626821440F46DFF71FF262F02F23C010090913000FF5A
:2065B800D9FF004654FF370F6EF18FFF83813C01911000A7D9AA408F0D0080043B0098F0F0
:2065D800CD4FE00F0D00C0044D00E0FFB70F14F0CD0FE00F0D00C00482117617DA009601A4
:2065F800CD4F20090D00C0044DC0E1FF8F7F00213C01913000FFD9FF004653C220F010FF02
:2066180054F037006E018FF083313C01913000FFD9FF004653C220F010FF54FF2E1B8F23A8
:2066380020F0960154F0370070088F002100A6F074F08F2320F0960254F0370070088F0022
:206658002100A60F74FF3C0154FF1601DF1FFE7FDA00761382003C028210370F81F0CDCFAF
:2066780020090D00C004913000FFD9FF004653C220F010FF54FF2E1B8F2320F0960154F0BD
:20669800370070088F002100A60F74FF86238F3340F154F0370070088F002100A60F74FFF4
:2066B8003C0154FF6F0FFF7F0D00C00482114DC0E1FF8F7F00213C01913000FFD9FF00469B
:2066D80053C220F010FF54F037006E018FF083313C01913000FFD9FF004653C220F010FF02
:2066F80054FF2E1B8F2320F0960154F0370070088F002100A6F074F08F2320F0960254F052
:20671800370070088F002100A60F74FF3C0154FF1601DF1FFE7FDA00761382003C02821003
:20673800370F81F0CD0F04090D00C004913000FFD9FF004653C220F010FF54FF2E1B8F2370
:2067580020F0960154F0370070088F002100A60F74FF86238F3340F154F0370070088F0091
:206778002100A60F74FF3C0154FF6F0FFF7F0D00C004913000FFD9FF004654FF2E1B8F282A
:2067980020F0960154F0370070088F002100A60F74FF8F2820F0960254F0370070088F008E
:2067B8002100A60F74FF3C0154FF1601DF1FFE7F910000F8D9FF004080FFCD4FE20F0D001C
:2067D800C00491F000F8D9FF000480FFCD0FE20F0D00C004911000F7D9FF80CF80FFCD8FD1
:2067F800E20F0D00C004913000FFD9FF004654FF2E1B8F2820F0960154F0370070088F0065
:206818002100A60F74FF8F2820F0960354F0370070088F002100A60F74FF3C0154FF6F0FDE
:20683800FF7F91000000D900000091000010D911000091000080D988000091000090D999C8
:206858000000911000F7D9FFC00F91100027D922C001A004802080FFA2F0DA404BF0114260
:2068780082003C1E80FFB70F1CF08F4F1F1080FFBBF0FF2F0662262F06AFA6F1F606CD811B
:20689800E30F0D00C0043C0274419AD47E05CDC1E30F0D00C00440F449FF001AC2103F4001
:2068B800E3FFDA00744F6D00751B022F02846D00B41A02F46D00F51A6DFF39F56D006A1B54
:2068D800913000FF19FF30366F1F12008F2220F09601913000FF19F03036370070088F00FD
:2068F8002100A60F913000FF59FF303686228F2240F1913000FF19F03036370070088F0035
:206918002100A60F913000FF59FF30363C01913000FF19FF30361601DF1FFB7FDA00913066
:2069380000FF59FF181691000048D94458F16D00CC159130884F910000F8D9FFA85680F4C2
:206958006DFF1CFE911000F8D9FF2EADDC0F0090913000FFD9FF0C4654FF370F6EF18FFF62
:2069780083113C01912000A6D9AA408B0D0080043B0098F0CD4FE00F0D00C0044D00E0FF2D
:20699800B70F14F0CD0FE00F0D00C00482127627DA009601CD4F20090D00C0044DC0E1FFD4
:2069B8008F7F00313C01913000FFD9FF004653C320F010FF54F037006E018FF083413C01C6
:2069D800913000FFD9FF004653C320F010FF54FF2E1B8F2420F0960154F0370070088F0014
:2069F8002100A6F074F08F2420F0960254F0370070088F002100A60F74FF3C0154FF160197
:206A1800DF1FFE7FDA00762382003C028210370F81F0CDCF20090D00C004913000FFD9FF39
:206A3800004653C320F010FF54FF2E1B8F2420F0960154F0370070088F002100A60F74FF02
:206A580086248F3440F154F0370070088F002100A60F74FF3C0154FF6F0FFF7F0D00C00458
:206A780082124DC0E1FF8F7F00313C01913000FFD9FF004653C320F010FF54F037006E0104
:206A98008FF083413C01913000FFD9FF004653C320F010FF54FF2E1B8F2420F0960154F011
:206AB800370070088F002100A6F074F08F2420F0960254F0370070088F002100A60F74FF3F
:206AD8003C0154FF1601DF1FFE7FDA00762382003C028210370F81F0CD0F04090D00C00446
:206AF800913000FFD9FF004653C320F010FF54FF2E1B8F2420F0960154F0370070088F00F3
:206B18002100A60F74FF86248F3440F154F0370070088F002100A60F74FF3C0154FF6F0F9D
:206B3800FF7F0D00C004913000FFD9FF0C4654FF2E1B8F2120F0960154F0370070088F008F
:206B58002100A60F74FF8F2120F0960254F0370070088F002100A60F74FF3C0154FF16010A
:206B7800DF1FFE7F91F000F8D9FF000680FFCD4FE20F0D00C00491F000F8D9FF000480FFFA
:206B9800CD0FE20F0D00C004912000F6D9FF80CB80FFCD8FE20F0D00C004913000FFD9FF40
:206BB8000C4654FF2E1B8F2120F0960154F0370070088F002100A60F74FF86218F3140F115
:206BD80054F0370070088F002100A60F74FF3C0154FF6F0FFF7F91000000D900000091004B
:206BF8000010D911000091000080D988000091000090D9990000912000F6D9FFC00B912083
:206C18000026D922C00DA004802080FFA2F0DA404BF0114282003C1E80FFB70F1CF08F4F66
:206C38001F1080FFBBF0FF2F0662262F06AFA6F1F606CD81E30F0D00C0043C0274419AD43E
:206C58007E05CDC1E30F0D00C00440F449FF001AC2103F40E3FFDA00744F911000F8D9FF71
:206C78002EFDDC0F0090DA000950DA08370F0EF009505C08370F03F809505D08370F81F981
:206C980009505E08370F01FA09505F08370F83FA09506108370F01FE09506008370F03FC4C
:206CB8006C45820109506408370103100950650837018111095066083701041409506B0805
:206CD8003701011A09506708370103120950680837018113095069083701041609506C08B6
:206CF8003701811A09506A083701041809506D083701011B09506E083701011C09506F0874
:206D18003701811C095F70086E0382203C028200095F71086E03DA013C02DA00A6F03701C0
:206D3800021D095F720837F1041E095F730837F1811B89411009095F06096C42095F0A09C6
:206D58006C43095F16096C41095F1209744F095F6A086E0A095F6A081E17095F6A081E2475
:206D7800095F0E096C460090F4450090404F405CD4C2D42DF4FD09CF04082CF409CF0408D6
:206D9800530F22F010D2D9220002E822C82440C56DFF6BFF820009CF63086E05DA0137F07D
:206DB80001083C04DA0137F0810809FF0408534F20F010D25920C08109CFF4086E22D4F25B
:206DD80009FF0408BC21534F20F060FF9140003F30F3D93F40483C0109C0760809CFF4086E
:206DF80014F1370F68F037F108F034FF081F370F82F12CF1083F96022CF3081F96042CF1AC
:206E180000902038910000F8D9FF00E049FF000A49A2000AA0D644FF642FFC6E49AF000A32
:206E38004942000AA0D644FF642FFC6EF44500906DFF1BFF0090D45FF44F0090404F6D000E
:206E58009518022F02F46D00911791A0003030F3D933C04F5430B700010091A0003030F3D2
:206E7800D933C04F743002F46D00A01800906D009612913000FF39FF3506370F64F24B0F52
:206E980041F14BF251203C013C01009037046800DA084BF00102DA0203F10AF6370F68F0BF
:206EB800DF15068082220FF210203C0482120FF210203C010090404F026F82066DFFE8FFBE
:206ED8006E04681268223C0268120090404F026F82066DFFDDFF6E04684268523C0268424E
:206EF8000090404F3B0001606DFFD2FF74F20090404F024F0269820602F46DFFC9FF022865
:206F18003B0001600BF910486DFFC2FF8F0201F0A6F868680090DA01744F0090804F530460
:206F38002800420F60FF3C0148423C010090BC41DA024BF50102534020F053042100600F27
:206F58009140003F30F3D93FC06910F23C010090804F53042800420F60FF3C01685500904E
:206F7800804F53042800420F60FF3C0168350090804F53042800420F60FF3C016845009019
:206F9800804F53042800420F60FF3C0168250090804F53042800420F60FF3C01481F375F49
:206FB80002F06CF10090804F53042800420F60FF3C014890DA006CF948BF375F02F06CFB92
:206FD80068907663DA013C02DA0037F001F0767382103C028200370F81F06CF90090804F07
:206FF80053042800420F60FF3C01DF15048082103C028200481F370F81F56CF10090404CA7
:20701800405F8218D4F2F4C2084F2CC4084F3B008000E20FD4F21022911000303023D93D27
:20703800000D89CD880909FF05082CC549DE001A89CE8C0909FF52085E1709F40508821599
:2070580040E46DFF50FF09F405088215821640E46DFF50FF09F4050809F5500840D46DFF41
:20707800C0FF09F40508086540D46DFF93FF487F6E08C87409F4600809F561086D002401D9
:2070980009FF54081E1509FF5508DF1F278009F4050809F5560809F6540809F7550840D405
:2070B8006DFF83FFD4F4084409F505086DFF41FF09F0570809FFD8081421370F68F037F1C4
:2070D80008F0342F0C21370F82F12C210C2396022C230C2196042C2109FF52085E1E09F405
:2070F8000508482540D46DFF4DFF09F40508483540D46DFF37FF3C0D09F40508482540D421
:207118006DFF38FF09F40508483540D46DFF22FF09F405088215820640E46DFFCEFE09F40A
:2071380005088215820640E46DFFD2FE09FF53085E1509C48C096DFFF0FE02823C010090C8
:20715800F445DA002C44DA002C45DA146C42DA0A6C43DA01894F1008DA022C46DA00894F4F
:207178001108DA00894F1208DA01894F1308DA00894F1408DA00894F1508DA02894F1608D5
:20719800DA00894F1708DA00AC4CA00FEC47DA80894F2008DA00894F21080090404F024FAD
:2071B800C83409F40508821502F66DFF86FEC83409F40508821502F66DFF8AFEC8346DFF41
:2071D800ACFE0090404F024FC83409F40508820502F66DFF72FEC83409F40508820502F697
:2071F8006DFF76FEC8346DFF98FE0090594400C00090194F08C0370F78F04B0F41F1194059
:2072180004C0370078004B0041014B0F51F06D0006004BF241203C0100906DFF2AFE3C010C
:207238000090404F0B54108840F46DFFE4FF4B8251007B00F8136B0131004B0071814B08CC
:2072580061116B0131007B00F0134B1001F0370F61F16E02C2186D008916022A02A46D0010
:207278008515DA00BE90DA013E9EDA023E9CDA033E9ADA043E98DA053E96DA06BE91DA079B
:20729800BE963C1C534920F010F2534920F010FF19FF0CC0378F18F0592F0CC03C1019FF57
:2072B80024C0378F18F059FF24C03C0919FF28C0378F18F059FF28C03C023C0102A46D00E7
:2072D80075160090404F0258481F8FCF1F00481F160F532F2020082F0F2F001082330F23F4
:2072F800003091A0012FD922F04F534020F01022542F82F0C630260F2631A61F742FC8240B
:2073180008CF09F55008A64502F46D002300C82408C402856D0050000090A00282003C13B8
:20733800538020F0910000F8D9FF284110FF481F7E49538020F0910000F8D9FF284110FF8F
:20735800D4F2C210FFD00480BD02EC7F3C010090404F0B4510A849FC100A82404B0A0182A3
:207378008F3A00F1538F20C09140002FD922000E7D2F15806D00FA15022F02F46D00F61415
:2073980009F0201982110FA1101082F2C621261089F0201902F46D000916534820F010CFF1
:2073B800DAFF0FCF00F00FCB10B002F302B249F240080090404F0B4510886D00D715022ABC
:2073D80002A46D00D31449FF001ADA084BF801028F7800F1534F2040534020F010FFDA0F7C
:2073F8000F4F00F00F49109002F3029249F2400802A46D00DB1500902020404CDA084BF4A3
:2074180001826D00F20E534920F010A2534920F010CF488F742F09CF500816FFC21F4B0F81
:2074380041F14BF25100534920F010AF14FF163FC21F4B0F41F14BF05100534920F010AF3D
:2074580014FF370F62F39211534920F010AF081F160342F1534920F010AF081F370F62F1BA
:2074780042F14B0141F14BF051203C01009020080248405F3705E8FB8B0F20F26E018209F4
:2074980049A6000A028440F56D003900DA0037F9019014AF37F983900CA137F903920CA2B9
:2074B80037F983930CA337F903950CA437F983960CA537F90398081FAE63DA003C02DA0157
:2074D80037F98199DA0037F9019A14FFAE53DA003C02DA0137F9819ADA0037F9019B09FFA5
:2074F800C008370F66F3C2FF370F70F037F9859B3789049E02923C010090406C82088209D2
:20751800DA084BF40122094F500816FF9210534320F0104F09FF6008163FC21FE2F0534395
:2075380020F0104F09FF6008370F62F39211534320F0104F09FF6108160342F1534320F0AE
:20755800104F09FF6108370F62F142F173100AA0B025405D820B3C4E534B20F010DF54FFD1
:20757800E2AF4B0F61F17B0000044B0F51C0820D820E3C328210532E20F00FF010004B00C2
:2075980041F14BFC51F07B00F0036B00214F6D007620FF922180532E20F00FF210F04B0FAF
:2075B80041F14BCF01F016068B0F20F26E09C2F28B0240F3370F689002E8821D3C0FFF8230
:2075D8000B809A12C2FF8B0F40F3370F689002E8821D3C04C21EBF8ECFFFF6D3827982780E
:2075F800532B20F010CF2819532B20F010CF34F8C21BBF3BB3FF0090404C405F76418208A7
:2076180054CF6E016D00F10D3C0109CF500816FFC21F4B0F41F14BF251F03C017B00F80335
:207638004BF0513048103B800040821502463700E81BBA016E037B00F8037B00F8134B0196
:2076580051703B0040929B499794024A3C4D4B0A41014B0341004B0751107B00F0236B028C
:2076780021114B0131B1DA407FBF05003B0004B03C0973AB0A10FF410400822B3C034EB299
:20769800821B4B0B41114B1041006B07311082024B2101F0AE046B0731003C056B0731F034
:2076B80067FFBF0F4B9001F06F2F1E804B9001F0AE264B9001F0AE036F060580020902A6AC
:2076D80002B56F061180DA004BF001F0AE27DA004BF001F0370F61F06E03DA003C02DA01F9
:2076F8006E023C04C2FAFF2AB47F3F5409006F0607006F050580025F026502F6DA024BF6BC
:2077180001229AD2370F4800C2F5370568F037F80680DA024BF601421A52C2FF370F68F009
:2077380037F802838E03020F3C02DA0037F802858E0382323C01370268F037F80284088FAE
:20775800AE43DA013C02DA0037F80186088FAE33DA003C02DA0137F88186089F370FE1F216
:2077780037F8018702823C0100900248BC416D003C0DDA004BF801F0AE217B0008F44BF855
:2077980041F04BF251004B0031F14B0F41F16B0F31F07B00F0134B1F01F0AE244B0031F166
:2077B8003C044B0031F1C21F8B1F40134B0161F14BF251F06B0F31F882004B0F01F0AE08E4
:2077D8004B0161F14BF251F06B0F31583C094B0161F14BF251F06B0F31F867FFBF5F824622
:2077F8003C2C4B0661F14BF841F04BF251F07B00F0036B0021FF4B0F710173600AF04B0F88
:2078180061F14BF251306B0331F882044B4F01F0AE046B0331383C056B0331F867FFBF3FD3
:207838004B5301F0AE247603023502013705E8FB6E02F6023C06C2163B801FF07F6FD3FFF1
:20785800C2F18B0140233C010090FF440B00538420F0910000F8D9FF54E110FFD4F23C02C3
:20787800A0023C01009082F282003C17538020F0910000F8D9FF54E110FFD4FF7D4F0D8084
:20789800538020F0910000F8D9FF54E110FF481F370F48203C04C210BF40EAFF3C0100906C
:2078B800494F102A3C0554FFB45FB025C2F4FF14FC7F0090494F102A3C0554FF745FB04560
:2078D800C2F4FF14FC7F0090494F102A3C0554FF345FB015C2F4FF14FC7F0090DA010F4FF1
:2078F80010F0370F70F009410819765737017008A6F0370110183C083701700882F2C6F2CC
:20791800262037011018766737017000A6F0370110103C083701700082F2C62F26F0370193
:207938001010894108190090DA084BF40102534120F0104F49FF241A3C06095FC00874FF02
:20795800B025C2F5FF15FB7F0090DA084BF40102534120F0104F49FF241A3C05545F74FF51
:20797800B045C2F5FF15FC7F0090DA084BF40102534120F0104F49FF241A3C05145F74FF50
:20799800B015C2F5FF15FC7F0090094F4518EE047B1000F03C02DA01CC4D094078080F0FF9
:2079B80010F06CF10090094288093C010090094F4518EE03DA013C037B1000F0CC4D09407C
:2079D80078080F0F10F06CF10090404F405C406D0248D4FE40E46D008F050229DF09368022
:2079F800ECE2084F96012CF4E84CA8A8821089F00718E86DA8E848FF6E05C8F240F42D0229
:207A1800000009FF49181E1409FF49185E3540F46D0047093C1A09FF4918DE4209E2A8094B
:207A380009E4A809094FD818C2F837087000370F10F0892F981840F46D0033093C06C8AF9B
:207A580009E488092D0F000002923C01009082020C44AE04D44F481F6E0282123C01009012
:207A78002010404C405DD4D2D42FF802C8AFF801D4DFF4CF0CC4B70F01F02CC409DF640841
:207A980089CF081809DF650889CF091809DF260989CF0C1909DF2A0989CF10190CD8370F2E
:207AB80061F1D80109F0510837F0010389F0110849DF1C0AF4AF5E1754FFEE05DA0089CF96
:207AD80004183C07CCD7481F370F68F089CF041809C04418DA084BF00182534920F009A4F5
:207AF8008409104F029440D56DFF88FD022F6CF809C4441849D5080A4CD109A4840902F5AA
:207B18006DFFB7FC022F6CCC821009CF44180FF000008F0001100CD9AE43DA003C02DA0197
:207B380009C444180F4F10F0D80149FF081A8F000140A640A6F10203021249F2400809CFA2
:207B58007308370F64F28F7F004109A484096DFF55FC4B0231F189CF0A09D4AF54FFEE070B
:207B7800A00FECCFA00F89CF80193C46D4FF09F2C80989C2F4090CD9370F61F289CF051887
:207B98000CD86F1F2280910000F8D9FFA267ECCF910000F8D9FF867789CF801940C46DFFD5
:207BB80008FFD4AFD4FF09D5600809DA6108DA80C82408C4A6F56DFFCDFBC82408C402A57E
:207BD8006DFFFAFB3C19A00FECCFA00F89CF8019D4A2D42F09D5600809DA6108D422092F94
:207BF8005008C82408C4A6F56DFFB4FBC82408C402A56DFFE1FB09DFC808370F66F389CF51
:207C18000618911000F8D9FF5078ECCA911000F8D9FF5E48ECCBD80209FF46186E11911011
:207C3800002F09F00518534920F0D80110FF49FF241A530022F0102280FF592F0C0282029D
:207C58003C010090404C40C46D007C1CA00FECC7DA8089CF2008DA0089CF2108A00FECC7B1
:207C7800DA0089CF2008DA0089CF2408DA0289CF250882FF89CF2609DA0089CF2A090090D6
:207C98002040404C405DCCD5F80F6D006F11022802846D006B1014FFB70F01F034FF09DF31
:207CB80058086E03DA003C02DA0114F037F081F134FF02846D007A11820809D4100909A46D
:207CD800BC096DFF54FD370268F037F80880DA0F37F80485DA0037F8828C09DF59086E0350
:207CF800DA013C02DA0037F8818DDA0137F8048E68484CD489CF0819820009DFC6086E04AD
:207D18003BF01FF03C02DA0037F00900820109DFC408EE0409DF66086E028211371081047B
:207D3800820109DFC208EE0409DF66086E0282113710010509DF5B0837F0020809DF5C0896
:207D580037F0020909DF680837F0020D09DF690837F0020E685009DEA009BD0E3B00D4EFAA
:207D7800BCFF0CE409E85508C814088408C5A6F56DFFF0FAC814088402856DFF1DFBCCE2AB
:207D9800BCFF0CEC09E85508C814088408C5A6F56DFFE0FAC814088402856DFF0DFBCCE4A1
:207DB800BD0F180009EF140809E85508C8140884370F68506DFFCEFAC814088402856DFF70
:207DD800FBFAD4F2D4F40C4408C0370F03F02C24D80FECCAF4CCDA006CC1A00FECC2910015
:207DF80000F8D9FFA277ECC5910000F8D9FFA697ECC609DF66086E0C911000F8D9FF0878C0
:207E1800ECC7911000F8D9FF3C48ECC83C0B911000F8D9FF7238ECC7911000F8D9FF5838D8
:207E3800ECC8911000F8D9FF3AE8ECC909DF6608DF0F8C00DA0189CF061849A4000A911075
:207E5800005F6DFF93F749A4040A49A5000A6DFFDAF709DF250889CF051809CF05182CA832
:207E7800DA0089AF2708DA0189AF3408DA0089AF0A09DA0089AF2A08DA0089AF2F08DA00CE
:207E9800ACAFDA0089AF2308D80F49FF241A80FF89AF0E09DA0089AF2D08DA0189AF300865
:207EB800DA0089AF2108DA0089AF2208DA0089AF20080CD889AF3A0809DFC40889AFB808EF
:207ED80049C4380A49A5040A6DFF52F709DF240889CF041809CF04182CA8DA0089AF2708F9
:207EF800DA0189AF3408D80F49FF102A80FF89AF0A09DA0089AF2A08DA0189AF2F08DA0080
:207F180089AF0E09DA0089AF2D08DA0089AF3008DA00ACAFDA0089AF2108DA0089AF2208BD
:207F3800DA0089AF2308DA0089AF20080CD889AF3A0809DFC20889AFB80849C42C0A49A579
:207F5800040A6DFF15F73C04DA0089CF0618BBF0FFFFD80F89FF141909CF46186E4509A418
:207F7800BC096DFF82FC914000FFD9FF1068538221F010FF3C01823009DF2508370F70F07B
:207F980014F1370F68F037F108F034FF081F370F82F12CF1083F96022CF3081F96042CF1FA
:207FB80009A4BC096DFF61FC914000FFD9FF1068538221F010FFB04F3C01823009DF240857
:207FD800370F70F014F1370F68F037F108F034FF081F370F82F12CF1083F96022CF3081FCB
:207FF80096042CF13C6D09DFC4086E2109A4BC096DFF3BFC914000FFD9FF1068538221F0AB
:2080180010FF3C0109D0480809DFC40814F1370F68F037F108F034FF081F370F82F12CF12C
:20803800083F96022CF3081F96042CF109DFC2086E2209A4BC096DFF18FC914000FFD9FF70
:208058001068538221F010FFB04F3C0109D0480809DFC20814F1370F68F037F108F034FF8E
:20807800081F370F82F12CF1083F96022CF3081F96042CF109DFC6086E2309A4BC096DFFEA
:20809800F4FB914000FFD9FF1068538221F010FF49FF080A3C0109D0480809DFC60814F149
:2080B800370F68F037F108F034FF081F370F82F12CF1083F96022CF3081F96042CF1D80FF7
:2080D80009FF5308960189FF13080090404F405C40F46D00831AE85CDA0089FF1808DA0052
:2080F80089FF1908DA0089FF1A08DA0089FF1B08DA0089FF1C08DA0089FF2808DA0089FF3C
:208118002908A002E88282FF89FF240882FF89FF2508DA0089FF2608BB00C2FB9BEFC3F456
:208138006CF40090911000CF094804186DFF3DFC402F530822F010C2392F1E02370F61F1E7
:208158008B0F2002DF100D80530822F010C2530822F010C4394F1F029604E92F1F023C0196
:20817800DF00110009FF00196E0609F2801940F42D020000084FB70F01F02CF4D4F46D0008
:208198001A02530822F010CF39FF1E02370FE1F18B0F20F25E1C530822F010CF530822F010
:2081B80010C2392F1F029604E9FF1F023C010090404C40C46DFFF9FB402F9110005F09C1B3
:2081D800051809C6A80949F7100A530122F01052392F1E02370FE1F18B0F2002DF100D80F0
:2081F800530122F01052530122F01054394F1F029604E92F1F023C01DF001A00530122F0BD
:20821800105F39FF1E02370F61F18B0F20F25E1C530122F0105F530122F01052392F1F029B
:208238009604E9FF1F023C011D00BC0009FF49181E1509FF4918DF3F2580530122F0105FD0
:2082580039FF1E02370F61F18B0F20F25E1C530122F0105F530122F01052392F1F02960430
:20827800E9FF1F023C01534120F0105F534120F01052392FC2819602E9FFC2811D0092006A
:2082980009FF4918DF4F2480530122F0105F39FF1E02370F61F18B0F20F25E1C530122F03A
:2082B800105F530122F01052392F1F029604E9FF1F023C01534120F0105F534120F01052ED
:2082D800392FC2819602E9FFC2813C6B530122F01052392F1E02370F61F18B0F2002DF10DE
:2082F8000D80530122F01052530122F01054394F1F029604E92F1F023C01DF00530088AF25
:20831800BF2F5000530122F01052530122F01054394F1F029604E92F1F02534120F01052F3
:20833800534120F01054394FC2819602E92FC281547FEE0C48CF8210370F01F0896F201981
:2083580009FF0C19896F24193C2C48CF8210370F01F0896F201909FF4618FF9F0A80D47256
:2083780088AF102F09FF7FF8896F24193C1A09F04618DA103F0F0D8088AFC2FF532F20F0BF
:20839800D47F10FF09FFC008896F24193C0A88AFC2FF534F20F0D47F10FF54FF896F241984
:2083B8000090404C09C2A809092FC0188FFF1F813C01BBF0FF0F8920141940C46DFFF5FAA4
:2083D800402F911000DF6F08070009FF4A18960189FF0A186F18070009FF4A18960289FF55
:2083F8000A186F28070009FF4A18960489FF0A186F78070009FF4A18968089FF0A186F3838
:20841800070009FF4A18960889FF0A186F48070009FF4A18961089FF0A186F58070009FF3D
:208438004A18962089FF0A186F68070009FF4A18964089FF0A18DF08110009FF00196E060D
:2084580009F2801940F42D020000084FB70F01F02CF4D4F46D00AF0009CF46186E3109C05D
:208478000418530022F010DF39FF1E02370F61F18B0F20F25E1C530022F010DF530022F0A5
:2084980010D2392F1F029604E9FF1F023C0109C00518530022F010DF39FF1E02370F61F14F
:2084B8008B0F20F25E1C530022F010DF530022F010D2392F1F029604E9FF1F023C010090EA
:2084D800404F40F46DFF71FA0925AC0940242D050000484FC21F6CF40090404F40F46DFFDA
:2084F80064FA0925A80940242D050000483FC21F6CF30090DA01494F0408EE0382023C0208
:2085180082123C010090404FD4F2D4220924A80949FC180A094F4218370FE3013C0188EFC2
:208538000B0F80F1370F508054CFEE0A82003C05094110293C01C2103F80FC7F3C2609F07D
:208558004618FF900B80D4C502846DFFBFF9D4C201280026F4C23C1909F04618DA103F0FC9
:208578000C80D4C502846DFF9DF9532820F0D4C21022F4C23C0AD4C502846DFF9DF953482B
:2085980020F0D4C21022F4C288EFA28FACFE88EFEE1009FF00196E0609F2801940F42D02E2
:2085B8000000084FB70F01F02CF4D4F46D0003000090DA006C4100902008404F49FD100A7F
:2085D800D4F2D42C09CF4618DF0F7E02911000EF09C4A809F4A46DFF48F9538221F03C01A3
:2085F80009C8051809C904184DC0E2FF370FE1F78B0F20A23C010D00400300003C0188AF1E
:20861800BF2FE50088AF92F0530822F010E2530822F010E4B94F140237007000370F0EF0ED
:20863800F92F140209FF4618FF9F10808200530822F010E2530822F010E4394F1602370F28
:2086580083F2E92F16023C2109F04618DA103F0F10808210530822F010E2530822F010E48F
:20867800394F1602370F83F2E92F16023C0E8220530822F010E2530822F010E4394F16020B
:20869800370F83F2E92F160254DFEE4049F20C1A802FB70F1C007B0000FDFE014DC0E1FF20
:2086B80016073C0149F20C1A8020B7000C0AB770030E7B000011E21FA2F03C0449F20C1A82
:2086D8008020530822F010E259200802820082118222530822F010E219231002370303302D
:2086F8003713813137230434530822F010E259231002530822F010E2530822F010E4394F9F
:2087180012029610E92F12023C3A54DFB70F1C007B0000FD7E0F4DC0E1FF16073C0154D060
:20873800B7000C0AB770030E7B000011E21FA2F03C0254D0530822F010E259200802820037
:2087580082118202530822F010E219231002370303303713813137230434530822F010E2E3
:2087780059231002530822F010E2530822F010E4394F1202B70F01F2E92F1202D4A2492231
:20879800241A530822F010E4802F594F0C02820082118202530822F010E21923100237033D
:2087B80003323713813337230436530822F010E259231002530822F010E2530822F010E42D
:2087D800394F1F029604E92F1F0288A0530922F010E2530922F010E4B94F14023700700056
:2087F800370F0EF0F92F140209FF4618FF9F10808200530922F010E2530922F010E4394F7F
:208818001602370F83F2E92F16023C2109F04618DA103F0F10808210530922F010E2530973
:2088380022F010E4394F1602370F83F2E92F16023C0E8220530922F010E2530922F010E4E1
:20885800394F1602370F83F2E92F1602486FEE4049F2101A802FB70F1C007B0000FDFE0123
:208878004DC0E1FF16073C0149F2101A8020B7000C0AB770030E7B000011E21FA2F03C0430
:2088980049F2101A8020530922F010E259200C02820082118222530922F010E2192310026D
:2088B800370303323713813337230436530922F010E259231002530922F010E2530922F0E3
:2088D80010E4394F12029620E92F12023C3B486FB70F1C007B0000FDFE004DC0E1FF8F7F8D
:2088F80000013C01486FB70F0CFAB77F031E7B0000F1E2F0A2013C024861530922F010E220
:2089180059210C02820082118202530922F010E2192310023703033237138133372304366F
:20893800530922F010E259231002530922F010E2530922F010E4394F1202B70F81F2E92F82
:208958001202530922F010E2530922F010E4394F1F029604E92F1F02BBF0FFFFD4A4894FB4
:2089780014196DFF82F79140002FD9221068538221F010223C010C2396022C23D4A46DFF0B
:2089980074F79140002FD9221068538221F01022B0423C010C2396022C23D4A46DFF65F744
:2089B8009140002FD9221068538221F010224922080A3C010C2396022C23530922F010E2E4
:2089D800530922F010E4394F1F029604E92F1F02534920F010E2534920F010E4394FC28198
:2089F8009601E92FC28188AFBF2F2B00530822F010E2530822F010E4394F1F029604E92F02
:208A18001F02534820F010E2534820F010E4394FC2819601E92FC28109FF4818EE0948CFAE
:208A38008200370F01F0D4AF89FF20193C0848CF8210370F01F0D4AF89FF20193C3F54DF0B
:208A5800EE0E48CF8210370F01F0D4A2892F201909FF0C19D4AF89FF24193C3048CF821031
:208A7800370F01F0D4A2892F201909FF4618FF9F0B80D4D288AF102F09FF7FF8D4AF89FF0B
:208A980024193C1C09F04618DA103F0F0E8088AFC2FF532F20F0D4DF10FF09FFC008D4AF6D
:208AB80089FF24193C0B88AFC2FF534F20F0D4DF10FF54FFD4AF89FF241976A30D00000362
:208AD8001D00EE0088AFBF1FEB00D4F2D422092CA80909FF7308370F644209CF4218160713
:208AF8003C018B4F000109FF47185E12C2F088AF7E02C2F088AF0B0F80F1370F5080BF18A5
:208B1800CF0088AF5280A8A088AFEE0382113C02820109FF4718DE11BF28100088AF6E0DA2
:208B38004DC0E20F3700E1078B0020923C010D00400300003C013C084DC0E20F3700E10798
:208B58008B0020923C0109FF4718DE14820089F0071809FF4818EE0848CF8200370F01F0E2
:208B780089CF20193C0748CF8210370F01F089CF201954DFEE1E09F00C19DF0113008201C5
:208B98003C0489C02419C2119AF83FF1FC7F48CF8211371F01F089CF201989C024193C089B
:208BB800DA003C0489C02419C21F3F8FFD7F3C7409FF4618FF9F2480DF011800BF28080093
:208BD800D4D59AF840C402F56DFFD1F648CF8210370F01F089CF2019D4DF01F800F609FFF9
:208BF8007FF889CF24193C06D4D540C402856DFFBEF6D4DF01F800F6F4DF3C4E09F0461865
:208C1800DA103F0F2780DF011A00BF280800D4D59AF840C402F56DFF89F648CF8210370F64
:208C380001F089CF2019C2F8532820F0D4DF10FF09FFC00889CF24193C0BD4D540C40285B3
:208C58006DFF74F6532820F0D4DF10FFF4DF3C24DF011900BF280800D4D59AF840C402F588
:208C78006DFF75F648CF8210370F01F089CF2019C2F8534820F0D4DF10FF54FF89CF241985
:208C98003C0BD4D540C402856DFF61F6534820F0D4DF10FFF4DF76930D000003009020086D
:208CB800404D49DF100AD4D2D42C8CDA82404B0F0102F6188CDA82404B0F0102370068F080
:208CD8003C088CDA82404B0F0102370068F0C21F370F688009DF49189E4B8CDA3B00010041
:208CF8004B0F0102F6198CDA3B0001004B0F0102370068F03C098CDA3B0001004B0F01021E
:208D1800370068F0C21F42F8C2F83708688009CF4618DF0F2102911000EF09C4A809F4A4C3
:208D38006DFFA3F5538221F03C0109C9051809CA04184DC0E2FF370FE1F78B0F20B23C0161
:208D58000D00400300003C01530922F010E2530922F010E4B940140237800E00F9201402A9
:208D78008220530922F010E2530922F010E4394F1602370F83F2E92F160254FFB70F1C00B7
:208D98007B0000FD7E0F4DC0E1FF16073C0154F0B7000C0AB770030E7B000011E21FA2F007
:208DB8003C0254F0530922F010EF59F00802820082118202530922F010EF19F310023703FB
:208DD80003303713813137230434530922F010EF59F31002530922F010EF530922F010E222
:208DF800392F1202B70F01F2E9FF120209DF49189E4DD4AF49FF1C1A530922F010E280FF16
:208E1800592F0C02820082118202530922F010EF19F310023703033237138133372304367F
:208E3800530922F010EF59F31002530922F010EF530922F010E2392F1F029604E9FF1F0256
:208E58008CDA82404B0F0102F6188CDA82404B0F0102370068003C088CDA82404B0F01027A
:208E780037006800C210530A22F010EF530A22F010E2B92F140237007000370F0EF0F9FFB9
:208E980014028220530A22F010EF530A22F010E2392F1602370F83F2E9FF16024CD6EE40A8
:208EB80049DF101A80FFB70F1C007B0000FDFE014DC0E1FF16073C0149DF101A80F0B700B0
:208ED8000C0AB770030E7B000011E21FA2F03C0449DF101A80F0530A22F010EF59F00C0246
:208EF800820082118222530A22F010EF19F31002370303323713813337230436530A22F0A5
:208F180010EF59F31002530A22F010EF530A22F010E2392F12029620E9FF12023C3C4CD645
:208F3800B70F1C007B0000FDFE004DC0E1FF8F7F00013C014CD6B70F0CFAB77F031E7B00C8
:208F580000F1E2F0A2013C0309D11809530A22F010EF59F10C02820082118202530A22F08B
:208F780010EF19F31002370303323713813337230436530A22F010EF59F31002530A22F080
:208F980010EF530A22F010E2392F1202B70F81F2E9FF1202530A22F010EF530A22F010E2D9
:208FB800392F1F029604E9FF1F02BBF0FFFFD4A4894F14196DFF59F4914000FFD9FF10686E
:208FD800538221F010FF3C01083F96022CF3D4A46DFF4BF4914000FFD9FF1068538221F020
:208FF80010FFB04F3C01083F96022CF3D4A46DFF3CF4914000FFD9FF1068538221F010FFE7
:2090180049FF080A3C01083F96022CF3530A22F010EF530A22F010E2392F1F029604E9FFC9
:209038001F02534A20F010EF534A20F010E2392FC2819601E9FFC28109DF4918DF3F308028
:2090580009D09408DA103FF00A0009D0F208DA0F37F085F389DFB2083C0B09D0F2088CDA63
:20907800C2FF370F70F037F085F389DFB20809D09408DA103FF0090009DF7008B70F01F002
:2090980089DF30083C0609DF7008960189DF300809DF7208964089DF32083C3709DF4918A9
:2090B800DF1F248009D09408DA103FF00A0009D0F208DA0F37F085F389DFB2083C0B09D0C1
:2090D800F2088CDAC2FF370F70F037F085F389DFB20809DF7008960189DF300809DF7208F7
:2090F800964089DF32083C1109DF7008960189DF300809DF7208964089DF320809DFF20840
:20911800B70F85F389DFB208530922F010EF530922F010E2392F1F029604E9FF1F02534942
:2091380020F010EF534920F010E2392FC2819601E9FFC28109DF49181E464CDCD4AF89FF1D
:209158001C193C054CDCD4AF89FF201976B30D0000033C010090913000FFD9FF300654F8F5
:20917800370864F0EE0382023C096D003E00370864F04B0F41F14BF251203C010090913084
:2091980000FFD9FF300654F8370864F2EE0382023C096D002A00370864F24B0F41F14BF21A
:2091B80051203C01009002486D0050018200DA003E84DA013E873C0B913000FF19F000265D
:2091D8003C08913000FF19F004263C0382023C0176094B0061F17B0028044B0F51F04BF2A5
:2091F80041203C0100906D00DA00913000FF39FF3106370F6402DA003E0CDA01BE0BDA0263
:20921800BE0EDA035F0F2100DA045F0F23003C26913000FF39FF0C16160FEE023C0A9130F7
:2092380000FF39FF0C16160F4B0F41F14BF251203C177B0017F44BF251203C127B001FF4FB
:209258004BF251203C0D7B0027F44BF251203C087B002FF44BF251203C0382023C013C01EE
:209278000090910000F6D9FF240054FF4B0F61213C010090913000FF39FF3706370F62F2F8
:20929800EE06BB00C22B9BE2CB243C11913000FF39FF3706370F62F25E19910000F6D9FFBC
:2092B800240054FF4B0F61213C0282023C010090913000FFD9FF00066DFFDEFF09FF640859
:2092D80016015E1A09FF6E08167FC21F4B0F41F14BF251203C2409FF6408370FE1F15E1E51
:2092F800BB00C20B9BE0CB0409FF6C08167FC21F4B0F41F14BF051203C1209FF6908370F4D
:20931800E5F0C21F4B0F41F14BF2410009FF6C08167FC21F4B0F41F14BF051203C0100907E
:20933800913000FFD9FF00066DFFA6FF09FF540816015E1A09FF5E08167FC21F4B0F41F103
:209358004BF251203C2909FF5408370FE1F15E1EBB00C20B9BE0CB0409FF5C08167FC21F36
:209378004B0F41F14BF051203C1709FF5908370FE7F0C21F4B0F41F14BF2411009FF5C085D
:20939800167F921009FF5B08160FC21FE2F04B0041F14BF151203C010090913000FF39FF4C
:2093B8003306370F62F282003E0482103E083C0ABB00C22B9BE2CB243C013C066DFFB2FF30
:2093D8003C0382023C013C0100906DFFE8FF913000FF39FF3106370F6402DA003E0CDA017B
:2093F800BE0CDA02BE0FDA035F0F2200DA045F0F24003C27913000FF39FF3206160FEE035C
:2094180082023C0A913000FF39FF3206160F4B0F41F14BF251203C177B001FF44BF251204C
:209438003C127B0027F44BF251203C0D7B002FF44BF251203C087B0037F44BF251203C0316
:2094580082023C013C0100906DFFA9FF913000FF39FF3106370F6402DA003E0CDA01BE0CAE
:20947800DA02BE0FDA035F0F2200DA045F0F24003C27913000FF39FF3106160FEE03820222
:209498003C0A913000FF39FF3106160F4B0F41F14BF251203C177B001FF44BF251203C1203
:2094B8007B0027F44BF251203C0D7B002FF44BF251203C087B0037F44BF251203C03820260
:2094D8003C013C010090404F820891000026D922240009FF0819742F6D00480502296D005D
:2094F8005905022A02946D0041049130002F392F3046370FE1B19130002F392F3046960870
:209518009130002FE92F304602946D004F0502A46D0054043C019130002F392F3306370FDF
:20953800E1F3EEFA9130002F392F3306B70F02F29130002FE92F33069130002F392F33063A
:2095580096409130002FE92F33069130002F392F180696109130002FE92F18063C0191309C
:20957800002F392F3306370FE1F3EEFA9130002F392F3706B71F02F29130002FE92F37065D
:209598009130002F392F370696409130002FE92F37066D00B001A62802A46D002E05DF08EA
:2095B8007E8102A46D000A043C019130002F392F1406370FE1F26EFA9130002F39201C06D8
:2095D80008AF37F007F09130002FE92F1C069130002F39201B06088F37F004F09130002F68
:2095F800E92F1B069130002F39201906089F37F087F09130002FE92F19069130002F392FEE
:20961800180696409130002FE92F18069130002F392F1A06B70F01F09130002FE92F1A06C1
:209638009130002F392F180696209130002FE92F18069130002F392F1A0696019130002FC1
:20965800E92F1A069130002F392F1A0696049130002FE92F1A06BB70714B9B1485436D00B5
:20967800A7013C019130002F392F1406370F61F16EFA9130002F392F1806B70F01F091308D
:20969800002FE92F18063C019130002F392F3306370FE1F3EEFA9130002F392F3306B71F16
:2096B80002F29130002FE92F33063C019130002F392F3306370FE1F3EEFA48346D0078012B
:2096D8009130002F19203006485F82F1C61F26F0485F4841261FA6F0DA0137F0020EDA0106
:2096F80037F0010F9130002FD922300674203C019130002F392F3706370FE1F3EEFA9130D1
:20971800002F19203406487F82F1C61F26F0487F4861261FA6F0DA0137F0020EDA0137F0FB
:20973800010F9130002FD922340674203C019130002F392F0316370FE1F3EEFA9130002FA8
:2097580019200016489F82F1C61F26F0489F4881261FA6F0DA0137F0010F9130002FD922C5
:20977800001674203C019130002F392F0F16370FE1F3EEFA9130002F19200C1648BF82F1A6
:20979800C61F26F048BF48A1261FA6F0DA0137F0010F9130002FD9220C1674209130002F48
:2097B8001920002648DF82F1C61F26F048DF48C1261FA6F09130002FD9220026742091302C
:2097D800002F1920042648FF82F1C61F26F048FF48E1261FA6F09130002FD9220426742036
:2097F80002A46D000A049100802F192F140209F0041982F1C610260F09F0041982F1C6109F
:20981800260F09F0041909F100192610A60F02946D00AC029100802FD9221402742F0294AC
:209838006D00C403820C3C3702A46D00C7023C019130002F392F1406370FE1F26EFA91300E
:20985800002F39201C0653CC20F0C8121022142F37F007F09130002FE92F1C0602A46D006D
:20987800CC0353CC20F0C81210224C226E0953CC20F0C8121022092288092D02000053CC9C
:2098980020F0C8121022092402096D009100C21C370C68C014FF3FFCC9FF02A46D008E025C
:2098B800913000FF39FF1806B70F01F3913000FFE9FF180602A46D00A00302946D005602E9
:2098D800913000FF39FF2C469608913000FFE9FF2C46913000FF39FF304637BF81F19130B7
:2098F80000FFE9FF304602946D00600302823C0100903B00288082096D003803022A913039
:2099180000FF39F01006B7008202913000FFE9F01006913000FF39F01206910000F6D9FFA7
:20993800240054F13B005AF29B6F02F04BF111229AF2370F68F037F005F0913000FFE9FFC6
:209958001206913000FF39FF10069604913000FFE9FF10063C05C2F8F68382193C0D913058
:2099780000FF39FF10066F1FF87F913000FF39FF11066F0FF27F02A46D00F801913000FFB3
:2099980039FF2C469608913000FFE9FF2C46913000FF39FF30469608913000FFE9FF304623
:2099B80002A46D00030302923C01009002486DFFF6FC913000FF39FF3506160F4B0F41F189
:2099D8004BF251F03C014B8F41F04B0F71F185F110003C0185F01000A2103FF0FDFF009038
:2099F800DA018B0401000F0F10F0913000FF59FF248600908FF43F006F041500913000FF6A
:209A1800D9FF1086534020F010F2913000FFD9FF1086534020F010FF083F375F03F22C231A
:209A38003C13913000FFD9FF1086534020F010F2913000FFD9FF1086534020F010FF081FE5
:209A5800375F03F22C2100908FF43F006F041500913000FFD9FF1086534020F010F29130A8
:209A780000FFD9FF1086534020F010FF083FB70F01F02C233C13913000FFD9FF1086534052
:209A980020F010F2913000FFD9FF1086534020F010FF081FB70F01F02C2100908FF43F003F
:209AB8006F041500913000FFD9FF1086534020F010F2913000FFD9FF1086534020F010FF53
:209AD800083FB70F81F02C233C13913000FFD9FF1086534020F010F2913000FFD9FF108651
:209AF800534020F010FF081FB70F81F02C2100908FF43F006F041400913000FFD9FF1086EA
:209B1800534020F010F2913000FFD9FF1086534020F010FF083F96012C233C12913000FF6D
:209B3800D9FF1086534020F010F2913000FFD9FF1086534020F010FF081F96012C2100907F
:209B58008FF43F006F041400913000FFD9FF2C86534020F010F2913000FFD9FF2C865340D8
:209B780020F010FF083F96202C233C12913000FFD9FF2C86534020F010F2913000FFD9FF8D
:209B98002C86534020F010FF081F96202C2100908FF43F006F041400913000FFD9FF108618
:209BB800534020F010F2913000FFD9FF1086534020F010FF083F96022C233C12913000FFCC
:209BD800D9FF1086534020F010F2913000FFD9FF1086534020F010FF081F96022C210090DE
:209BF8008FF43F006F041400913000FFD9FF1086534020F010F2913000FFD9FF1086534070
:209C180020F010FF083F96082C233C12913000FFD9FF1086534020F010F2913000FFD9FF20
:209C38001086534020F010FF081F96082C210090DA010F4F00F0913000FF19F0208626F074
:209C5800760382123C0282023C0100908FF43F006F041500913000FFD9FF1086534020F035
:209C780010F2913000FFD9FF1086534020F010FF082F375F03F22C223C13913000FFD9FFF3
:209C98001086534020F010FF9130002FD9221086534020F01022142F375F03F234FF00907D
:209CB8006F041F008B05011082100F10100086F4913000FFD9FF2C86534420F010FF91305D
:209CD800002FD9222C86534420F01022542F82F2C620260F0F160060A66F74FF3C1B8210AF
:209CF8000F50100086F4913000FFD9FF2C86534420F010FF9130002FD9222C86534420F01F
:209D18001022542F82F1C610260F0F560060A66F74FF00908FF43F006F041500913000FF11
:209D3800D9FF2C86534020F010F2913000FFD9FF2C86534020F010FF083F375F02F32C23BF
:209D58003C13913000FFD9FF2C86534020F010F2913000FFD9FF2C86534020F010FF081F8A
:209D7800375F02F32C2100904DC0E1FF16073C0153CF20F060FF9130003F30F3D93F00460A
:209D980054FF2E1B8F2420F0960154F0370070088F002100A60F74FF86248F2440F154F018
:209DB800370070088F002100A60F74FF3C0154FF1601DF1FFE7F0090913000FF19FF303614
:209DD8006F1F12008F2420F09601913000FF19F03036370070088F002100A60F913000FF6E
:209DF80059FF303686248F2440F1913000FF19F03036370070088F002100A60F913000FFFC
:209E180059FF30363C01913000FF19FF30361601DF1FFB7F00904DC0E1FF16073C019130CA
:209E380000FFD9FF004653CF20F010FF54FF2E1B8F2420F0960154F0370070088F00210013
:209E5800A60F74FF8F2420F0960254F0370070088F002100A60F74FF3C0154FF1601DF1FF7
:209E7800FE7F084F96082CF454FF2E1B8F2420F0960154F0370070088F002100A60F74FF77
:209E980086248F3440F154F0370070088F002100A60F74FF3C0154FF6F0FFF7F0090913064
:209EB80000FF19FF30366F1F12008F2420F09601913000FF19F03036370070088F00210085
:209ED800A60F913000FF59FF30368F2420F09602913000FF19F03036370070088F0021004E
:209EF800A60F913000FF59FF30363C01913000FF19FF30361601DF1FFB7F913000FF39FF15
:209F180034369608913000FFE9FF3436913000FF19FF30366F1F12008F2420F09601913016
:209F380000FF19F03036370070088F002100A60F913000FF59FF303686248F3440F19130AA
:209F580000FF19F03036370070088F002100A60F913000FF59FF30363C01913000FF19FFD4
:209F780030366F0FFC7F00904DC0E1FF16073C0153CF20F060FF9130003F30F3D93F004681
:209F980054FF370F6EF18FFF83213C013C010090913000FFD9FF303654FF370F6EF18FFFF1
:209FB80083213C013C0100904DC0E1FF16073C0153CF20F060FF9130003F30F3D93F004682
:209FD80054FF2E1B8F2420F0960154F0370070088F002100A60F74FF86248F3440F154F0C6
:209FF800370070088F002100A60F74FF3C0154FF6F0FFF7F0090913000FF19FF30366F1FDA
:20A0180012008F2420F09601913000FF19F03036370070088F002100A60F913000FF59FF61
:20A03800303686248F3440F1913000FF19F03036370070088F002100A60F913000FF59FFA9
:20A0580030363C01913000FF19FF30366F0FFC7F0090F647094F40189601894F00183C08C6
:20A07800DF140780094F40189604894F00180090F647094F7C089601894F3C083C08DF1481
:20A098000780094F7C089610894F3C080090FF240B00538420F0910000F8D9FF905110FF8D
:20A0B800D4F23C02A0023C01009082F282003C17538020F0910000F8D9FF905110FFD4FFC5
:20A0D8007D4F0D80538020F0910000F8D9FF905110FF481F370F48203C04C210BF20EAFFEC
:20A0F8003C010090404C405F09C0380909C13C0914FFEE0C083F37F00500082F37F0050450
:20A11800081F37F1011182183C0F14FF5E1C083F37F00508082F37F0050C081F37F1011307
:20A1380082183C02820889C13C0989C0380940C46DFFBDFF09FFC8086E26081FEE09914005
:20A15800002FD9225028538220F010223C099140002FD9225028538220F01022B04208A0C5
:20A1780009FFC8081421370F68F037F108F0342F0C21370F82F12C210C2396022C230C2123
:20A1980096042C2108264CC4820102F009C32C0982020F20A0400F31A0503C016DFF90D63A
:20A1B8003C0114FF534F20F010C28922300914F440C46DFF50FF14F440C46DFF5BFF082608
:20A1D8004CC4820102F009C32C0982020F20A0400F31A0503C016DFF73D63C0114FF534F3A
:20A1F80020F010C2481F42F28922300902823C010090025FC234B7040200370050808BC827
:20A2180001008B8000406D001420BC2640240B8F10486D0004003C010090C234B70402F020
:20A23800370F5000DA00894F1808DA01894F1908804F8BCF01F0C27FB70F03F0744FDA0019
:20A25800AC42DA00AC47DA00894F0A09894F0609DA00AC49AC488940940889459608404269
:20A278003C0100902018094FAC3954FF74AF094FAC39481F7801094FAC39482F7802094F6B
:20A29800AC39483F780309A00C0909A10C0909A2080909A3080954A454A509A604095801C3
:20A2B8004BF641F06B5461FF6B3261FF6B1061FF7B00F0034B0F41103B60A8059B70F305B9
:20A2D80086FFA2F07B00FCF34B0141106B0171FF4BF041F03C01780482003C11534020F0D5
:20A2F800094FAC3910FF534020F00942AC391022542158044BF141F074FFC210BF40F0FF84
:20A31800094F8049580191000026D9221C40092038694B0F41F07B00F0034B0F41F06CF4EF
:20A33800094F8049580291000026D9221C40092038694B0F41F07B00F0034B0F41F06CF5CD
:20A35800094F804954AF67FFBFFF91000026D9221C40092038694B0F41F07B00F0034B0F72
:20A3780041F06CFA094F8049580391000026D9221C40092038694B0F41F07B00F0034B0F87
:20A3980041F06CFB094F8049580367FFBFFF91000026D9221C40092038694B0F41F07B008F
:20A3B800F0034B0F41F089FF0019094F804954AF67FFBFFF91000026D9221C400920386946
:20A3D8004B0F41F07B00F0034B0F41F089FF0419094F8049580291000026D9221C4009208A
:20A3F80038694B0F41F07B00F0034B0F41F089FF1819094F8049580167FFBFFF9100002612
:20A41800D9221C40092038694B0F41F07B00F0034B0F41F089FF1C19094FB8390942B8393D
:20A43800092F301991000026D9221C4009200C794B0F51F089FF3019094FB8390942B839D6
:20A45800092F0C2991000026D9221C4009200C794B0F51F089FF0C29094FB83909FF3019C9
:20A478003B0000049BC061044B0F01F0370F61F16E09094FB8393B0000F49BCF61F489FFAC
:20A498003019094FB83909FF0C293B0000049BC061044B0F01F0370F61F16E09094FB83933
:20A4B8003B0000F49BCF61F489FF0C29009054AF910000F6D9FF1C40821034F0910000F64E
:20A4D800D9FF1C4089F42C69910000F6D9FF1C4089F53069910000F6D9FF1C4089F6346975
:20A4F800910000F6D9FF1C40BB70C70C9BB0220389F00879910000F6D9FF1C40820089F06B
:20A518003848910000F6D9FF1C40D20089F07C49910000F6D9FF1C40D20089F044599100A4
:20A5380000F6D9FF1C4089FF38697B00F8F34BF701F0370F61F16E037B00F873910000F6A1
:20A55800D9FF1C4089F70C7991000046D9441C40B0448264820582366D008D1A910000F6A6
:20A57800D9FF1C4049F43C6A82148215910000F6D9FF1C4049F5047A6D00F61E910000F600
:20A59800D9FF1C4009FFAC397B00F8F374FF910000F6D9FF1C4009FFAC39DA006CF1910039
:20A5B80000F6D9FF1C4009FFAC39DA006CF2910000F6D9FF1C4009FFAC39DA006CF39100C2
:20A5D80000F6D9FF1C4091100028D9227C9A89F29039910000F6D9FF1C4091100028D9229C
:20A5F8003C9A89F29439910000F6D9FF1C4091100028D9227CAA89F29839910000F6D9FFD5
:20A618001C4091100028D922E4EA89F29C39910000F6D9FF1C40DA0189FF2E08910000F609
:20A63800D9FF1C40DA0189FF2F08910000F6D9FF1C4009F4844991000058D95518023B0043
:20A6580009406D007520910000F6D9FF1C4009F4BC3991000056D9550C203B0009406D00B8
:20A6780067200090404F91000046D9440C2009F5B8393B0009406D005B2091000046D944AD
:20A69800E41009F59C493B8004406D00512091000046D944DC0009F58C493B8004406D00DF
:20A6B800472000902010404C09C2AC39542F7B0000044B0F41F074AF09CFAC39481F7B00D0
:20A6D80000044B0F41F0780109CFAC39482F7B0000044B0F41F0780209CFAC39483F7B00E3
:20A6F80000044B0F41F0780309C48C498204910000F6D9FF941409F0C0080CCEE2F00CCCC4
:20A7180073F00A506D00462009CF8C49580267FFBFFF74FF09CF8C4958036CF109CF8C49E1
:20A7380054AF67FFBFFF6CF209CF8C4958016CF309CF8C4958016CF609CF8C4954AF6CF79C
:20A7580009CF8C4958036CF809CF8C4958026CF909CF8C4954AF6CFC09CF8C49580167FF85
:20A77800BFFF6CFD09CF8C49580267FFBFFF6CFE09CF8C4958036CFF00902010027809A9A6
:20A79800100909AA1409910000F6D9FF1C4091000026D9221C4009201C596B00310489F038
:20A7B8002859910000F6D9FF1C4091000026D9221C40092020596B00310589F02C59910065
:20A7D80000F6D9FF1C4091000026D9221C40092024596B0031F689FF3059910000F6D9FF81
:20A7F8001C4009FF28597B00F0034B0F41F0910000F6D9FF1C4009F038694B0F41F074AF60
:20A81800910000F6D9FF1C4009FF2C597B00F0034B0F41F0910000F6D9FF1C4009F038698A
:20A838004B0F41F07801910000F6D9FF1C4009FF30597B00F0034B0F41F0910000F6D9FF58
:20A858001C4009F038694B0F41F07802910000F6D9FF1C4009F4844991000058D95518022F
:20A878003B0009406D00641F910000F6D9FF1C4009FF844954AF67FFBFFF6CF1910000F6B1
:20A89800D9FF1C4009FF8449580167FFBFFF6CF2910000F6D9FF1C4009FF8449580267FF6C
:20A8B800BFFF6CF3910000F6D9FF1C4009FF844954AF6CF6910000F6D9FF1C4009FF8449DE
:20A8D80058026CF8910000F6D9FF1C4009FF8449580167FFBFFF6CF9910000F6D9FF1C4075
:20A8F80009FF844958016CFC910000F6D9FF1C4009FF8449580267FFBFFF6CFD910000F6AC
:20A91800D9FF1C4009FF844954AF6CFF910000F6D9FF1C4009FF8449580289FF0819910084
:20A9380000F6D9FF1C4009FF8449580189FF0C19910000F6D9FF1C4009FF844954AF67FF01
:20A95800BFFF89FF1019910000F6D9FF1C4089F83459910000F6D9FF1C4089F93859910048
:20A9780000F6D9FF1C4089FA3C59910000F6D9FF1C4009FF3459910000F6D9FF1C4009F079
:20A998003459910000F6D9FF1C4009F13859910000F6D9FF1C4009F238594B2141106B0F4E
:20A9B80061F16BAA61FF7B00F0034B0F41103B60A8059B70F30586FFA2F07B00FCF34B0187
:20A9D80041106B0171FF4BF041F03C017803910000F6D9FF1C407B00F80358034BF051F006
:20A9F80089FF1469910000F6D9FF1C40C82F91000026D9221C400920345958034BF041F0FD
:20AA180074FF910000F6D9FF1C40C82F91000026D9221C400920385958034BF041F06CF10D
:20AA3800910000F6D9FF1C40C82F91000026D9221C4009203C5958034BF041F06CF29100CA
:20AA580000F6D9FF1C4009FF3059910000F6D9FF1C4009F03059910000F6D9FF1C4009F131
:20AA78002859910000F6D9FF1C4009F22859910000F6D9FF1C4009F32C59910000F6D9FF6B
:20AA98001C4009F42C594B4341306B2161136B0F61F17B00F0034B0F41103B60A8059B7089
:20AAB800F30586FFA2F07B00FCF34B0141106B0171FF4BF041F03C01910000F6D9FF1C4028
:20AAD8007B00F8034BF0510089F010697B00F8034BF051F0BBA099099B90E9034B0F01F019
:20AAF800370F61F06E27910000F6D9FF1C4009FF1469BBD0CC0C9B4011044B0F01F0370FEE
:20AB180061F16E18910000F6D9FF1C4009FF1469BBD0CC0C9B4012044B0F01F0370F61F0CF
:20AB38006E09910000F6D9FF1C40DA0189FF39483C08910000F6D9FF1C40DA0089FF394805
:20AB5800910000F6D9FF1C4009FF984991000026D9221C40092F2C6991000026D9221C4050
:20AB7800092038694B0F41F074FF910000F6D9FF1C4009FF984991000026D9221C40092F0B
:20AB98002C6991000026D9221C40092038694B0F41F06CF7910000F6D9FF1C4009FF98499E
:20ABB80091000026D9221C40092F2C6991000026D9221C40092038694B0F41F06CFE910044
:20ABD80000F6D9FF1C4009FF984991000026D9221C40092F2C6991000026D9221C40092038
:20ABF80038694B0F41F089FF1419910000F6D9FF1C4009FF984991000026D9221C40092F72
:20AC1800306991000026D9221C40092038694B0F41F089FF3019910000F6D9FF1C4009FF8C
:20AC3800984991000026D9221C40092F306991000026D9221C40092038694B0F41F089FF51
:20AC58000C29910000F6D9FF1C4009FF9C4991000026D9221C40092F346974FF910000F622
:20AC7800D9FF1C4009FF9C4991000026D9221C40092F34696CF4910000F6D9FF1C4009FF95
:20AC98009C4991000026D9221C40092F34696CF891000046D9441C40B0446D00D019910045
:20ACB8000026D9221C40910000F6D9FF1C40C81F54FF892F0C5991000026D9221C4091004E
:20ACD80000F6D9FF1C40C81F481F892F105991000026D9221C40910000F6D9FF1C40C81F13
:20ACF800482F892F145991000026D9221C40910000F6D9FF1C40C81F483F892F18599100AF
:20AD180000C6D9CC1C40910000F6D9FF1C4009FF0C59910000F6D9FF1C4009F0105991007E
:20AD380000F6D9FF1C4009F11459910000F6D9FF1C4009F218594B2141106B0F61417B00EF
:20AD5800F0F3910000F6D9FF1C4009F01059910000F6D9FF1C4009F110596B1071FF910041
:20AD780000F6D9FF1C4009F01459910000F6D9FF1C4009F114596B10715F6D00E80E3B1010
:20AD9800EEF29B5F26F44BF241F089CF1C69910000C6D9CC1C40910000F6D9FF1C4009FF41
:20ADB8001059910000F6D9FF1C4009F018594B0F41F0910000F6D9FF1C4009F00C599100B8
:20ADD80000F6D9FF1C4009F114596B1071FF7B00000C4B0F41406D008D0E3B10EEF29B5F50
:20ADF80026F44BF241F089CF2069910000C6D9CC1C40910000F6D9FF1C4009FF10599100BD
:20AE180000F6D9FF1C4009F01459910000F6D9FF1C4009F10C59910000F6D9FF1C4009F2BA
:20AE380018594B2141106B0F61417B00F0F3910000F6D9FF1C4009F01459910000F6D9FFD2
:20AE58001C4009F114596B1071FF910000F6D9FF1C4009F01859910000F6D9FF1C4009F152
:20AE780018596B10715F6D00720E3B10EEF29B5F26F44BF241F089CF246991000026D922CD
:20AE98001C40910000F6D9FF1C40C81F484F892F1C5991000026D9221C40910000F6D9FF6B
:20AEB8001C40C81F485F892F2059910000F6D9FF1C40DA0089FF2459910000F6D9FF1C400A
:20AED80009FF2469910000F6D9FF1C4009F012796B0031FF7B4033044B0F01F0370F61F116
:20AEF8006E0F910000F6D9FF1C4091000026D9221C40092F9078C2FF89FF90783C23910073
:20AF180000F6D9FF1C4009FF2469910000F6D9FF1C4009F012796B0031FF7B40330C4B0F2C
:20AF380001F0370F61F06E0E910000F6D9FF1C4091000026D9221C40092F9078C21F89FF83
:20AF58009078910000F6D9FF1C4091000026D9221C40092F90784B0F41F17B403B049100B1
:20AF78000026D9221C40092124696B0F61F189FF2869910000F6D9FF1C4091000026D92233
:20AF98001C40092F246989FF127900902010404C49C4381A49C5002A6D00AC1B89C20838C3
:20AFB80009CFF81889CFA82809CFDA1889CFAA2849C4381A49C5181A49C6282A6D004E1B9F
:20AFD80089C2083809CFE82889CFB02809CFC22889CFB22849C4282A49C5002A49C6302AC2
:20AFF8006D003C1B89C2083809CFD02889CFA02809CFD22889CFA22849C4302A49C5102A57
:20B0180049C6202A6D00981989C2083849C4202A49C5302A6D00AE1989C2083809C2AC39E8
:20B03800542F74AF09CFAC39481F780109CFAC39482F780209CFAC39483F780309CFF81860
:20B0580089CFB828DA0189CFBA2809CFAC49580109A00C094B0F410054A158026BF171F000
:20B078007B0000044B0F41F074FF09CFAC4954A009A1040909A2080958034BF241F06B10C3
:20B0980061FF7B0000044B0F41F06CF109CFAC4909A00C0909A10C0954AF54A24B2F4120B3
:20B0B80009A3040958016BF3712209A3080958026BF371F26B1061FF6CF282033C345343D9
:20B0D80020F009CFAC4910FF54FFB70F81FF4B0F31013B0040F0A20FB70F1406910000F8C2
:20B0F800D9FFA05109FF0208325F0FF00010C812538120F0102254224B006101C81F5381EF
:20B1180020F010FF481F6B02610F3C013C013C01534320F0910000F6D9FF1C4010FF89F014
:20B138000069C213BF33CDFF09CFC81889CF8038DA0189CF823849C4081A49C5382A49C698
:20B15800003A6D00BF1A89C2083809CFC03889CFA828DA0189CFAA2849C4302A49C5003A20
:20B1780049C6282A6D007A1A89C20838DA0189CFB82809CFC03889CFBA2849C4003A49C558
:20B19800382A6D00B71A89C2083849C4382A49C5282A910000F6D9FF1C4049F63C6A6D0090
:20B1B8005D1A89C20838910000F6D9FF1C4009FF0479910000F6D9FF1C4009F008797B0085
:20B1D800F0134B1041004B0F01F0370F61F06E08910000F6D9FF1C40DA0189FF3848910031
:20B1F80000F6D9FF1C4009FF0479910000F6D9FF1C4009F008794B0F01F0370F61F16E669C
:20B21800910000F6D9FF1C4009FF78486E5F910000F6D9FF1C4009FF79486E12910000F63B
:20B23800D9FF1C4091000026D9221C4009207C498B1080008B01A01089F07C493C0891005C
:20B2580000F6D9FF1C40D20089F07C49910000F6D9FF1C4009F07C49FB2003200B0250F197
:20B278000B3100F20B31A0F2EE0C910000F6D9FF1C40DA0089FF3848DA0089CF2C083C255C
:20B2980009C4A83909C5AC39910000F6D9FF941409F4C0080CCCE2F46D004A1A09C4B8392C
:20B2B80009C5BC39910000F6D9FF941409F0C0080CCCE2F00CCC73F00A406D00391ADA0121
:20B2D80089CF2C081D003D013C54910000F6D9FF1C4009FF0479910000F6D9FF1C4009F0EB
:20B2F8000879BBD0CC1C9BC1DC134B1041004B0F01F0370F61F16E2B910000F6D9FF1C4024
:20B3180009FF78486E24910000F6D9FF1C4091000026D9221C40092F087991000026D92287
:20B338001C40092004796B0031FF91000026D9221C40092008793B6066169B61F6134B1029
:20B3580041004B0F51F089FF18693C09910000F6D9FF1C407B00F8F389FF1869910000F6FA
:20B37800D9FF1C40D20089F07C49DA0089CF2C0809CFD81889CFA82809CFC22889CFAA282F
:20B3980049C4181A49C5002A49C6282A6D00661989C2083849C4282A49C5302A49C6182A2E
:20B3B8006D005C1989C2083882003C18534020F009CF9C4910FF534020F009C29C4910223E
:20B3D800542F91000026D9221C40092118694B1F41F074FFC2103700680009CFD82809C1F8
:20B3F800DA28E21F3FF0E47F82403C2B82013C26DA0303F00AF1534F20F009CF9C4910FF49
:20B41800DA0303F00AF1534F20F009C29C49102254229AC0534F20F091000026D9221C4025
:20B438001022092F0069BB40983F9B23F2334B3F41F04BF241F074FFC211BF31DBFFC21061
:20B45800BF60D6FF09CFD82889CFB828DA0189CFBA2849C4182A49C5003A49C6382A6D0046
:20B47800FD1889C20838910000F6D9FF1C4009FF78486E5882423C54534220F009CFBC2915
:20B4980010FF54FF910000F6D9FF1C4009F03869BBA0701D9B31C2134B1041004B0F01F06D
:20B4B800370F61F16E13534220F009CFBC2910FF91000026D9221C40092F3869BBA0700D2B
:20B4D8009B30C2034B0F41F074FF534220F009CFBC2910FF54FF910000F6D9FF1C4009F04E
:20B4F8003869BBA0701D9B31C21B4B1041004B0F01F0370F61F06E13534220F009CFBC29A1
:20B5180010FF91000026D9221C40092F3869BBA0700D9B30C20B4B0F41F074FFC212BF62BA
:20B53800ADFF09CFBC29DA006CF349C4380A49C5382A49C6300A6D00FF1689C208380090AC
:20B55800F445DA006C410C4896012C480C4896022C480C48B70F01F12C480C48B70F81F148
:20B578002C480C48B70F01F22C480C4896202C480940C808DA0837F006F3AC440C49B70F1A
:20B5980001F22C49DA00894F0E09DA00894F1209DA00894F0A090C49B70F81F22C490C4978
:20B5B800B70F01F32C49094F5808B70F01F0894F1808094F5808B70F81F0894F1808094F9E
:20B5D8005808B70F01F1894F1808094F5808B70F81F1894F18080090DA00344FDA00AC41A7
:20B5F800DA00AC42DA00AC43DA002C48DA00AC45A00FEC43DA006C4400908F841EF08F0FD2
:20B618000801B70408FC3704E81BB71F812BDA7F7FF1048082020090DA967F1F0480820213
:20B638003C068B6109F1325F0FF2002037024820760432523702482000908F841EF08F0F89
:20B658000801B70408FC3704E81BB71F812BDA7F7FF1048082020090DA967F1F04808202D3
:20B678003C068B6109F1325F0FF200203702502076043252370250200090B70408FC3704FE
:20B69800E80BB71F811BDA7F3FF00580DA967F0F0480820200908B6009F1325F0FF1001004
:20B6B800370168200090B70408FC3704E80BB71F814BDA7F7FF00480D2020090DA967FF004
:20B6D800078082058B6009611DFFFACB82058BA016601DFFF6CBB70408FC3704E80BB71F46
:20B6F800811BDA7F3FF00580DA967F0F0480820200908B6009F1325F0FF1001037017020A5
:20B7180000908B0420F28B0500F5EE0A7B0008008203B700892B8F7301F0A6F20090820251
:20B738009B02F02FBBF0FF3F9BF3FF3F0F2480000F358010BA008B0100F4EE4C3B70018059
:20B758000B451068BB00FF1F9BF1FF1F8F0400012651BA008B0100F4EE2182019BF1FF1F05
:20B778008F0400012651BA008B0100F4EE098F751E107745804302153B0003803C0F8F35E0
:20B798001F107745804902153B4002803C078FF51F107745804F0215C2180F2480000F3560
:20B7B80080108B0020F28B0100F5EEF202490B6710A8D2148B881E606DFF83CB0F2A800084
:20B7D8000F3B8010BA008B0100F4EE2B3B0008703C293B600930BB00000F9BF00F0026406E
:20B7F8008F0500118B0020F28B0100F5EE073BA00830774500568FC4004082009B0008009C
:20B8180082013C05C2F37745805006140B0430F10B1500F20B15A0F2EEF602401DFF7BFF41
:20B8380082078BF29F008BF3BF1026A026B1BA008B0100F4EE038F0744718BF8076082047B
:20B8580002951D002F1A3BD03CF19B4FEDF34BF401F02E031D008F227B00F803BBA027F8B2
:20B878009BAF01F44BF401F02E2C3BB0FDF09B9FFCF34B4051406D007E226B02312F009060
:20B898006B0031F46B0021044B0F51406D0073223BB0FDF09B9FF4F36B0F2122009091109C
:20B8B8000048D94458261D0002008208404F8209820A820BC81CC82D483C09FF1001DF1F3D
:20B8D800238080CF160180D08F100001FE046E04C2FC04DF24CF76CF8F3C00018FEC1FF0B4
:20B8F8006E0902F140D2C2F16014442164C1FC4E90DD020CDF0CE07FC2FC60C204DF24CF3E
:20B91800FC2E3CD9DE2580CF2E03C2FC24C9DF0CD37F8F3C00F106EC76C5C2FC60C264CA6E
:20B93800FC2F6EC9C2FF60F224CBFC2F3CC48F0F1F00DF002E008F3F0001DF102B8080CFDE
:20B958008F3F00D180DF1603FEDB76DB02D440C440D56D000F0701CD00C601DD00D6A2DC56
:20B9780076CF8F3C00018FEC1FF06E0902F140D2C2F16014442164C1FC4E90DD020CDF0C37
:20B998009B7F02C440C440D56D00F4063C9400901603DF2F91FF80CF16036E0702F440C441
:20B9B8006D00D10610CCA2FCDF0C867F8F3C004106EC76C5C2FC60C264C8FC2FDF047C7F73
:20B9D80040C46D00C0061DFF77FF205089A4380989A62C0989A73409DA01A00F820909AA0F
:20B9F8001019780C89A9081989A9280902A089A90019B70089FBF80678113700E8FB780883
:20BA18000258404C029D405D8BFF0FC27B00F8B376C658116E04029C09AD30095808BA0F9E
:20BA38007813F68A3B700600580B3E043B7004007E0382183C23580D6F5F21803B1006003F
:20BA5800580B3E043B100400FE095811EE0382083C1582788F3F000082013C06C2F88FC305
:20BA78001F107723000E0B011028FBF0000026202631BA008B0100F4EEF2DA00780F02A4EA
:20BA98006D0035087625DA2D780F67AABFAFEE0E580D8F8F0101DA087E03DA2B3C068B0086
:20BAB8000102580FAB0FA2F0780F09A00019AA1089A00019DF0D1600580B910000F8D9FFAD
:20BAD800382210FF081F2E37910000F8D9FF2822F8063C1B910000F8D9FF2C22F8063C155B
:20BAF800DF0C1D00580B910000F8D9FF382210FF081F2E36910000F8D9FF30223C059100E9
:20BB180000F8D9FF3422F8065810BB90FF0F9239580D260F780D1D008C013B100600580BE0
:20BB38003E053B1004005F0F27805808AB1F18FF780858109230F683580D2E22C210428099
:20BB580058083BC0F91FC2207FF106003B4006103F1F0400DA033C0A3B60FF1F7FF10600BD
:20BB78003BA000103F1F0400DA02780C580C12091D005F01580849AF0A0A6E7549A4140AAA
:20BB980002A46D00321609AC1409022A370CE8FB82006E55BBF028EC49AE130A7B0012D495
:20BBB8009B5ECFE33C3F49A20A0A7D2E0C8049AF120A49AE130AA07209F03FF489E03FF40F
:20BBD800FC2CBBD0CC0C58059BC0DC0349A4140A4B0F41406D00091689A20609DF09148003
:20BBF8006B0E21F24BDB41B04BDF41406DFF07FD762A4BBC514049A4140A82196D00F5151A
:20BC180089A2060909AF06096B0E21FF4BDF41406DFFF5FC8B0203F089EF3FF4580AC21FFC
:20BC3800780A5805370FE8FBEEBF3C0304EF24FF49A2130A012E20F4EEFA3C154B0A01F018
:20BC58006F2F12007B0012043C064B0A41A0580AC2FF780A4B0A41F089AF06094BBF01F0A6
:20BC78006F0FF5FF3B600610580B028082093E143B6004107E13580A12803B500610580B8F
:20BC98003E143B5004107E12C210CE03DA003C038B7000F310A2492E0A0A3C117B0012F456
:20BCB80049A4060A4BFA41406D009F15022A09A406096DFFA4FC8B0203F024FF01FE20F4DE
:20BCD800EE0649A2130A012F20F4EEE909EF000840EFC25F3C0A49AF0A0A01EF30F4EE078A
:20BCF80040EF09EF3FF4C21F34EF3C08DA3134EF49EF010A580AC21F780A09E00008DA3950
:20BD18003F0FEB7F89F93FF049A20A0A012F20F4EE0609F00008DA305F0FF67F3B500600EC
:20BD3800580BBE013B5004003E0E3B6006005F0F3C003B6004005F0F3800580A3FF80400C1
:20BD5800FFDF330058103B50062049AF0A0A9210580B09A10A083E243B5004207E2C761390
:20BD780049AF0B0A14FFEE04580DAE227682C21042803C17028276158BF81F2049AF0B0AA7
:20BD980014FFEE03580D2E22C21082013C0814FFEE03580D2E23C210B01FC2113F21F97F33
:20BDB8008B4000903C453B600600580B3E043B6004007E0F09A02809FA10AB10A09F5810D7
:20BDD80042F9F684580D6F2F34001A8992193C300280580A49AF0A0A4EF4581092193C0D17
:20BDF80009A1280958101219021F14F17612B01FABF01F00C2FFEEFA14FF6E02F604580DFB
:20BE18006F2F1700580AC219325F3C04C2FFC219C2F07607FF1FFC7F3C04C219B01FC2F047
:20BE3800760314FFEEFB580D16042B09009F580F6E0D580D16036E0A61FFFFC809A43C0932
:20BE580040C46D005304DA00780FD806BD0F1A803B100600580B3E043B100400FE02580DB3
:20BE780016036E0F54DFC22F61FFD4C86D003E04580B40C48B7F01406D003804DA01781285
:20BE9800580D6F0F1680580EA29F3C0F61FFD5C8580D40C416028B0F20F2864F8B0F024044
:20BEB8006D002404580EC2FF780EFF1FF17F580F6E0861FFC2C809A43C0940C46D00160456
:20BED800D806BCFA40F440C56D001F0454DFC23F74DF1D008A013B100600580B3E053B107C
:20BEF80004005F0F9F808F28200058138B7001018B1F03A1BF1022008201DA177FF0080030
:20BF1800821258110F021020262F6E02821182F2C2F00F0200F0C6F2F6145811262F6E045A
:20BF38005811A62F78115811C21F7811EF7F0600DA0078113B2003A05812EE0D54DFC22FF1
:20BF580061FF68C86D00D203580B40C48B7F01406D00CC0361FF71C802A440C46D00C60390
:20BF7800F683580D2E2561FF62C86D00BF0358113B8001B054D08F1F00A0428074D03C181E
:20BF98003B000340DF0B1100C2CB02B032500F0A00F0160F8B0F0340DA397F4F0600580BFA
:20BFB8008B6F1CF042F440C46D00A003C2F8FF18E97F580B40C48BFF00406D009703580848
:20BFD800CEF63BD00240325F78083C033BB0024040C46D008B03580C54D0C22F42F0580CAD
:20BFF800820110AF34F13BA00010580CC2FF370F68F0780C10AF58084B1F01228B0303F063
:20C0180034FF09A220094B12012289A26009DF02EEFF74D040A440C56D0077031D00E50009
:20C038003B50060049AF0A0ABE013B5004003E0E3B6006005F0F78003B6004005F0F7400A9
:20C05800580A3FF80400FFDF6F0009A00A08580AAB1F20A076093B700610580B3E143B7097
:20C0780004107E12C2F861FFE8C776063700684049AF0B0A3C033B00034040C46D0036036C
:20C0980014FFEE0B580DAE29768C3B500600580B3E043B5004007E0561FFC9C76D00260370
:20C0B800820B3C1A09F00008F60A580DAE283B500610580B3E143B5004107E1D61FFBDC7D5
:20C0D800760537006840B01F3C033B00034040C46D000C03C21B3F8BE77F61FFAEC7580B9D
:20C0F80040C48FDF0F416D000103C2FA54DFC21F0EA43BB002403C04325A3BD0024074DFDA
:20C1180040C46D00F30261FF8AC78B00034040C46D00EC0261FF83C78B01034040C46D00D9
:20C13800E5023C6209AA28094EA854DFC21F61FF71C76D00DB023C1954D0C21074D014F4FB
:20C158007643B01F3C033B00034040C46D00CE023B600600580B3E063B6004003E03ABF876
:20C178001F88C2FAFF1AEA7F3B600600580B3E063B6004003E0314FF6E02F684580D6F2F9A
:20C19800340061FF5AC7580A3BE00240325F3C0854D03B000340C21074D0C2FFC2F840C407
:20C1B8006D00A402768BFF1FF57F3C0861FF45C704F440C46D009A02C2F8768314FFEEF761
:20C1D8003B600600580B3E0E3B6004003E0B580D2E2B3C0854DFC21F61FF1CC76D008602C1
:20C1F800C2F8DF08F9FF580EA29F3C0A54D03B00024040C4C21074D06D007802C2FFFF1F20
:20C21800F77F00902010404C405D89A68C09DA00780209D40008DF045002DA257E4409D0DB
:20C2380001047E08B01D49A5080A40C46D0054023CF1820A0BAA108809DF01003BD00200CB
:20C258007E048F1A40A13CF93BB002007E07BBF0FE0F26A08F8040A13CF03B0002007E06B8
:20C278006F3AECFF8F0A41A13CE83B0003007E048F2A40A13CE23B3002007E048F4A40A152
:20C298003CDC3BA00200FE03D803B04FF80309F83CF9CE848F1A40A1325809DF01003C0DED
:20C2B80013A820FF8B0F1D8009DF01008B0F1D0037006800BFA0F6FF3BE002005F0F238094
:20C2D8008F0A42A109DF01003BA00200FE05D803B04FF80309F93CF9CE968F1A40F1BBF00C
:20C2F800FDAF26FA09DF01003C0D13A920FF8B0F1D9009DF01008B0F1D0037006800BFA068
:20C31800F6FF3BC006007E048F0A48A13C1E3B8006007E048F0A44A13C183BC004007E041B
:20C338008F0A50A13C123BA006007E04B71A81A43C0C3BA007007E04B71A01A53C063B40D4
:20C358000700FE01B71A81A53BC006003E043B8006007E0709D000087E04B71A01A6B01D97
:20C3780009DF01003B3006005F0F2F808F1A00F1EE0E3C093B00024049A5080A40C46D0065
:20C39800AB01C2F87F890400FF28F67FD80340C449A5080AB04FF80309F03CF937004840B1
:20C3B8006D009A01DF0F377F3C093B00024049A5080A40C46D009001C2F87F892C7FFF2861
:20C3D800F67F1DFF28FF3B400600BE013B9006003E0E3BF006003E0B3B8007003E083B80F3
:20C3F80005003E053B5007005F0F598082023B4006003E043B9006007E0282123B00080194
:20C418000F0A80105F0104006F9A05003B8000003C0282403B8000105F100980D80349FF48
:20C43800080AF80309F078F93C15D803B04FF80309F03CF90B0000080B0110483B00040162
:20C458000F0A80105F010D807628370448000B0000080B0110483C13370468403C0F3B00DE
:20C4780004005F010B807626370450000B0000483C06370470403C02F62282056F5A060062
:20C49800BBD0FF0F260A3C0282190BFA106889A440090B8910481D00CB003B300700FE06A5
:20C4B8006F5A0680BBF0FF9F9BF9FF97D8030BA8104840C5029649A6080AB04FF80309F427
:20C4D800BCF96D00CC021DFFA6FE3B600600BE063B600400BE033B500600BE003B500400F1
:20C4F8003E0D3B7006003E0A3B7004003E073B1006003E043B1004007E0DD8038F0A0211F8
:20C51800AB698091B04FF80302F609F03CF974A03C2C3B200700FE086F6A0800D803B04F1F
:20C53800F80309F03CFA3C06D803B04FF80309F03CF98F0A02F1EA69DA004BF051F174AF1B
:20C558003B6006603C123B200500FE09D8038F0A02F1EA6949FF080AF80309F478F96DFF24
:20C5780091C43B60066074A20B89104849A5080A02A740C46DFF2BFA1DFF4DFE3B00070064
:20C598005F0F5D806F8A45006F0A0E80DA113C093B00024049A5080A40C46D009D00C2F87E
:20C5B8003F8FF8FFD803A03E49FF080A09FF3FF449A5080A370F684040C46D002101FCE7EC
:20C5D8003BA0034049A5080A40C46D008500D803A03E49FF040A09FF3FF449A5080A370F9F
:20C5F800684040C46D000C01FCE7DA113C093B00024049A5080A40C46D006E00C2F83F8F06
:20C61800F8FFD80349FF080AF8031DFF04FED8033B8000400245B04FF8038F2A407109F043
:20C638003CF9820189A040093B80076049A5080A40C46D0000011DFFEEFD3BE006005F0F8E
:20C6580037803B0008010F0A80F03E036F9A0E00D803B04FF80309FFBCF909A00809820117
:20C6780089F040091DFFD7FD3B000401260ADA407EAAD803B04FF80309FFBCF95802B4FF9F
:20C698001DFFC9FD5F0A0B80D803B04FF80309FFBCF9580234FF1DFFBEFDD803B04FF803E1
:20C6B80009FFBCF9580274FF1DFFB5FD910000F6DA1959FFEC2009A208090090910000F659
:20C6D800DA1759FFEC203B0004406D000C007B00FC27009037046840545FC21F745F1D0060
:20C6F8000500BA0492F20090D44FBCF440F41D005E1ECC414C4280F07FF0068034F4CC4176
:20C71800B01FEC410090404F405C3C06370F684040C46DFFEBFF09FF0100EEF90090370405
:20C73800E82BB704894B8BF20F228B04002400903704E82BB704894B8BF20F228B042024F0
:20C7580000903BF00F00804F1603063F0FF0100082FFC6F0C2F4604F804FB70F02F060F246
:20C77800B014542F260F742F77000004FCF60090804F16033BF00F008F3F00100F10100056
:20C7980082F1C610C2F4604F8041B7010220095101008F3F0030B0140F3110106022C21F58
:20C7B800542216032602A612742277000004FDF0ED7F0090404F0B4510A849FD160A026891
:20C7D80040FCDA0034DF820702860BAB10486DFF9DC323820A0A0B2310A88BA060F2CA70D7
:20C7F8008B0003F089DF3FF48B0220F28B0300F5EEEB04DF24FFEEFE40C200900248404FB0
:20C818008FC83F40405CDA090B4F2001DA37AB0F83F042F46DFF60FF8FF8000140F4DA0952
:20C8380040C50B0F2011DA37AB0F834142041DFF53FF026E2020DA58404F0B4510A8405C38
:20C85800027909AC600982085FEF7300DA643EEDDA693EEBDA6F5FEF6C00DA75BEE4DA78C1
:20C878005FEF67001D00ED00D2000B0C50F10B1D00F20BD190F2EE073BD002800BC0C0C072
:20C898000BD1D0D00BCD104840A43BA000606DFF93FFF6B6BA0C8B0D00F4DF0FDF8040A488
:20C8B8006D005312370268C0DF081180DA753EE88F890101DA087E043BB002803C078F89FA
:20C8D80001F18B0F01F2AB08A28F768CABFA1FAA8F3900F16E0740F4028440C56DFFFCFE1A
:20C8F80082086F0914808F2900F18B0F20F2864F8B0F02F03C0740F402F440C56DFFECFE0C
:20C91800C2FA7FAB04003FACF87F768E40F4028440C56DFFE1FE3C08C2FB61FF76C36DFF9F
:20C93800DBFEABFA1FAA3FBCF97F1D008A008BFE268240A48F3820F08B8F00600BCD1048E8
:20C958006DFF3AFFDA78FEE314AF40A26E10092000088BF01BF0370F6810DA193F1F058079
:20C978008B0002F0342F092F0104EEF240A46D00EC11370268F078068B0C20F28B0D00F50F
:20C99800EE0AF6B6DF086A806F296800821BBBB0FFFF26F96F291B006F191300768E61FF33
:20C9B80034C36DFF99FEABFA1FAA40F402E440C56DFF92FEABFA1FAABBB0FFFF26F9DA6F9D
:20C9D8007EE558063FBF0300921B6F29090076875806C22BC22F370F68F078066F091580CD
:20C9F8008F2900F18B0F20F2864F8B0F02C03C0740F402C440C56DFF6FFEC2FA7FAB050093
:20CA180058063FAFF77F6F291900DF08170061FFFCC26DFF61FEABFA1FAA40F402E440C517
:20CA38006DFF5AFEABFA1FAA3C08C2FB61FFEDC26DFF52FEABFA1FAA58063FBFF87FBBF0F4
:20CA5800F74F40A4BBF0FF6F40F5269440C602A59BF6FF671D00030000900248404F025FFE
:20CA7800405C0269406D6D007011022A6F0819803C083B00024040C440D56DFF2DFEC2FF8E
:20CA98003FFAF97F3FF9F77F3C0BC2F909F40100DF04110040C440D56DFF1EFE8AFFDF0919
:20CAB800F6FF3C083B00024040C4C2FF40D56DFF13FEEEF90090910000F6D9FF34B0D4F2D1
:20CAD80091200056D955408A01240046015420F4EE0891200056D955C08A014530F4EE049A
:20CAF80082FF60F20090F4F400908F141E20009002483708E8FB8209EE03028200904B98F3
:20CB180001F02E046788BF8F82197B00F8F36B88714F6D00EC103B3033F39B3FF3F34BF8EC
:20CB380001F0AE264B2851406D0096003C0B3BB0FDF09B9FFCF34B8251406D008D006B0204
:20CB5800312F76936722BF2F00900B4510886DFFF1FDF62502946DFFEDFD76246B092128AD
:20CB7800009002846DFFDDFDDF021B007B00F8F74BF901F02E163BB0FD409B94F4433C4D4B
:20CB98007B00F8FF4BF901F01602BB40BE4C9B6401443BB0FD009B90FC036A043C3E37093B
:20CBB800E8FB8200BA0F6E193708E8FBEE098F191EF03BB0FD209B9204246A8200904B08AD
:20CBD80001F016043BB0FD209B92FC233BB0FD009B90FC0B6A0200904B0901F06F0F2C00D9
:20CBF8003708E8FB6E164B0801F02E2E3BB0FDF09B9F04F46788BF0F4B9051406DFF25F61D
:20CC18006B02312F00907B00F8FF4BF901F02E183BB0FD409B94044402851D0036034B9853
:20CC380051406DFF12F63BB0FDF09B9F04FC6B0F212200904B0801F02E254B9851401DFF51
:20CC580004F66788BFFF4B9F51406DFFFEF56722BF2F0090DA004BF401F02E231DFFF5F5D3
:20CC78006744BF4F6DFFF1F56722BF2F0090910000F6D9FFF8206B0531F46CF4910000F697
:20CC9800D9FFF82091000026D922F8204C236B0531046B0021FF6CF3910000F6D9FFF8204D
:20CCB800483F7B802C0C4B0F01F0370F61F06E09910000F6D9FFF8207B802CFC6CF33C1400
:20CCD800910000F6D9FFF820483F7B802C044B0F01F0370F61F16E08910000F6D9FFF82043
:20CCF8007B802CF46CF3910000F6D9FFF82048206B053114910000F6D9FFF820485F6B0F76
:20CD18003111910000F6D9FFF82054F26B053134910000F6D9FFF8204816910000F6D9FFF3
:20CD3800F820483F4BF641F06B3261FF6B10612F910000F6D9FFF8206B0531F46CF53C0118
:20CD58000090910000F6D9FFF8207B4023F474FF910000F6D9FFF820DA006CF1910000F63A
:20CD7800D9FFF8207B801CF46CF2910000F6D9FFF820DA006CF3910000F6D9FFF820DA0041
:20CD98006CF5910000F6D9FFF820DA006CF6910000F6D9FFF820DA006CF400900B4510883E
:20CDB800910000F6D9FFD4306B0831F96CF4910000F6D9FFD43091000026D922D4304C2373
:20CDD8006B0831096B0021FF6CF3910000F6D9FFD430483F3B0000049BC059044B0F01F078
:20CDF800370F61F16E0B910000F6D9FFD4303B0000F49BCF59F46CF33C18910000F6D9FFAF
:20CE1800D430483F3B0000049BC0590C4B0F01F0370F61F06E0A910000F6D9FFD4303B0078
:20CE380000F49BCF59FC6CF3910000C6D9CC08C0910000F6D9FFD43048206B0831199100EB
:20CE580000F6D9FFD430485F6B0F3111910000F6D9FFD43054F26B083139910000F6D9FFA0
:20CE7800D4304814910000F6D9FFD430483F4BF441F06B3261FF6B10614F6DFFE0F3B4C203
:20CE9800910000F6D9FFD4306B0831F96CF50090910000F6D9FFD430BBF028FC9B5FDFF38B
:20CEB80074FF910000F6D9FFD4303BF026F19B3FB0F36CF1910000F6D9FFD4303B2095F421
:20CED8009BDFA1F36CF2910000F6D9FFD430DA006CF3910000F6D9FFD430DA006CF5910003
:20CEF80000F6D9FFD430DA006CF6910000F6D9FFD430DA006CF40090910000F6D9FFF03060
:20CF18007BA04FF474FF910000F6D9FFF030BBA099F99B7F29F46CF1910000F6D9FFF030A9
:20CF38007BA047F46CF2910000F6D9FFF030DA006CF3910000F6D9FFF030DA006CF5910022
:20CF580000F6D9FFF030DA006CF6910000F6D9FFF030DA006CF400900B451088910000F6D7
:20CF7800D9FFCC406B0831F96CF4910000C6D9CC04C0910000F6D9FFCC4054F06B0831198C
:20CF9800910000F6D9FFCC4048226B083139910000F6D9FFCC40485F6B0F31F34BF241F0A9
:20CFB8006B10614F6DFF4BF3B4C2910000F6D9FFCC406B0831F96CF5910000F6D9FF04C082
:20CFD80094F46D004B0C0090910000F6D9FFCC407B0017F474FF910000F6D9FFCC40DA00B4
:20CFF8006CF1910000F6D9FFCC407B902CF46CF2910000F6D9FFCC40DA006CF3910000F69D
:20D01800D9FFCC40DA006CF5910000F6D9FFCC40DA006CF6910000F6D9FFCC40DA006CF48D
:20D038000090BB0000089B803904910000F6D9FFE8406844910000F6D9FFE84091000026BC
:20D05800D922E8404C236B0421FF6CF3910000F6D9FF34D014FF1E17910000F6D9FF28E026
:20D0780054FF6E09910000F6D9FFE8407B001AF474FF3C0B910000F6D9FFE84091000026C6
:20D09800D92238B0542F74FF910000F6D9FFE84054F1910000F6D9FFE8404822910000F65B
:20D0B800D9FFE840485F6B0F31F44BF241F06B4161FF910000F6D9FF1C4009F130596B10DF
:20D0D800712F7B6041F44BF201F016068B0F20F26E047BF042243C0B7B6041FC4BF201F0C2
:20D0F80016038B0F20F26E037BF0422C910000F6D9FFE84068543C010090910000F6D9FF9A
:20D11800E840DA0074FF910000F6D9FFE840DA006CF1910000F6D9FFE840BBA099F99B9F16
:20D13800E9F36CF2910000F6D9FFE840DA006CF3910000F6D9FFE840DA006CF5910000F694
:20D15800D9FFE840DA006CF6910000F6D9FFE840DA006CF40090910000F6D9FFC4506B0448
:20D1780031F56CF491000026D92200C0910000F6D9FFC45054F06B043115910000F6D9FFD4
:20D19800C45048226B043135910000F6D9FFC450485F6B0F31F34BF241F06B1061FF742F80
:20D1B800910000F6D9FFC45091000026D922C4504C256CF6910000F6D9FFC4506B0431F543
:20D1D8006CF5910000F6D9FF00C054F23C010090910000F6D9FFC4507B0000F474FF9100BE
:20D1F80000F6D9FFC450DA006CF1910000F6D9FFC4507B000AF46CF2910000F6D9FFC45041
:20D21800DA006CF3910000F6D9FFC450DA006CF5910000F6D9FFC450DA006CF6910000F6D9
:20D23800D9FFC450DA006CF40090910000F6D9FFE050BBD0CCFC9BCFD4F374FF910000F613
:20D25800D9FFE050DA006CF1910000F6D9FFE050DA006CF2910000F6D9FFE050DA006CF3E8
:20D27800910000F6D9FFE050DA006CF5910000F6D9FFE050DA006CF6910000F6D9FFE05072
:20D29800DA006CF40090B704812F8F151EF08FFF01F0A6F200906D0087156D003D16ED78BA
:20D2B80040006D00070B6D00C31C6DFF76BF6D00540D6D001C0C82343B803E506D00573054
:20D2D8006D00662B6D007C151D008400ED781B00911000F6D9FF187A08DFDF1F7B80911097
:20D2F80000F6D9FF187A09FFC2083B803E003F0F1F80911000F6D9FF187A09FFC2083BC030
:20D3180044007F0F1580910000F7D9FF0C50DA0174FF910000F7D9FF1050DA0074FF9100E6
:20D3380000F7D9FF1450DA0074FF3C4D911000F6D9FF187A09FFC2083BC044003F0F1F80CD
:20D35800911000F6D9FF187A09FFC2083B8070003FF01580910000F7D9FF0C50DA0074FFEA
:20D37800910000F7D9FF1050DA0174FF910000F7D9FF1450DA0074FF3C26911000F6D9FFA5
:20D39800187A09F0C208DAC87F0F1E80911000F6D9FF187A09FFC2083B803E007F0F148064
:20D3B800910000F7D9FF1050DA0074FF910000F7D9FF0C50DA0074FF910000F7D9FF14507B
:20D3D800DA0174FF911000F6D9FF187ADA002CFD1DFF7EFF00906D001F1582046D00711B9A
:20D3F8006D00EE143C09910000F6D9FF2CC082046DFF19FE74F23CF80090BD043100B0C47D
:20D41800404C54CF910000D6B70F0180D9DDF420D4DF74C801C800E654EF6E04AE0342F88F
:20D438003CF954F001F000267DC20580420874F840FCEE1082046DFF40FBB04E7DE20A807C
:20D45800325802846DFF39FB802F1EF3DA0074CFD4DF80CF80F00B0F90F174DF00900D002A
:20D47800000282046D002D1B910000F6D9FF84F091000026D92284F0092FC008C21FB4FFCA
:20D49800910000F6D9FF84F009F0C008DA327F0F0E00910000F6D9FF88F0DA0034FF9100C3
:20D4B80000F6D9FF84F0DA00B4FF82046DFFDDC38278DA010F8F00F0892F28290D00400238
:20D4D80000800D00000282046D00FB1A82046DFFCCC3DA0982180FF80080892828290D0009
:20D4F800400200800D00000282046D00EA1A82146DFFBBC38278DA010F8F00F0892F282960
:20D518000D00400200800D00000282046D00D91A910000F6D9FF543091000026D922543016
:20D53800142FC21F34FF910000F6D9FF543014F0DA145F0F9B8091000026D922B8C0910063
:20D5580000F6D9FF9024888FB42F91000026D922B0C0910000F6D9FF9024889FB42F910067
:20D5780000F6D9FFBCC091000026D922B8C0942F91000026D922B0C09420A20F4B0F41F149
:20D598007B0000044B0F51F074FF910000F6D9FF742091000026D9227420542F3B30330389
:20D5B8009B30F3034B0F41F074FF910000F6D9FF742091000026D922BCC0542FBBA09909F3
:20D5D8009B90E90391000026D922742054216B0F61F174FF910000F6D9FFB4C09100002698
:20D5F800D922B0C0942F91000026D922B8C09420420F4B0F41F174FF910000F7D9FF0C50FB
:20D6180054FF6E07910000F6D9FF7820DA0074FF910000F7D9FF105054FF6E08910000F6D6
:20D63800D9FF78207B6031F474FF910000F7D9FF145054FF6E08910000F6D9FF78207B6090
:20D6580031FC74FF910000F6D9FF742054F4910000F6D9FF782054F56DFFA2FB910000F607
:20D67800D9FF5430DA0034FF910000F6D9FF14C014FFDF1F2300910000F6D9FF38D014FF48
:20D698009E1C910000F6D9FF7C2091000026D9227C20142FC21F34FF910000F6D9FF7C201D
:20D6B80014FF5E1B6DFFCDBC6D00740B910000F6D9FF7C20DA0034FF910000F6D9FF14C0AA
:20D6D80014FFDF1FFB80910000F6D9FF00E091000026D92200E0092FC008C21FB4FF9100B0
:20D6F80000F6D9FF04E091000026D92204E0092FC008C21FB4FF910000F6D9FF3CD091003A
:20D718000026D9223CD0092FC008C21FB4FF910000F6D9FF583091000026D9225830142FCC
:20D73800C21F34FF910000F6D9FF503091000026D9225030142FC21F34FF910000F6D9FFF6
:20D75800643091000026D9226430142FC21F34FF910000F6D9FF5C3091000026D9225C3057
:20D77800142FC21F34FF910000F6D9FF603091000026D9226030142FC21F34FF910000F62B
:20D79800D9FF7C2091000026D9227C20142FC21F34FF6D00FF0A910000F6D9FF08E014FF88
:20D7B8006E0C910000F6D9FF683091000026D9226830542FC21F74FF910000F6D9FF6830C8
:20D7D80054FF910000F6D9FF501054F07FF00E00910000F6D9FF6830DA0074FF910000F693
:20D7F800D9FF08E0DA0034FF910000F6D9FF7C2014FF5E196DFF25BC910000F6D9FF7C2077
:20D81800DA0034FF910000F6D9FF583014FFDE24910000F6D9FF1C4009F42C59910000F623
:20D83800D9FF28C054F56DFF99FB910000F6D9FF5830DA0034FF910000F6D9FF503014FFE1
:20D85800DE49910000F6D9FF28C091000026D9221C400924206991000026D92270205425C3
:20D878006DFF07FA74F2910000F6D9FF5030DA0034FF910000F6D9FF1C4009FF20697B000A
:20D898001F044B0F01F06F2F1380910000F6D9FF1C4009FF20697BC0200C4B0F01F0AE071E
:20D8B800910000F6D9FF38D014FF5E17910000F6D9FF30D014FF1E1182146DFFD6C1DA0944
:20D8D80082180FF80080892828290D00400200800D00000282046D00F418910000F6D9FFD1
:20D8F80094F0D4FF2D0F00000D00400200800D00000282046D00E51882046DFF9BE17624A7
:20D9180082046DFF6FE082446DFF94E1762482446DFF68E00D00400200800D00000282048F
:20D938006D00CF1882146DFF85E1762B82146DFF59E0910000F6D9FFA4F0D4FF2D0F000035
:20D9580082546DFF77E1762482546DFF4BE00D00400200800D00000282046D00B2188234BD
:20D978006DFF68E1762B82346DFF3CE0910000F6D9FFA0F0D4FF2D0F000082746DFF5AE160
:20D99800762482746DFF2EE00D00400200800D00000282046D00951891100046D9443C7A2D
:20D9B8006DFFF1C00D00400200800D00000282046D0087186D00D9120D00400200800D008E
:20D9D800000282046D007D180D00400200800D00000282046D00751891100046D944289A81
:20D9F8006DFFD1C00D00400200800D00000282046D006718910000F6D9FF9CF0D4FF2D0FC8
:20DA180000000D00400200800D00000282046D00581891100046D94414BA6DFFB4C00D00EE
:20DA3800400200800D00000282046D004A18910000F6D9FFA8F0D4FF2D0F00000D00400253
:20DA580000800D00000282046D003B1891100046D94400DA6DFF97C00D00400200800D005C
:20DA7800000282046D002D186D0055080D0040020080404F91000026D9229414DA04B42F11
:20DA980091000026D9229014DA04B42FDA062CFCDA002CFDDA032CFEDA0089FF100891003A
:20DAB8000026D92260C0E85291000026D92254C0E86291000026D9227CB0E87291000026D4
:20DAD800D9228860E88291000026D922A060E89291000026D9224C80F4F291000026D9229F
:20DAF80048C0E812A002E82291000026D922B4B089F2A83949F4300A08C4821509F5A83935
:20DB18006D00320491000026D9228CC089F2AC3949F4380A08C4821509F5AC396D00240492
:20DB3800A00289F2B03991000026D922A4C089F2B43949F4081A08E4821509F5B4396D000F
:20DB5800130491000026D92264C089F2B83949F4101A08C408C509F5B8396D00050491005E
:20DB78000026D92274E089F2BC3949F4181A08C408C509F5BC396D00F70391000026D92294
:20DB98007C5089F2804991000026D9226C3089F2844949F4201A08C408C509F580496D0083
:20DBB800E30349F4281A08C408C509F584496D00DB03A00289F2884991000026D9226C909D
:20DBD80089F28C4991000026D922648089F2904949F4381A08E408C509F58C496D00C403A4
:20DBF80049F4002A08C408E509F590496D00BC0391000026D922841089F2944949F4082ADD
:20DC180008C408C509F594496D00AE0391000026D922943089F2984949F4102A08E408E538
:20DC380009F598496D00A00391000026D92274A089F29C4949F4182A08C408E509F59C499C
:20DC58006D00920391000026D922B83089F2A04991000026D922B48089F2A44991000026A7
:20DC7800D922A46089F2A84991000026D9229CB089F2AC4991000026D92284B089F2B04959
:20DC980049F4202A08C408C509F5A0496D006C0349F4282A08C408C509F5A4496D006403A2
:20DCB80049F4302A08C408C509F5A8496D005C0349F4382A08C4821509F5AC496D005403A8
:20DCD80049F4003A08C4821509F5B0496D004C03DA0089FF2808DA0089FF2908DA0089FF18
:20DCF8002A08DA0089FF2B08DA0089FF2C080090404F08FFDF0FBC00DA0089FF100809F468
:20DD1800B439C81591000026D92294140924C00808EFE2F46D000C05C8148204910000266E
:20DD3800D92294140925C00808EFE2F56D00320509F49849820491000026D92294140920D9
:20DD5800C00808EFE2F008EF73F00A506D00220509F48C49820491000026D92294140920F7
:20DD7800C00808CFE2F008EF73F00A506D00120582023C3C534220F009F2B43910225420B3
:20DD98003700E80B8B0020F26E2E09F05008534020F009F2B4391022534220F009F4B4396B
:20DDB800104454407420C89209FF50081022342208CF09F05008C852012200261421030FBB
:20DDD8000A01C2F0534020F009F28C491022534220F0C8641044544F742F09FF5008C21F1D
:20DDF80089FF1008C2123702682008EF3FF2C4FF82003C1709FF500803F00AF0534F20F017
:20DE180009F298491022C89401400046144F534F20F0C8741044544F742FC210370068009D
:20DE380009FF50083FF0E8FF09FF500889FFB81808CF89FFBA1808CF89FF802809FF500804
:20DE580089FF822809FF500889FF902809FF500889FF922808CF89FF982809FF500889FF2F
:20DE78009A2809FF500889FF88183C1A09F4B439C81591000026D92294140924C00808EFDD
:20DE9800E2F46D005504C814820491000026D92294140925C00808EFE2F56D007B040090D2
:20DEB800404F09FF6C08EE2F09FFD82889FFA82809FFFA1889FFAA2809FFE82889FFB028D6
:20DED80009FFDA1889FFB22849F4182A49F5381A49F6282A6D00C20389F2083849F4282AB2
:20DEF80049F5181A49F6302A6D00B80389F2083849F4181A49F5302A49F6101A6D00E2035C
:20DF180089F208380090404F09FF6908EE2F49F4201A49F5281A6D00ED0389F2083849F42D
:20DF3800201A49F5101A49F6181A6D00970389F2083809FFD81889FFA82809FFEA1889FF12
:20DF5800AA2849F4181A49F5281A49F6282A6D00850389F2083849F4282A49F5082A49F669
:20DF7800181A6D00E90189F208380090404F09FF6A08EE6349F4381A49F5002A6D00BA033A
:20DF980089F2083809FFF81889FFA82809FFDA1889FFAA2849F4381A49F5181A49F6282A5A
:20DFB8006D005C0389F2083809FFE82889FFB02809FFC22889FFB22849F4282A49F5002AFF
:20DFD80049F6302A6D004A0389F2083809FFD02889FFA02809FFD22889FFA22849F4302AE0
:20DFF80049F5102A49F6202A6D00A60189F2083849F4202A49F5302A6D00BC0189F2083835
:20E0180009FFD81889FFA82809FFC22889FFAA2849F4181A49F5002A49F6282A6D001E0356
:20E0380089F2083849F4282A49F5302A49F6182A6D00140389F208380090404F40F46DFF67
:20E0580059FE09FF0C396E0609F28C3940F42D02000040F46D009C0009FF10396E0609F270
:20E07800903940F42D02000040F46DFF4EFF09FF14396E0609F2943940F42D02000009FF73
:20E098005008EE0308FFEE1B40F46DFF71FF09FF18396E0609F2983940F42D02000040F4CF
:20E0B8006D00850009FF1C396E0609F29C3940F42D02000040F46DFFF5FE3C2009F4A83985
:20E0D80009F5AC3991000026D92294140924C00808CFE2F46D002C0309F4B83909F5BC39CC
:20E0F80091000026D92294140920C00808CFE2F008CF73F00A406D001B0309FF20396E0630
:20E1180009F2A03940F42D02000082003C2508CF03F00AF0534F20F009F2B83910225421C4
:20E13800534020F0C8821022542F4BF101F0370F61F06E0F08CF03F00AF0534F20F009F273
:20E15800B8391022534020F0C8841044544F742FC2103700680008CF3FF0DBFFD4F409F5E4
:20E17800A83991000026D92294140924C00808CFE2F46D00DD0209FF24396E0609F2A439AD
:20E1980040F42D020000D4F23C010090404F09FF6808EE0B49F4201A49F5300A49F6380A01
:20E1B8006D005C0289F208380090404F09FF6B08EE3E09FFF81889FFB828DA0189FFBA2836
:20E1D80049F4381A49F5380A49F6382A6D00460289F2083809FFC81889FF8038DA0189FF7C
:20E1F800823849F4081A49F5382A49F6003A6D00690289F2083809FFD82889FFB828DA01F7
:20E2180089FFBA2849F4182A49F5003A49F6382A6D00240289F2083849F4380A49F5382A77
:20E2380049F6300A6D00880089F208380090C234B70402F06E659249DF096300910000F6EA
:20E25800D9FFF42054FFEE1582046DFF36F4802F325F160392446DFF30F48020DFF05100C9
:20E278001022F4F291000046B542F02082007420D4FC820A3C0310CCB0FC54CF6E036F0F45
:20E29800FCFFF4FC3C1DB70801F010CF6F08188054FFEE1182046DFF10F449F4040A7D4232
:20E2B8000F80325802846DFF08F4802F1EF874CA82083C0CAE0442F874C840CF40FC54C8DB
:20E2D80076856F08E2FF3F98E0FFDF082680BF19180002946DFFF1F3802F9EF249CF040A55
:20E2F80001F220F4EE0D012F30F4EE12802F325F1603102F92446DFFE0F3802F5EF3A00261
:20E31800009001CF2020802F960174CF40FC01C900F674FA3C0A9A493FF8078001C900F6AB
:20E33800A29874F83C0202898F1940F174CF49C2040A0090CC410952840909658409094F49
:20E35800C0080940C208E20F3C0A54F054216B0121007450B042B04FB045C2FFEEF7820279
:20E378003C010090B44489458208894584090090CC510942C0080943C20882058204022FF9
:20E398003C170BF280003C05820174F1B04FC2F0FF10FCFF7B00F80374F0B04F92F03C0515
:20E3B800820174F1B04FC2F0FF10FCFFC2FFEEEA82071D0031010940C20803700A07534007
:20E3D80020F0CC4110FF54F902788B1700003C160941C20803010A17534120F0CC4110FF45
:20E3F80054F1B701815FB709816F4B650150370561F16E030B011088C2103F20EBFF370979
:20E41800E8FB8B0F20F26E395F783800CC41094284090940C2080B70801003070AF7534FEF
:20E4380020F010FF03080AF7534F20F01022DA003C0854F0542474F4B04F7420B042C21F0D
:20E458003F1FF97FCC51095284090950C20873070AF0534F20F010FFE208534820F01022AA
:20E47800DA003C0854F1542474F4B04F7421B042C21F3F0FF97F8214DF1409003709E8FB5F
:20E49800BA0F6E0482B21D00E8007B00F8F34B9F5150CC41094FC208527003F70AF7534F71
:20E4B80020F010FFDA003C0754F14B51411074F1B04FC21F3F0FFA7FCC510950C208730710
:20E4D8000AF0534F20F010FFDA003C0754F14B51411074F1B04FC21F3F0FFA7F82063C4A00
:20E4F800094FC208036F0AF7534F20F0CC4110FF54F5CC41094284090940C2080B708080E5
:20E518005347201073060AF0534F20F010FF01F100F653472010E270534020F010220121EA
:20E538000026DA003C0954F054216B15710074F0B042B04FC21F3F8FF87FCC510952840954
:20E558000950C20873060AF0534F20F010FF73070AF0534F20F01022DA003C0954F1542814
:20E578006B85711174F1B042B04FC21F3F0FF87FC2163F76B7FF8B1700803C4A0940C20817
:20E5980003800A07534020F0CC4110FF54F5CC41094284090940C2080B708090534720107A
:20E5B80073080A60534620F010FF01F100F653472010E270534020F0102201210026DA00AB
:20E5D8003C0954F054216B15710074F0B042B04FC21F3F9FF87FCC51095284090950C20881
:20E5F80073080AF0534F20F010FF73070AF0534F20F01022DA003C0954F154266B65711145
:20E6180074F1B042B04FC21F3F0FF87FC2183F28B7FFC2173F37D1FE8200DF141C00370504
:20E63800E8FBBA0F6E17CC4182013C0C534120F010F2542F370FE8FB8B0F20F26E023C0609
:20E65800C21173320AF03FF1F3FFE2325F21038082B002023C010090CC4109528409096690
:20E6780084090940C0080951C2080942C2088203534320F01064021409578409820540FC46
:20E6980002263C0A54CF54776B7F6155B04C534120F01077C2F6FF16F7FF7445B044C2F419
:20E6B8005A41534F20F01027FF14EAFF4213534220F010FFC2F0FF10DDFF82023C010090CB
:20E6D800CC410952840909658409094FC0080940C208E20F3C0A54F054216B0131007450AE
:20E6F800B042B04FB045C2FFEEF782023C010090CC41095284090940C0080941C208020207
:20E718008203534320F0102402143C0854FF744FB04F534020F01044C2F4FF14F9FFC21386
:20E73800C2F2FF12F0FF82023C010090DF043000404FBF842780804F8F3F000180518F3101
:20E7580000115F101F802E06C2F4045F344F494F010A80FF2E16045F24FFC2E4045F24FF9A
:20E778008F7400018FD41FF06E0B02F14052C2F160160922480189F24801FC6CD055020419
:20E798007646C2F46042045F24FFFC2E40420090404FBF852380804F2E05C2F53444494F4C
:20E7B800010A80FF2E1424F4C2E524F48F7500F106D5DF051200D200764A370468008F8094
:20E7D8002010A6108F002110A6100201C2F5605289F04801FC2E02F57655C2F5605224F42A
:20E7F800FC2F40420090024F370FE81B8F1F1E00DAFF7E17024F7444B70F89FB6E123C0BD6
:20E818008FF00150DA7F7FF10900DA00B70F81FFA65F744F02420090DA963FF10A00744420
:20E83800DA00B70F81FF8FF00120A6F20090B704890B8F71012082F38B6109110F1300309B
:20E858002630B700890BA652A60274426B0231F4B70F812FA6520090024F3B70B5013F0F19
:20E8780005003B70B5F13C073B904A0E3FF004003B904AFE02F032504B004101910000F6F6
:20E89800D9FF2CC054F16B0121406DFFD8E602284B0F41F1910000F6D9FF2CC054F06B00B0
:20E8B800214F6DFFCCE60B8210486D00CE0000906DFF49F26DFFBBF46DFF20F36DFF86F3DC
:20E8D8006DFF1DF46D0036006DFFE4F26D0005006DFF80F40090910000F6D9FF98147B0056
:20E8F800FCF374FF910000F6D9FF9814DA006CF1910000F6D9FF98147B000AF46CF29100E9
:20E9180000F6D9FF9814DA006CF3910000F6D9FF9814DA006CF5910000F6D9FF9814DA0001
:20E938006CF6910000F6D9FF9814DA006CF40090910000F6D9FFB414BBD0CCFC9BCFECF3C5
:20E9580074FF910000F6D9FFB414DA006CF1910000F6D9FFB414DA006CF2910000F6D9FF10
:20E97800B414DA006CF3910000F6D9FFB414DA006CF5910000F6D9FFB414DA006CF6910028
:20E9980000F6D9FFB414DA006CF40090910000F6D9FF9024DAA534FF910000F6D9FF902427
:20E9B800DA022CF1910000F6D9FF9024DA002CF2910000F6D9FF9024DA002CF3910000F6A8
:20E9D800D9FF9024DA002CF4910000F6D9FF9024DA002CF5910000F6D9FF9024DAA72CF6D5
:20E9F800823491000046D944902482756D006337009091000046D9449024820482756DFF82
:20EA1800C9FE91000046D9449024B074820482756DFFC0FE910000F6D9FF9024DA002CFE8D
:20EA3800910000F6D9FF9024DA002CFF910000F6D9FF9024DA00ACF9910000F6D9FF902401
:20EA5800DA00ACF80090910000F6D9FF9024DAA534FF910000F6D9FF9024DA012CF191002F
:20EA780000F6D9FF9024BB00F0FF264F868F2CF2910000F6D9FF90248FF40FF12CF3910064
:20EA980000F6D9FF9024BB00F0FF265F868F2CF4910000F6D9FF90248FF50FF12CF591002F
:20EAB80000F6D9FF9024DA002CF682003C1491000026D9229024910000F6D9FF9024086FFE
:20EAD800910000F6D9FF902401F000F614F1421F2C26C210BF60ED7F823491000046D94465
:20EAF800902482756D00E736009082343B0080509B7500503B5001603BE000706D00B3324F
:20EB1800823482156D00DC346DFF75FF6DFF40FF00902008823449A4000A6D00A934DF02F8
:20EB3800C00014A0DAA57E0F910000F6D9FF9024087F3B500A003E07910000F6D9FF9024B6
:20EB5800DA002CFE910000F6D9FF902408EF910000F6D9FF902410FF14AF2CF7910000F600
:20EB7800D9FF902491000026D92290240C2EC21F2CFE910000F6D9FF902408EFBF7F9180ED
:20EB9800910000F6D9FF9024087F3B500A005F0F7980910000F6D9FF9024DA002CFF82002D
:20EBB8003C1591000026D9229024910000F6D9FF902408F1910000F6D9FF902401F000F680
:20EBD800087F42F189210F08C210BF60EC7F910000F6D9FF902408FF910000F6D9FF902419
:20EBF80008D05F0F3F80910000F6D9FF9024088FDF2F288091000026D9229024910000F6AB
:20EC1800D9FF9024089F8F8F2000910000F6D9FF902408AFA6F08920900891000026D92218
:20EC38009024910000F6D9FF902408BF8F8F2000910000F6D9FF902408CFA6F0892092082D
:20EC5800910000F6D9FF9024DA002CFE91000046D9449024B074820482756DFF9BFD3C10EC
:20EC7800910000F6D9FF9024DA002CFE91000046D9449024B074820482756DFF8BFD3C10DC
:20EC9800910000F6D9FF9024DA002CFE91000046D9449024B074820482756DFF7BFD009088
:20ECB8006F770C006F0505808FF707F16E06C215EF850400C21606F5B70589FB8F760100F7
:20ECD8008F840120A60FA6F20090201049A6100AA00FF4AF89A4840982FF780240A46DFF7B
:20ECF80093EAD801DA0034FF009002483708E8FBEE05820402851DFFC8F26DFF12EDDF027B
:20ED18002280DA004BF801008F3000F16E056F001A001DFFD5EC4B0891F17B00F0034B08FC
:20ED380041007B00FC134BF041206BF271214B2F41F04BF041006BF071014B0F41F04BF8A3
:20ED5800418002820090404F044FEEFF01F420F080F2C2F200903B7002403BC0125082066A
:20ED78006D0007283B3002403BC0125082066D0000283BD001403BC0125082066D00F927FA
:20ED98003BB002403BC0125082066D00F2270090910000F6D9FF9CD054FF910000F6D9FFB6
:20EDB80008C094F04B0041014B0F01F0370F61F16E11910000F6D9FF9CD091000026D92283
:20EDD8009CD0542FBBD0CC0C9BC0E4036B0031FF74FF910000F6D9FF9CD054FF910000F6D4
:20EDF800D9FF08C094F04B0041014B0F01F0370F61F06E11910000F6D9FF9CD09100002667
:20EE1800D9229CD0542FBBD0CC0C9BC0E4036B0021FF74FF910000F6D9FFA424910000266F
:20EE3800D9229CD0542F7B001A046B0021FF6CF4910000F6D9FFA42491000026D9229CD007
:20EE5800542F7B001A046B0021FF6CF6910000F6D9FFA424484F7B002A044B0F01F0370F99
:20EE780061F16E09910000F6D9FFA4247B002AF46CF43C14910000F6D9FFA424484F7BC048
:20EE9800250C4B0F01F0370F61F06E08910000F6D9FFA4247BC025FC6CF4910000F6D9FF8F
:20EEB800A424486F7B002A044B0F01F0370F61F16E09910000F6D9FFA4247B002AF46CF696
:20EED8003C14910000F6D9FFA424486F7BC0250C4B0F01F0370F61F06E08910000F6D9FFC9
:20EEF800A4247BC025FC6CF6910000F6D9FF28E054FF6E6C910000F6D9FFA4249100002602
:20EF1800D9229CD0542F7B0019046B0021FF6CF4910000F6D9FFA42491000026D9229CD027
:20EF3800542F7B0019046B0021FF6CF6910000F6D9FFA424484F7B002A044B0F01F0370FB9
:20EF580061F16E09910000F6D9FFA4247B002AF46CF43C14910000F6D9FFA424484F7BC067
:20EF7800250C4B0F01F0370F61F06E08910000F6D9FFA4247BC025FC6CF4910000F6D9FFAE
:20EF9800A424486F7B002A044B0F01F0370F61F16E09910000F6D9FFA4247B002AF46CF6B5
:20EFB8003C14910000F6D9FFA424486F7BC0250C4B0F01F0370F61F06E08910000F6D9FFE8
:20EFD800A4247BC025FC6CF63C6B910000F6D9FFA42491000026D9229CD0542F7B001A048B
:20EFF8006B0021FF6CF4910000F6D9FFA42491000026D9229CD0542F7B001A046B0021FF22
:20F018006CF6910000F6D9FFA424484F7B002A044B0F01F0370F61F16E09910000F6D9FF56
:20F03800A4247B002AF46CF43C14910000F6D9FFA424484F7BC0250C4B0F01F0370F61F09B
:20F058006E08910000F6D9FFA4247BC025FC6CF4910000F6D9FFA424486F7B002A044B0F5E
:20F0780001F0370F61F16E09910000F6D9FFA4247B002AF46CF63C14910000F6D9FFA424DF
:20F09800486F7BC0250C4B0F01F0370F61F06E08910000F6D9FFA4247BC025FC6CF6910067
:20F0B80000F6D9FF28E054FFDF1F3180910000F6D9FF88D091000026D92288D0092FC0089F
:20F0D800C21FB4FF910000F6D9FFA4247B3032F46CF5910000F6D9FFA4247B3032F46CF7D0
:20F0F800910000F6D9FF88D009F0C008DA763FF00E80910000F6D9FF88D0DA00B4FF91009E
:20F1180000F6D9FF28E0DA0274FF910000F6D9FF28E054FFDF2F3180910000F6D9FF8CD07E
:20F1380091000026D9228CD0092FC008C21FB4FF910000F6D9FFA4247B0020F46CF591006D
:20F1580000F6D9FFA4247B0020F46CF7910000F6D9FF8CD009F0C008DA5F3FF00E8091000C
:20F1780000F6D9FF8CD0DA00B4FF910000F6D9FF28E0DA0374FF910000F6D9FF28E054FF4F
:20F19800DF3F3180910000F6D9FF90D091000026D92290D0092FC008C21FB4FF910000F69C
:20F1B800D9FFA4247B0027F46CF5910000F6D9FFA4247B0027F46CF7910000F6D9FF90D0C1
:20F1D80009F0C008DA5A3FF00E80910000F6D9FF90D0DA00B4FF910000F6D9FF28E0DA04D4
:20F1F80074FF910000F6D9FF28E054FFDF4F4380910000F6D9FF94D091000026D92294D000
:20F21800092FC008C21FB4FF910000F6D9FFA42491000026D922A4244C253BC01E059B80F7
:20F23800DB036B0031FF6CF5910000F6D9FFA42491000026D922A4244C273BC01E059B808F
:20F25800DB036B0031FF6CF7910000F6D9FF94D009F0C008DA643FF00E80910000F6D9FFDC
:20F2780084D0DA0174FF910000F6D9FF94D0DA00B4FF910000F6D9FF84D054FFDF1F2A80D6
:20F29800910000F6D9FF98D091000026D92298D0092FC008C21FB4FF910000F6D9FF98D01A
:20F2B80009FFC0083B8038013F0F1480910000F6D9FF84D0DA0074FF910000F6D9FF98D0C9
:20F2D800DA00B4FF910000F6D9FF28E0DA0074FF910000F6D9FF34D014FFDF1F82809100CE
:20F2F80000F6D9FF78207BD044F474FF910000F6D9FF80D091000026D9221C4009241C692B
:20F318007B00085C6DFF29EF74F2910000F6D9FFA4247BE029F491000026D92280D05420F7
:20F338006B0031FF6CF5910000F6D9FFA42491000026D92280D0542F7BE029046B0021FFFA
:20F358006CF7910000F6D9FFA424485F7BF032044B0F01F0370F61F16E09910000F6D9FF0A
:20F37800A4247BF032F46CF53C14910000F6D9FFA424485F7B0022044B0F01F0370F61F01A
:20F398006E08910000F6D9FFA4247B0022F46CF5910000F6D9FFA424487F7BF032044B0FDD
:20F3B80001F0370F61F16E09910000F6D9FFA4247BF032F46CF73C14910000F6D9FFA424A3
:20F3D800487F7B0022044B0F01F0370F61F06E08910000F6D9FFA4247B0022F46CF79100A9
:20F3F80000F6D9FF541054FFDE12910000F6D9FF08E0DA0034FF910000F6D9FFA0D09100CC
:20F418000026D922A0D0542FC21F74FF910000F6D9FFA0D054FF910000F6D9FFA4D054F033
:20F438007FF01400910000F6D9FF34D0DA0034FF910000F6D9FF5410DA0074FF910000F62A
:20F45800D9FFA0D0DA0074FF910000F6D9FFCC6054FFDF1FA580910000F6D9FF78207B800C
:20F4780044F474FF91000026D922A424910000F6D9FFA4244850910000F6D9FF9C64885F4A
:20F498004B0F41F17B001A144B1F51F07B0026146B01211F910000F6D9FFA424485F6B0FCB
:20F4B80031F17B000A144B1F51F06B0F21F06C25910000F6D9FFA424485F7BF032044B0FE9
:20F4D80001F0370F61F16E09910000F6D9FFA4247BF032F46CF53C14910000F6D9FFA42484
:20F4F800485F7B0022044B0F01F0370F61F06E08910000F6D9FFA4247B0022F46CF59100AA
:20F518000026D922A424910000F6D9FFA4244870910000F6D9FF9C64885F4B0F41F17B00BE
:20F538001A144B1F51F07B0026146B01211F910000F6D9FFA424487F6B0F31F17B000A1456
:20F558004B1F51F06B0F21F06C27910000F6D9FFA424487F7BF032044B0F01F0370F61F158
:20F578006E09910000F6D9FFA4247BF032F46CF73C14910000F6D9FFA424487F7B00220402
:20F598004B0F01F0370F61F06E08910000F6D9FFA4247B0022F46CF71D009C009100002670
:20F5B800D922A424910000F6D9FFA4244850910000F6D9FF9C64885F4B0F41F17B001A1436
:20F5D8004B1F51F07BC024146B01211F910000F6D9FFA424485F6B0F31F17B000A144B1FDC
:20F5F80051F06B0F21F06C25910000F6D9FFA424485F7BF032044B0F01F0370F61F16E09CD
:20F61800910000F6D9FFA4247BF032F46CF53C14910000F6D9FFA424485F7B0022044B0FA0
:20F6380001F0370F61F06E08910000F6D9FFA4247B0022F46CF591000026D922A424910090
:20F6580000F6D9FFA4244870910000F6D9FF9C64885F4B0F41F17B001A144B1F51F07BC0E3
:20F6780024146B01211F910000F6D9FFA424487F6B0F31F17B000A144B1F51F06B0F21F035
:20F698006C27910000F6D9FFA424487F7BF032044B0F01F0370F61F16E09910000F6D9FF77
:20F6B800A4247BF032F46CF73C14910000F6D9FFA424487F7B0022044B0F01F0370F61F0B5
:20F6D8006E08910000F6D9FFA4247B0022F46CF7910000F6D9FFA424484F7B0000044B0FEA
:20F6F80041F07B0027044B0F4180910000F6D9FFA424485F7B0000044B0F41F07B00270482
:20F718004B0F4190910000F6D9FFA4244840910000F6D9FFA4244841910000F6D9FFA42420
:20F738004852910000F6D9FFA424485F4BF241F06B1061FF7B1056046B0021FF3B00000451
:20F758009BC061046B0031AF910000F6D9FFA424484F7B4021046B0031FF7B002F044B0F45
:20F7780041B0910000F6D9FFA424485F7B002F044B0F41C0910000F6D9FFA4244850910059
:20F7980000F6D9FFA4244851910000F6D9FFA424484F7B4021246B02312F910000F6D9FF38
:20F7B800A424484F7B4021346B0331FF7B1056346BF261F36B1061FF3B0000049BC0610484
:20F7D8006B0031DF4B9941F06B8861FF6BAA714F6DFF8DFA6B0221F96B0A21084B0F514056
:20F7F8006DFF3AEA7B0000F44BF241E04B9941F06B8861FF6BAA714F6DFF79FA6B0231F9E1
:20F818006B0A21084B0F51406DFF26EA7B0000F44BF241804BCC41F06BBB61FF6BDD714F88
:20F838006DFF65FA6B0221FC6B0D210B4B0F51406DFF12EA7B0000F44BF241904BCC41008F
:20F858006BBB61006BDD71406DFF51FA6B0231FC6B0D210B4B0F51406DFFFEE97B0000F46E
:20F878004BF2411082004B0E01F016068B0F20F2EE083BB0FD009B900C046B0021EE3C017E
:20F8980082004B0801F016068B0F20F2EE083BB0FD009B900C046B0021883C013BB0FDF080
:20F8B8009B9FF4F34BFE01F016068B0F20F2EE07910000F6D9FFA42474F83C06910000F6BC
:20F8D800D9FFA42474FEDA004BF901F016068B0F20F26E113BB0FDF09B9FF4F34BF901F07A
:20F8F80016038B0F20F26E07910000F6D9FFA42468193C06910000F6D9FFA424681191009B
:20F9180000F6D9FFA424486F7B0000044B0F41F07B0027044B0F4180910000F6D9FFA42490
:20F93800487F7B0000044B0F41F07B0027044B0F4190910000F6D9FFA4244860910000F6B7
:20F95800D9FFA4244861910000F6D9FFA4244872910000F6D9FFA424487F4BF241F06B108E
:20F9780061FF7B1056046B0021FF3B0000049BC061046B0031AF910000F6D9FFA424486F77
:20F998007B4021046B0031FF7B002F044B0F41B0910000F6D9FFA424487F7B002F044B0FE5
:20F9B80041C0910000F6D9FFA4244870910000F6D9FFA4244871910000F6D9FFA424486F91
:20F9D8007B4021246B02312F910000F6D9FFA424486F7B4021346B0331FF7B1056346BF244
:20F9F80061F36B1061FF3B0000049BC061046B0031DF4B9941F06B8861FF6BAA714F6DFF9D
:20FA180076F96B0221F96B0A21084B0F5140910000F6D9FFA4246DFF1FE97B0000F44BF208
:20FA380041F06CF24BCC41F06BBB61FF6BDD714F6DFF5DF96B0231FC6B0D210B4B0F51405E
:20FA5800910000F6D9FFA4246DFF06E97B0000F44BF241F06CF34B9941F06B8861FF6BAA53
:20FA7800714F6DFF44F96B0221F96B0A21084B0F51406DFFF1E87B0000F44BF241E04B99FF
:20FA980041F06B8861FF6BAA714F6DFF30F96B0231F96B0A21084B0F51406DFFDDE87B0094
:20FAB80000F44BF241804BCC41F06BBB61FF6BDD714F6DFF1CF96B0221FC6B0D210B4B0F5D
:20FAD80051406DFFC9E87B0000F44BF241904BCC41006BBB61006BDD71406DFF08F96B0231
:20FAF80031FC6B0D210B4B0F51406DFFB5E87B0000F44BF2411082004B0E01F016068B0FAA
:20FB180020F2EE083BB0FD009B900C046B0021EE3C0182004B0801F016068B0F20F2EE0867
:20FB38003BB0FD009B900C046B0021883C013BB0FDF09B9FF4F34BFE01F016068B0F20F23E
:20FB5800EE07910000F6D9FFA42468283C06910000F6D9FFA424682EDA004BF901F01606B7
:20FB78008B0F20F26E113BB0FDF09B9FF4F34BF901F016038B0F20F26E07910000F6D9FF7B
:20FB9800A42468393C06910000F6D9FFA4246831910000F6D9FF843491000026D922A42451
:20FBB800542FBB305C0F9B800C044B0F51F07B403B044B0F41F04B0F31F1B4FF9100002623
:20FBD800D9228C34910000F6D9FFA424481FBB305C0F9B800C044B0F51F07B403B044B0F54
:20FBF80041F04B0F31F1B42F91000026D9228834910000F6D9FFA424482FBB305C0F9B80E0
:20FC18000C044B0F51F07B403B044B0F41F04B0F31F1B42F91000026D9229034910000F640
:20FC3800D9FFA424483FBB305C0F9B800C044B0F51F07B403B044B0F41F04B0F31F1B42F85
:20FC5800910000F6D9FF8C3494FF8BAF05F0370F70F0910000F6D9FF843494F08B601A0065
:20FC780037007030910000F6D9FF903494F08BA00501370070203BE01000910000F6D9FF6C
:20FC9800883494F1A210370070104B0F61F17B402B044B0F51F07B00F0036B0021FFBB00BD
:20FCB80000089BB053044B0F41F04B0F71813BF070F23FF804803BF070824B0361F17B40EB
:20FCD8002B044B0F51F07B00F0036B0021FFBB0000089BB053044B0F41F04B0F71913BF0D2
:20FCF80070F23FF904803BF070924B0261F17B402B044B0F51F07B00F0036B0021FFBB00C9
:20FD180000089BB053044B0F41F04B0F71A13BF070F23FFA04803BF070A24B0161F17B404A
:20FD38002B044B0F51F07B00F0036B0021FFBB0000089BB053044B0F41F04B0F71513BF0B1
:20FD580070F23FF504803BF070523B7002406D00BB203B30024002A56D00B6203BD001406C
:20FD780002956D00B1203BB0024002856D00AC2000903B00D0269B9212246B4461224B44C4
:20FD980041F0BBE0F408BB50061D9BA014049BB10C146B1F61106BF261F04BF151F04B4FD6
:20FDB800412000906D007D066D0036006D003F006D00B91682046D00840600904DC0E1FFC5
:20FDD80016073C016E083C01910000F6D9FF943414FF6EFB4DC0E1FF16073C01910000F68D
:20FDF800D9FF943410FFDA0134FF8218DA003C0B910000F6D9FF943410FF14F0E208370810
:20FE18006880C21FBF2FF6FF82146D00CF16DF08EE7F00906DFFAAD002246DFFFECF6DFFA1
:20FE3800B9D002246DFF3DD00090910000F6D9FF98346DFF77CA68224DC0E1FF8F7F004154
:20FE58003C01910000F6D9FF98346DFFAEC96812910000F6D9FF98346DFFB9CA74F29100B4
:20FE780000FFBCF16DFF9BCA913000FF39FF3506160F4B0F41F14BF251F03C013C01910080
:20FE980000F6D9FF98346CF30090404F0258F64791000026D922ACD0142FEE023C1F91004E
:20FEB8000026D922A8D0142F6E033C013C0091000026D922A8D0DA00C21F342F6D00E505C5
:20FED8003C0C91000048D9445D12A00640F502846D0075006D0004003CF500902008DA00E6
:20FEF80074AFDA007801DA0074AF3C0FDA0078013C045801C21F780158013BF0FF017FF0F3
:20FF1800FAFF54AFC21F74AF54AF3BF0FF007FF0EFFF0090201849A4000A6D00310291103F
:20FF380000F8D9FF3AE0F80249A4000A6D00EC018204BB00205C9B150050820682076D0039
:20FF5800922891000046D9448054820491000056D955BC343B0004506D00890282048215D8
:20FF78006D00AE2A0090910000F6D9FFB0D014FF6E13820491000046D944BC446D00782A98
:20FF980091000046D944805491000056D955BC4482146D0062030090404676423C0E91005B
:20FFB80000F6D9FFB0D014FF6E0891000048D9446A1202546D0003000090D9AAE86F404C24
:20FFD800405D0248406E820089A08C08DA00ACA7DA007804DA00ACAADA00ACAB40D46DFFD1
:08FFF800B4F689A21009910082
:02000004800179
:200000000026D922A834092FC0086E08910000F6D9FFA834C84F2D0F0000910000F6D9FF80
:20002000B0D014F0DF007B01910000F6D9FFA83409FFC008DF0F3F0109A096088CABC21F49
:20004000ACAB910000F6D9FFA834C83F82043700705040C42D0F000040D46DFF82F689A227
:200060001009910000F6D9FFA83409F0C208910000F6D9FFA834086F4BF0010289A09408B4
:200080003C0109DF0008B01DEEFDDA00ACA73C11B0FD09D00008DA2F3E0509D00008DA5C10
:2000A0007E0509AFCE08C21FACA75804C2FF780409AFCE08FF2F05805804FF0FEB7F5804F1
:2000C0000EFCB01DF4AD49A4180A91000058D95550026DFF08F63C1709AFCE08EE0BF4AD4B
:2000E00049A4180A91000058D95559026DFFFBF53C0AF4AD49A4180A91000058D9555002C4
:200100006DFFF1F5DA00ACA63C4CDA00ACA73C2349A4180A6DFF25F609A0CC088CAA09A15A
:20012000CE0803F00AF17FF203803C1A09AFCE0810AF49FF184A09A0CC088CAA09A1CE0887
:2001400003F00AF110A2092F180834FF09AFCE08C21FACA709A0CE088CAA3FF0DB7F09AFBC
:20016000CE0810AF49FF184ADA0034FF910000F6D9FFA83408708CABE2F08CABC21FACAB08
:20018000910000F6D9FFA834C83F82043700705049A4184A2D0F000009AFCC08C21FACA656
:2001A00009A9CC0849A4180A6DFFDBF58CAA4BF211029A103FF9ABFF74A849A4180A9100A0
:2001C0000058D95566026DFF8EF5910000F6D9FFA834087F09A09608E2F08CABC21FACABF8
:2001E000910000F6D9FFA834C83F82043700705049A4180A2D0F0000A00F7DEF5B00DA00A5
:20020000ACA63C4CDA00ACA73C2240E46DFFA9F509A0CC088CAA09A1CE0803F00AF17FF2B9
:2002200003803C1A09AFCE0810AF49FF184A09A0CC088CAA09A1CE0803F00AF110E2092FA3
:20024000000834FF09AFCE08C21FACA709A0CE088CAA3FF0DC7F09AFCE0810AF49FF184A6B
:20026000DA0034FF910000F6D9FFA834087F09A09608E2F08CABC21FACAB910000F6D9FFC8
:20028000A834C83F82043700705049A4184A2D0F000009AFCC08C21FACA609A8CC0840E40B
:2002A0006DFF5FF58CAA4BF211029A103FF8ACFF3C3549A4185A82043B0010506DFF76F2A7
:2002C000910000F6D9FFA834C82F40C42D0F0000A00F7DEF1000F4AD89A8040989AE8809DA
:2002E00049A4185A91000058D9556F026DFFFBF43C0CF4AD89A8040949A4185A910000584D
:20030000D95548126DFFEFF4910000F6D9FFA834C82F49A4185A2D0F00000090910000F622
:20032000D9FFA834094FC008B4FF910000F6D9FFA834094FC208ACF1910000F6D9FFA83401
:20034000094FC408ACF2910000F6D9FFA8340C462CF6910000F6D9FFA8340C472CF79100EA
:2003600000F6D9FFA83409428809E822910000F6D9FFA83409428C09E83291000026D92206
:20038000A834CC44EC24910000F6D9FFB0D0DA0134FF0090DA00B44FBBF0FFFFAC41BBF0C6
:2003A000FFFFAC42DAFF2C46DAFF2C47A00FEC42A00FEC43A00FEC44009082046D00A42ACF
:2003C0000090024F8204370F68506D008C2A02F23C010090404FA00201F210449100004883
:2003E000D94476123B5005506DFF5DFD820814FF960134FFDA006CF2DA006CF3485F6CF4D3
:20040000081F82003E0682103E0A8220BE003C17C814820448556DFFC9F13C11C81482048E
:20042000485F532F20506DFFC1F13C09C8148204485F534F20506DFFB9F13C01DA0034FF45
:2004400002823C0100904C43424F6C433C064C4309401409A20F6C434C4509400C097FF087
:20046000F8FF00904C42424F6C423C064C4209401409A20F6C424C45094008097FF0F8FF42
:200480000090404F024F405C0258A00201F2104491000048D94476123B2022506DFF03FD56
:2004A0008202E81C820034F02CF1DA006CF2DA006CF3684868583C010090404F405C406D6B
:2004C0000249A00201F2104491000048D94476123B1016506DFFE7FCA00201D21044910010
:2004E0000048D94476123B2016506DFFDCFC82088200A0027DC2058082381D00900014FF1E
:2005000016036E0574D082681D009F0040F46D009F0054D07F020B8074D28278F62714FF85
:20052000B70F81F134FF1D00900014FF960834FF485F4830520A54D03F0A2B80081F820083
:200540003E0682103E0C8220BE063C21C812483F102554D440C46DFFF7F03C19C812483FED
:20056000532F20F0102554DF532F204040C46DFFEBF03C0DC812483F534F20F0102554DF90
:20058000534F204040C46DFFDFF03C013C43081F82003E078210BE0482205F0F27003C3A6F
:2005A000C812483F102540C402A46DFFCDF001CA0046C81554D4A2A46DFFC6F03C2BC81213
:2005C000483F532F20F01025532A204040C46DFFBBF0532A20F010C4C81554DFA2AF532F91
:2005E00020406DFFB1F03C16C812483F534F20F01025534A204040C46DFFA6F0534A20F044
:2006000010C4C81554DFA2AF534F20406DFF9CF03C0114FFB70F81F134FFDF09168014F06E
:20062000DA0B7E0382283C1014FF960234FF54D440F46DFF0AFF484F54D0420F6CF414FF30
:20064000B70F81F034FF02823C010090404FA002012F104491000048D94476123B600750BA
:200660006DFF21FC485F484052023C010090404F405C0248A00201F2104491000048D9444D
:2006800076123B000B506DFF0EFC8209A0027DC2058082391D00B50014FF16056E048249DD
:2006A0001D00AF0014FF960434FF484F3F8FA480485F4820520A7F8A69800810DA003E0870
:2006C00082115F012000DA025F0F3E003C5DC812482F102440C502A46DFF36F040F402A44A
:2006E0006DFFC2FEC812482F102401CA00560BA880406DFF29F00BA8804040F46DFFB4FE6B
:200700003C43C812482F532F20F01024532A204040C56DFF19F040F402A46DFFA5FEC81229
:20072000482F532F20F01024532A20F010C55AA8532F20406DFF08F00BA8804040F46DFFBF
:2007400093FE3C22C812482F534F20F01024534A204040C56DFFF8EF40F402A46DFF84FE56
:20076000C812482F534F20F01024534A20F010C55AA8534F20406DFFE7EF0BA8804040F4D3
:200780006DFF72FE3C013C33081F82003E068210BE008220BE0D3C2BC812482F102440C536
:2007A00002846DFFD1EF40F402846DFF5DFE3C1FC812482F532F20F010245328204040C5B4
:2007C0006DFFC2EF40F402846DFF4EFE3C10C812482F534F20F010245348204040C56DFF9B
:2007E000B3EF40F402846DFF3FFE3C01484FA28F6CF43C02825914FFB70F01F134FF0292E4
:200800003C010090404F0248A00201F2104491000048D94476123B4008506DFF44FB8209C2
:2008200014FF16056E0382493C2E14FF960434FF484F6E24081F82003E0682103E09822073
:200840003E0E3C14C812482F102234283C0FC812482F532F20F01022B4283C08C812482F4C
:20086000534F20F0102274283C01821440F46DFFFBFD484FC2FF6CF43C02825914FFB70FE3
:2008800001F134FF02923C0100902058404C0B451088A00F01FC104491000048D944F622D8
:2008A0003B301C506DFFFFFA0290A00F7DCF04801D0088004B08312182014B180110370172
:2008C00061F06E05DA2D34CFB01C3C0E3708E8FBBA0F6E0ADA3034CFB01CDA2E34CFB01C21
:2008E000DA3034CF3C6E4B0241F16B0F31F83C06C2F07B0012144B1F41F0DF00FBFF4B0FBC
:2009000031418206534620F010AFDA0A4BF2010274F19A16370F6860DA0A4BF20122DF0209
:20092000F3FF3C189AF6534F20F010AF54F00E079AF6534F20F010AF54FF3C079AF6534F4E
:2009400020F010AF54FF325F8B0F03F034CFB01CC2F6DF06E9FFDF0935008202DA2E34CF57
:20096000B01CF644DA3034CF3C2C3C0F534220F010AFDA0A4BF4010268C19A12370F682084
:20098000DA0A4BF40142C2F9DF09F2FF3C189AF2534F20F010AF48CF0EF79AF2534F20F0B2
:2009A00010AF48CF3C079AF2534F20F010AF48CF325F8B0F03F034CFB01CC2F2DF02E9FFA0
:2009C00000902010404C0248A00F01FC104491000048D944F6223B0008506DFF64FADA003C
:2009E000A00F7DCF03803C29CE873BD0020034C0B01C32583C05F684DA3034CF3C1E3C11F9
:200A00003BA000004B0801020E123C02325110AF34F1C21F370F68F03BA000004B080182B0
:200A2000DF08F0FF3C0910AF09F07FF88B00030034C0B01CC2FFEEF800902010404C0248E1
:200A4000A00F01FC104491000048D944F6223BC00C506DFF28FADA00A00F7DCF03803C1FF0
:200A6000F684DA3034CF3C1B3C0E10AF3BA000004B08110234F1C21F370F68F03BA00000CF
:200A80004B081182DF08F3FF3C0910AF09F03FF88B00030034C0B01CC2FFEEF800906D0071
:200AA0000C006D0061146D0035196D004D1282046D00130000904DC0E2FF370FE1F78B0F85
:200AC00020F23C010D00400300003C013C018B0F00223C010090F6430D000003009091000A
:200AE00000F6D9FF8864A814910000F6D9FFB4D054FF910000F6D9FF886409F0C808420FE5
:200B0000C2EF7F4F1400910000F6D9FF886491000026D922B4D0542F91000026D9228864A0
:200B20000920C808420FC2EFACF13BE00F40BBF0EE5B6D002700910000F6D9FF886409FFD8
:200B4000C0086E0C3BD00A40910000F6D9FF886409F5C2086D0016003C0B3BB00040910065
:200B600000F6D9FF886409F5C2086D000B003BE00F40BBD0EA5D6D00050082023C0100907C
:200B8000025F91000046D944B0548F8F3F506D001B1A91000046D944B0543B000F40370FE5
:200BA00068506D00111A009020083BC0004049A4000A82656D00B901910000F6D9FFBCD002
:200BC0000CA18F8F20F014A0A60FB4FF910000F6D9FF80E00CA38F8F20000CA2A6F0B4F08A
:200BE000910000F6D9FF84E00CA58F8F20000CA4A6F0B4F0009020083B20014049A4000A0E
:200C000082656D009201910000F6D9FF88E00CA18F8F20F014A0A60FB4FF910000F6D9FFD0
:200C20008CE00CA38F8F20000CA2A6F0B4F0910000F6D9FF90E00CA58F8F20000CA4A6F06F
:200C4000B4F00090201082083B4001406D00BA0F8270B4A0DA0CACA23B3019F0ACA48204F0
:200C60008205BB0068699B86096082076D009B1A3BD028408215821682376D001B138204B0
:200C80006D001F016D008E01DF021200820491000048D944E23491000058D955FD343B7053
:200CA0000E506DFF87F982181D0008013BC0074082056D008F0182146D00840F3B900540BE
:200CC00082056D0087013BE0054091000048D944E2323B0000526D00AB013B9005408215E1
:200CE0006D0078013B4001406D006C0F3B1002406D00E700DF121200820491000048D9440A
:200D0000E94491000058D955FD343B600F506DFF51F982181D00D2003BD007403BE0005068
:200D20006D0058013B0004403B700A506D0052013B2004403BB00A506D004C018220DA008F
:200D40003E0ADA01BE0582215F012000DA035F0F2A003C353B10044082056D003B01910054
:200D600000F6D9FF94E07B0068F474FF3C373B10044082156D002E01910000F6D9FF94E0DF
:200D80007B0060F474FF3C2A3B10044082256D002101910000F6D9FF94E07B0058F474FFD9
:200DA0003C1D3B10044082356D001401910000F6D9FF94E07B0050F474FF3C1082049100AA
:200DC0000048D944FE4491000058D955FD343BB011506DFFEFF882183C01DF1803803C6D8B
:200DE0008240DA003E0DDA01BE0ADA025F0F2700DA035F0F3300DA045F0F3F003C4C3B30FC
:200E0000044082456D00E600910000F6D9FF94E03BF026F19B3F38F46CF13C4C3B300440C5
:200E200082356D00D700910000F6D9FF94E03BF026F19B3F30F46CF13C3D3B300440822578
:200E40006D00C800910000F6D9FF94E03BF026F19B3F28F46CF13C2E3B30044082156D00D8
:200E6000B900910000F6D9FF94E03BF026F19B3F20F46CF13C1F3B30044082056D00AA00B1
:200E8000910000F6D9FF94E03BF026F19B3F18F46CF13C10820491000048D944E554910068
:200EA0000058D955FD343B7014506DFF83F882183C01DF1803803C0102823C01009020087E
:200EC0000248DA006E0A3BD028406D006911B0423B0000F2742F3C093BD028406D006011C4
:200EE000B0427B0000F2742F82048F08485149A4000A82266D00321FDA016E0A3BD0284017
:200F00006D004E11B0423B0000F2742F3C093BD028406D004511B0427B0000F2742F09A21B
:200F200041083C01009020080248404C0259DA006E0A3BD028406D003311B0423B0000F2AD
:200F4000742F3C093BD028406D002A11B0427B0000F2742F82048F08485149A4000A8B193B
:200F600000606D00FB1EDA016E0A3BD028406D001711B0423B0000F2742F3C093BD02840B6
:200F80006D000E11B0427B0000F2742FDA003C0610AF081034C0B01CC21FBF6FFBFF009077
:200FA000820982080280C21837087080DAFF7F0F048082193C0B82046DFF83FF022A82148E
:200FC0006D00000EDA245FAFEFFF02923C0100900B451088DA006E0A3BD028406D00E01031
:200FE000B0423B0000F2742F3C093BD028406D00D710B0427B0000F2742F8204028502967C
:201000006D009F1FDA016E0A3BD028406D00C810B0423B0000F2742F3C093BD028406D00B3
:20102000BF10B0427B0000F2742F00900248404F0259DA006E0A3BD028406D00B110B04236
:201040003B0000F2742F3C093BD028406D00A810B0427B0000F2742F8204028540F4029608
:201060006D00AC1FDA016E0A3BD028406D009810B0423B0000F2742F3C093BD028406D0076
:201080008F10B0427B0000F2742F0090910000F6D9FFB4E009FFC008532F20406DFFD5E851
:2010A000402C910000F6D9FFA8E014FFEE13DA006E093B201E406D007310B042DA04742F5C
:2010C0003C093B201E406D006B10B0427B4000F0742F82048205910000F6D9FFB4E009FFE2
:2010E000C008C2FF370F7060910000F6D9FFACE009FFC008C2FF370F70706D00CE038200EF
:201100003C0E532020F010CF91000026D9229CE0092FC008B4FFC21037007000910000F642
:20112000D9FFB4E009FFC0083FF0EDFFDA003C0D910000F6D9FFB4E009F4C00840C46D000C
:201140001408C21F370F70F0910000F6D9FFACE009F0C0083F0FEEFF910000F6D9FFA8E01E
:2011600014FFEE13DA016E093B201E406D001810B042DA04742F3C093B201E406D001010BD
:20118000B0427B4000F0742F40C46DFF44E10090201849A4000A6DFFFFF8DA01B4AF910089
:2011A00000F6D9FFB4E009FFC008ACA1910000F6D9FFACE009FFC008ACA2910000F6D9FF48
:2011C000A4E014FF82003E0682103E0982203E0C3C0CDA062CA6DA082CA73C07DA082CA647
:2011E000DA102CA73C023C01911000F8D9FFD2B1F803911000F8D9FF0C21F80449A4000A37
:201200006DFF8EF800900B451088026A910000F6D9FFB4E009FFC0080BF8304191000048E8
:20122000D944CD643B1020506DFF3DF6910000F6D9FFACE009FFC0080BF9304191000048FD
:20124000D944CD643B2020506DFF2DF6910000F6D9FFA8E014FFEE13DA006E093B201E40E1
:201260006D009E0FB042DA04742F3C093B201E406D00960FB0427B4000F0742F0B891048A5
:201280000B8910686D00090302A46D00DA06910000F6D9FFA8E014FFEE13DA016E093B202E
:2012A0001E406D007D0FB042DA04742F3C093B201E406D00750FB0427B4000F0742F0090A5
:2012C0002010DF045580910000F6D9FFA8E0DA0034FF910000F6D9FF80F03B101EF0B4FF57
:2012E000910000F6D9FFB8E03B401EF0B4FF910000F6D9FFBCE03B201EF0B4FFDAD3B4AF94
:20130000DAD9ACA23B3019F0ACA482248205BB0070689B3639603BE00C706D0044173B0044
:201320001E408215820682376D00C40F910000F6D9FF80F094F48215820682376D00BA0FD2
:20134000910000F6D9FFBCE094F48215821682376D00B00F910000F6D9FFB8E094F48215E0
:20136000821682376D00A60F1D008500910000F6D9FFA8E0DA0134FF910000F6D9FF80F094
:201380003B001EF0B4FF910000F6D9FFB8E03B401EF0B4FF910000F6D9FFBCE03B201EF0BA
:2013A000B4FF3B001E408215820682376D00820F910000F6D9FFB8E094F4821582068237B4
:2013C0006D00780F910000F6D9FFBCE094F48215821682376D006E0F3B301E4082158206DC
:2013E00082376D00670F3B501E408215820682376D00600F3B101E408215821682376D00B6
:20140000590F3B9016408215821682376D00520F3BA016408215821682376D004B0F3BB0C2
:2014200016408215821682376D00440F3BC016408215821682376D003D0F3B001A40821590
:20144000821682376D00360F3B101A408215821682376D002F0F3B201A40821582168237B4
:201460006D00280F3B301A408215821682376D00210F910000F6D9FFA0E014F46D00DC014D
:20148000910000F6D9FFB0E009F4C008910000F6D9FF9CE009F5C0086D00C301DA016E1469
:2014A000910000F6D9FFB8E094F46D00790EB0428210910000F6D9FFB8E094FF161F0FF077
:2014C000100074203C14910000F6D9FFB8E094F46D00660EB0427B100000910000F6D9FFDC
:2014E000B8E094FF161F0FF010007420DA006E14910000F6D9FF80F094F46D00510EB04278
:201500008210910000F6D9FF80F094FF161F0FF0100074203C14910000F6D9FF80F094F458
:201520006D003E0EB0427B100000910000F6D9FF80F094FF161F0FF01000742082546D00F8
:20154000410BDA016E14910000F6D9FF80F094F46D00260EB0428210910000F6D9FF80F097
:2015600094FF161F0FF0100074203C14910000F6D9FF80F094F46D00130EB0427B1000004E
:20158000910000F6D9FF80F094FF161F0FF0100074203B8007406D00150B910000F6D9FF23
:2015A000A8E014FFEE13DA006E093B201E406D00F70DB042DA04742F3C093B201E406D0036
:2015C000EF0DB0427B4000F0742F3B1001406D00D4063B8007406D00F50A3B6003406D0043
:2015E000CC06910000F6D9FFA0E014FF82003E0882103E0A82203E0D8230BE003C14820452
:201600006D0051063C103B000C406D004C063C0B3B0007406D0047063C063B000A406D00BD
:2016200042063C013BA003406D00A70682546D003A063B200B406D00A0063BC000406D0009
:2016400032063BC000406D002E0682046D002B063B3003406D0027063B3003406D002306C6
:201660003B700B406D0089063B5003406D001B063BB00B406D0081063B9002406D0013065F
:201680003B200C406D00790682146D000C063B300C406D0072063B9001406D0004063B4008
:2016A0000C406D006A063B0002406D00FC053B500C406D0062063BA001406D00F4053B604D
:2016C0000C406D005A063BF001406D00EC053B000D406D0052063B400A406D00E4053B1074
:2016E0000A406D00E0053B000E406D0046063B000D406D00D8053B8000406D00D4053BE0DE
:2017000000406D00D0053B9000406D00CC053B9000406D00C80582546D00C5053B1003401E
:201720006D00C1053B3003406D00BD053B8004406D00B9053B7001406D00B5053B400140A0
:201740006D00B1053B5001406D00AD053B1003406D00A9053B4003406D00A5053B100E4064
:201760006D000B063B000D406D009D053B8000406D0099053BE000406D0095053B900040E1
:201780006D0091053B9000406D008D053B5001406D0089053B1003406D0085053B30034042
:2017A0006D0081053B8004406D007D053B7001406D0079053B4001406D0075053B50014002
:2017C0006D0071053B1003406D006D053B4003406D0069053B1002406D00CF053B90024045
:2017E0006D00CB05910000F6D9FFA8E014FFEE13DA016E093B201E406D00D20CB042DA048B
:20180000742F3C093B201E406D00CA0CB0427B4000F0742F6DFF3CFC6DFFBCFC00909100BB
:2018200000F6D9FFB0E0B4F4910000F6D9FF9CE0B4F50090910000F6D9FFA0E034F4DA00AD
:201840003E48DA013E46DA02BE42DA03BE403C1D910000F6D9FFB4E0DAF0B4FF910000F69C
:20186000D9FFACE03B0014F0B4FF3C0F910000F6D9FFB4E03B0014F0B4FF910000F6D9FF83
:20188000ACE0DAF0B4FF3C010090910000F6D9FFA4E034F40090024F0B561088027A910080
:2018A00000F6D9FFB4E009F0C0080B0F304191000048D944CD643BA014506DFFF4F2910031
:2018C00000F6D9FFACE009F0C0080B08304191000048D944CD643BB014506DFFE4F2910020
:2018E00000F6D9FFB4E009F0C0080B09304191000048D944CD643BC014506DFFD4F29100F7
:2019000000F6D9FFACE009F0C0080B0A304191000048D944CD643BD014506DFFC4F23BA093
:2019200002406D002A0502F46D008B0302946D0088033BB002406D00200502846D00810314
:2019400002A46D007E033BC002406D001605009049AA00CA0B451088026A910000F6D9FF2E
:20196000B4E009F0C0080B08304191000048D944CD643BE025506DFF96F2910000F6D9FF84
:20198000ACE009F0C0080B09304191000048D944CD643BF025506DFF86F2910000F6D9FF6B
:2019A000A8E014FFEE13DA006E093B201E406D00F70BB042824074203C093B201E406D005F
:2019C000EF0BB0427B4000F0742F910000F6D9FFA4E014F0DA003E09DA015F0F4C00DA0254
:2019E0005F0FC2001D00C1009A58370F70609A79370F70700B8910486DFF4FFF82003C3103
:201A00008B0A1EF0536F20F0910000F8D9FF5E2210FF01F000F614F182023C206F01100015
:201A2000DA0603F20AF0532F20F010AF91000026D922B0E0092FC008B4FF3C0EDA0603F272
:201A40000AF0532F20F010AF91000026D9229CE0092FC008B4FF86F1C212BF82E1FFC2101C
:201A6000BF60D0FF49A4000A3B0003406D007D033C7B9A78370F70608BF900F0370F70709D
:201A80000B8910486DFF09FF82033C648B0A1E00530021F0910000F8D9FF46B210FF01F34E
:201AA00000F614F08B0A1E10530121F0910000F8D9FF46B210FF01F300F6088482013C2047
:201AC0006F001000DA0803F10A23532220F010AF91000026D922B0E00922C008B4F23C0E1B
:201AE000DA0803F10A23532220F010AF91000026D9229CE00922C008B4F286F0C211BF814F
:201B0000E1FF82003C246F041200DA0803F00A138B0104F0532F20F010AF91000026D92209
:201B2000B0E0092FC008B4FF3C10DA0803F00AF38B0F04F0532F20F010AF91000026D922B3
:201B40009CE0092FC008B4FF86F4C210BF80DDFFC213BF839DFF49A4000A3B0008406D0055
:201B600004033C023C01910000F6D9FFA8E014FFEE13DA016E093B201E406D00110BB04262
:201B8000DA04742F3C093B201E406D00090BB0427B4000F0742F009020180B4510880B67E3
:201BA00010A809AC5808910000F6D9FFB4E009F0C0080B08304191000048D944CD643BA01E
:201BC00032506DFF70F1910000F6D9FFACE009F0C0080B09304191000048D944CD643BB073
:201BE00032506DFF60F182000BB0304191000048D944CD643BC032506DFF55F1DA080BBFF6
:201C0000504191000048D944CD643BD032506DFF4AF1DA000BCF304191000048D944CD648C
:201C20003BE032506DFF3FF1DA060BCF504191000048D944CD643BF032506DFF34F17B0040
:201C4000F8D349A4000A82043B1001506DFFAEE549A4000A3B0002401ACB92256DFFA6E59A
:201C60003C067B0012F44BFD41D0C2FBFF1BFBFF4B0A31F14B0D31014B0F01024B0041F19C
:201C80006BDF714A49A4000A02C56DFF00F649A4000A0B8910486D001E0100900B45108838
:201CA000404C0B6710A809ACC00809ADC40809AE4808910000F6D9FFB4E009F0C0080B08A1
:201CC000304191000048D944CD643B2039506DFFEAF0910000F6D9FFACE009FFC0080BF983
:201CE000304191000048D944CD643B3039506DFFDAF0A00F01CF104491000048D944CD6428
:201D00003B4039506DFFCFF0532C20406DFF9DE2402D910000F6D9FFA8E014FFEE13DA0088
:201D20006E093B201E406D003B0AB042DA04742F3C093B201E406D00330AB0427B4000F009
:201D4000742F1AC8C2FF370F70601AD9C2FF370F70700B8910486DFFA0FD82083C3C73B82B
:201D60000AF04BDF110273A00AF010CF82023C2C73A20AF04BCF110201F000261420DF0EE0
:201D800015808FD03FF0161F8FBF20108FE03FF0163F865FA6F186D08FF001F1A6F153222B
:201DA00020F010D2B4213C0F7FE00880532220F010D2DA00B42F3C07532220F010D2BBF0B1
:201DC000FFFFB42FC2123FC2D5FF40D402C46D00CC01C2183FD8C5FF910000F6D9FFA8E0C9
:201DE00014FFEE13DA016E093B201E406D00D809B042DA04742F3C093B201E406D00D009BF
:201E0000B0427B4000F0742F40D46DFF04DB009020100B4510A80269027C910000F6D9FF13
:201E2000B4E009F0C0080B0A304191000048D944CD643B902D506DFF36F0910000F6D9FF67
:201E4000ACE009F0C0080B0B304191000048D944CD643BA02D506DFF26F082000BC03041EF
:201E600091000048D944CD643BB02D506DFF1BF0DA0A0BCF504191000048D944CD643BC0EB
:201E80002D506DFF10F0DA0149A4000A82043BC000506DFF8BE449A4000A3B0002408B1CC0
:201EA00000506DFF83E4FFAC0A803C0453AF20F0C2FCFF1CFDFF4BF9018249A4000A02944F
:201EC0006DFF81F549A4000A0BAB10486D00030000900B451088404C910000F6D9FFB4E0B4
:201EE00009FFC0080BF8304191000048D944CD643BB02B506DFFD7EF910000F6D9FFACE0F4
:201F000009FFC0080BF9304191000048D944CD643BC02B506DFFC7EF820A3C2C910000F642
:201F2000D9FFA4E014F0DA003E07DA01BE0282215F011D003C1C8260030A0AF8370F704028
:201F400001CA00F609F6000802956DFF03FD3C0FDA0803FA0AF8370F704001CA00F609F6D4
:201F6000000802956DFFF6FC3C023C01C21A370A70A001CA00F609FF0008EED1009020106C
:201F80000B4510A80269027C910000F6D9FFB4E009FFC0080BFA304191000048D944CD64F0
:201FA0003B0030506DFF7FEF910000F6D9FFACE009FFC0080BFB304191000048D944CD6433
:201FC0003B1030506DFF6FEFDA000BCF304191000048D944CD643B2030506DFF64EFDA0AA2
:201FE0000BCF504191000048D944CD643B3030506DFF59EFDA0149A4000A82043BC000500D
:202000006DFFD4E349A4000A3B00024002C56DFFCDE3FFAC0A803C0453AF20F0C2FCFF1CE6
:20202000FDFF4BF9118249A4000A02946DFF07F549A4000A0BAB10486DFF4DFF0090024841
:20204000910000F6D9FFA8E014FFEE07822402856D00D2161D008800DA006E093B201E4060
:202060006D009E08B042824074203C093B201E406D009608B0427B4000007420DA016E0969
:202080003B301E406D008C08B042DA08742F3C093B301E406D008408B0427B800000742077
:2020A000DA006E093B501E406D007A08B042DA20742F3C093B501E406D007208B0427B00E6
:2020C00002F0742F8F883F406D000A02DA016E093B501E406D006408B042DA20742F3C0974
:2020E0003B501E406D005C08B0427B0002F0742FDA006E093B501E406D005208B042DA2037
:20210000742F3C093B501E406D004A08B0427B0002F0742F8FF80F416D00E201DA016E09B4
:202120003B501E406D003C08B042DA20742F3C093B501E406D003408B0427B0002F0742F9D
:20214000DA016E093B201E406D002A08B042DA04742F3C093B201E406D002208B0427B4020
:2021600000F0742F0090404F024891000026D922A8E0142FEE08822440F402856D00751697
:202180001D009000DA006E093B201E406D000808B042DA04742F3C093B201E406D00000825
:2021A000B0427B4000F0742FDA016E093B301E406D00F607B042DA08742F3C093B301E40D5
:2021C0006D00EE07B0427B8000F0742F3C55DA006E093B501E406D00E307B042DA20742F6C
:2021E0003C093B501E406D00DB07B0427B0002F0742F09F4C00886846D007201DA016E095F
:202200003B501E406D00CC07B042DA20742F3C093B501E406D00C407B0427B0002F0742F9E
:20222000DA006E093B501E406D00BA07B042DA20742F3C093B501E406D00B207B0427B00E6
:2022400002F0742F09FFC0088FFF0F416D004801DA016E093B501E406D00A207B042DA2048
:20226000742F3C093B501E406D009A07B0427B0002F0742FB02F028FC2F8EEAADA016E0969
:202280003B201E406D008C07B042DA04742F3C093B201E406D008407B0427B4000F0742FDC
:2022A00000900248910000F6D9FFA8E014FFEE06822402856D0021163C5EDA006E093B203F
:2022C0001E406D006D07B042DA04742F3C093B201E406D006507B0427B4000F0742FDA015A
:2022E0006E093B301E406D005B07B042DA08742F3C093B301E406D005307B0427B8000F0A6
:20230000742FDA006E093B501E406D004907B042DA20742F3C093B501E406D004107B042BF
:202320007B0002F0742F02846D00DA00DA016E093B501E406D003407B042DA20742F3C0909
:202340003B501E406D002C07B0427B0002F0742FDA016E093B201E406D002207B042DA0481
:20236000742F3C093B201E406D001A07B0427B4000F0742F00900248910000F6D9FFA8E02D
:2023800014FFEE2BDA006E093B001E406D000807B042DA01742F3C093B001E406D000007E9
:2023A000B0427B1000F0742F822402856D00A515DA016E093B001E406D00F206B042DA019C
:2023C000742F3C093B001E406D00EA06B0427B1000F0742F1D008300DA006E093B201E4065
:2023E0006D00DE06B042DA04742F3C093B201E406D00D606B0427B4000F0742FDA006E0941
:202400003B101E406D00CC06B042DA02742F3C093B101E406D00C406B0427B2000F0742F1E
:20242000DA016E093B301E406D00BA06B042DA08742F3C093B301E406D00B206B0427B80BD
:2024400000F0742FDA006E093B501E406D00A806B042DA20742F3C093B501E406D00A006C4
:20246000B0427B0002F0742F02846D003900DA016E093B501E406D009306B042DA20742F5E
:202480003C093B501E406D008B06B0427B0002F0742FDA016E093B201E406D008106B0421D
:2024A000DA04742F3C093B201E406D007906B0427B4000F0742FDA016E093B101E406D0009
:2024C0006F06B042DA02742F3C093B101E406D006706B0427B2000F0742F0090910000F815
:2024E000D9FF2841C8628F9420F0910000F8D9FF2841C86F54F0B7008404A60F742F9100D1
:2025000000F8D9FF2841C88286C4910000F8D9FF2841C88F54FFB70F04F0A6F474240090FE
:20252000911000FF8250530022F010F2530022F010FF39FF1F029604E92F1F02911000FF82
:20254000DA05534F20F010FF39FFC081370F61F18B0F20F23C016E1F910000F6D9FF8CF079
:20256000DA0034FF82546D004E03911000FF8250534020F010F2534020F010FF39FFC28176
:202580009604E92FC281910000F6D9FFA864DA0134FF3C2D910000F6D9FFAC64910000263E
:2025A000D922AC64142FC21F34FF910000F6D9FFAC6414FF911000F6D9FF107A14F03F0FEC
:2025C0001780910000F6D9FFAC64DA0034FF910000F6D9FF90F0DA0034FF910000F6D9FF9D
:2025E0008CF0DA0134FF82546D000D03009020080249820B911000F6D9FF147A14FFEE5B15
:20260000823491100048D94474B291100058D955604291100068D96642B26D00E300820AF7
:20262000DA007801DAA534AFDAF02CA102988F893FF02CA289A90308821449A4000A82450E
:202640006D00451991000046D94498546DFF00F0BF321580DA03780191000046D9449854B7
:2026600049A5000A49A6040A82046DFF28EF0CA18F8F20800CA2A6F83C0B82146D00A202B7
:2026800002A0C21A370A70A0DA803FF0DDFF5F980580DA803FFA0380821B82349110004838
:2026A000D94474B291100058D9556042A0066D0099003C0502946DFF14F2022B02B23C01FB
:2026C00000902008DA0034AF821449A4000A6D00DB1614A0DAA57E0791000046D944985402
:2026E0006DFF7AEE91000046D944985414A46DFF8BF0009082346DFF81B9910000F6D9FF3C
:20270000AC64DA0034FF910000F6D9FFA86414FF6E2E910000F6D9FFA864DA0034FF911069
:2027200000FF8250534020F010F2534020F010FF39FFC0819601E92FC08182046DFFFBA576
:202740004924240A911000F6D9FF107A825491000056D955B064827582063B0082756D00C8
:202760006E0234F282546D005C023C34911000F6D9FF107A14FFDF1F2B80910000F6D9FF9E
:20278000B06480FFB70F1CF07B00000DFE034DC0E1FF16073C01910000F6D9FFB06480F021
:2027A000B7000C0AB770030E7B000011E21FA2F03C06910000F6D9FFB06480F0911000FF30
:2027C000DA05530F22F010FF59F00C0282546D002802910000F6D9FF90F0DA0134FF009056
:2027E000910000F6D9FF98F034F47C6691100068D96690123C01910000F6D9FF9CF0F4F6EC
:202800007C4691100048D94490123C01910000F6D9FFA0F0F4F47C5691100058D95590129F
:202820003C01910000F6D9FF94F0F4F50090910000F6D9FFACF034F47C4691100048D94414
:2028400090123C01910000F6D9FFA8F0F4F4009000908200532020F0104F095141080C5235
:202860008F8F20F0A6F1B70195F5B4FFC210532020F0104F0C528FDF3F100C53865FA6F1F4
:20288000B70195F5B4FFC210532020F0104F0C538FAF3F100C54862FA6F10C558FAF20F048
:2028A000A6F1B70195F5B4FFC210532020F0104F0C558FFF3F100C56867FA6F1B70195F55A
:2028C000B4FFC210532020F0104F0C568FCF3F100C57864FA6F1B70195F5B4FFC210532079
:2028E00020F0104F0C578F9F3F000C58861FA6F00C598F9F20F0A6F0B70095F5B4FF095F65
:2029000057085E33DA013C02DA002C4C911000F6D9FF187ADA012CFD00906D0057003B8048
:20292000BBF07F2F0880910000F6D9FFB4F0DA0034FF910000F6D9FFB4F014FF910000F609
:20294000D9FFB8F010FF82246D00B11534F2910000F6D9FFB4F091000026D922B4F0142F4D
:20296000C21F34FF910000F6D9FFB4F014F0DA19FE09910000F6D9FFB8F014F0DA0FFE024E
:20298000910000F6D9FFB8F009FF5808EE0B91100046D944187A91000056D955B8F06DFF10
:2029A0005AFF009082243B50C35006553BE000603BA000706D00BA15824491100048D944C1
:2029C0009A426DFF36FF00904DC0E1FF16073C01370F48406DFF69BBBC216DFFECB491309B
:2029E00000FF39FF3506160F4B0F41F14BF251F03C013C014B0F71814DC0E1FF16073C0129
:202A0000370F48406DFF51BB4C243C01910000F6D9FFB0F054F05204910000F6D9FFB0F02B
:202A200074FF8205BB0024649BF6006082076DFF29920B231048820702866DFF73923C0173
:202A400000900D00000282046DFF47F09100004F82046DFF0CBB910000F6D9FFD400DA0008
:202A600034FF0D00400200800D00000282046DFF34F0C5F4004082046DFFF9BA910000F60A
:202A8000D9FFD800DA0034FF0D004002008002484DC0E1FF16073C01370F48404DC0E20F4D
:202AA0003700E1078B0020F23C013C01EE0D6DFFFCBA092010093C013C014C243C01A20FA9
:202AC0003F8FFDFF3C3A82FF5F4F3700DA003E44DA01BE4A3C32910000F6D9FFD400DA0195
:202AE00034FF6DFFEAEF85FF100042F8A5F8300002246DFFF2EF3C01910000F6D9FFD400E0
:202B000014FFEEFB3C1A910000F6D9FFD800DA0134FF6DFFD2EF85FF1040428FA5FF304038
:202B200002246DFFDAEF3C01910000F6D9FFD80014FFEEFB3C023C01009020104DC0E2FFA1
:202B4000370FE1F78B0F20823C010D00400300003C013C01820034A0DA002CA2DA1F2CA34E
:202B6000DA002CA1DA017801DADCACA4DA002CAA9100004F49A5000A6DFFC2BA9100004F04
:202B800082046DFF74BADA0034AFDA002CA2DA1F2CA3DA002CA1DA017801DADDACA4DA010B
:202BA0002CAAC5F4004049A5000A6DFFA9BAC5F4004082046DFF5BBA76830D0000030090E6
:202BC000024FBB00C4097FF017803C0A3B0080429BB4E64E6DFF5DFFBB00C409A20FBB0094
:202BE000C4093FF0F5FF3B50C3400654E2F46DFF50FF3C073B50C3400654E2F46DFF49FFB7
:202C00000090911000FF534420F010F2534420F010FF39FFC2819602E92FC2810090911086
:202C200000FF534420F010F2534420F010FF39FFC2819601E92FC281009020500248404CF3
:202C4000405D0279025402656D008E0149A40C0A9110005F6DFF96A049A4100A49A50C0AF3
:202C60006DFFF7A049A4140A49A5100A6DFFD7A0DA084BF911028B01004291000048D9445E
:202C8000F7643B8005506DFF0EE9821C4BC911A23B0000047FA01D803C1A4BC91102020A7D
:202CA0003B0000F43FAF06804BC91102F6123C10C21C370C68C0BFBC0B8082049100004848
:202CC000D944F7643B9006506DFFEDE83CE7DF1C0C80DA0089AF3E08DA0089AF3208DA00F2
:202CE00089AF22093C30DA0C89AF3E08DA0189AF3208910000F7D9FF000049FF200A80FF03
:202D0000B70F1C007B0000FDFE054DC0E1FF16073C01910000F7D9FF000049FF200A80F0CD
:202D2000B7000C0AB770030E7B000011E21FA2F03C08910000F7D9FF000049FF200A80F0E9
:202D400089A02209DA0089AF3108DA0089AF3308DA0289AF360880CFB70F1C007B0000FD8C
:202D60007E0F4DC0E1FF16073C0180C0B7000C0AB770030E7B000011E21FA2F03C0280C09D
:202D800089A01A09DA0089AF3A08DA0189AF3F08DA0089AF3B0889A81808DA0089AF370842
:202DA000DA0189AF0418DA3C89AF8818DA0089AF0A1880DFB70F1C007B0000FD7E0F4DC06F
:202DC000E1FF16073C0180D0B7000C0AB770030E7B000011E21FA2F03C0280D089A01E0967
:202DE00089AAAE0849A4000A49A5140A6DFFCC9FBF2C8F8082081D008A00738A0AF010DFFF
:202E000080F0B7001C007B0000FDFE034DC0E1FF8F7F00013C01738A0AF010DF80FFB70F92
:202E20000CFAB77F03FE7B000011E210A20F3C05738A0AF010DF80FF89AF1E099AFC5F8F9D
:202E40002680910000F7D9FF000080FFB70F1C007B0000FDFE034DC0E1FF16073C019100BA
:202E600000F7D9FF000080F0B7000C0AB770030E7B000011E21FA2F03C06910000F7D9FF4D
:202E8000000080F089A022093C319A18530F22F0910000F7D9FF000010FF80FFB70F1C000B
:202EA0007B0000FDFE084DC0E1FF8F7F00013C019A18530F22F0910000F7D9FF000010FFC6
:202EC00080FFB70F0CFAB77F03FE7B000011E210A20F3C0A9A18530F22F0910000F7D9FF75
:202EE000000010FF80FF89AF220989AAAE08530822F0910000F7D9FF000010F449A5140A1B
:202F00006DFFA49FC218370868803FC878FF910000F7D9FF000049FF005AD4F209FF0408A7
:202F2000BC21534F20F060FF9140003F30F3D93F40483C013C01B03F14FF960234FF02C2C5
:202F40003C010090DA003C0C534F2000600F9140003F30F3D93FD438820074F0C21FBF4F25
:202F6000F57F009020080B4510A84DC0E20F3700E1078B0020E23C010D00400300003C01A9
:202F80003C0102A46D008700402F3B000150C82408C46DFFEBA1084409F550086DFF64B687
:202FA000084F74AFDA034BFA01C2DA034BFA0182DA003EB6DA013EBBDA02BEB03C1654A4D7
:202FC0006DFF50B554A46DFFF1B53C1854A46DFF9DB554A46DFF70B53C1154A46DFF96B5E7
:202FE00054A46DFFE3B53C0A820491000048D944DE743B500A506DFF56E754A46DFFFEB51C
:2030000054A402C56DFF04B58216028454A56DFF55B602846DFFA2B5821502846DFF88B62E
:20302000DA044BF80102534120F060FF9140003F30F3D93FD438DA034BFA0102DA044BF0D4
:203040000102DA003E18DA013E19DA023E1ADA033E1B3C0D8200DA283C0A8200DA293C07C6
:203060008230DA053C048200DA2B3C0114F137F108F034FF081F370F82F12CF1083F960287
:203080002CF3081F96042CF102EF6E030D0000030090DA015F4F2D00DA045F4F2F00DA06E0
:2030A0005F4F3100DA075F4F3300DA085F4F3500DA095F4F3700DA0A5F4F3900DA0B5F4F84
:2030C0003B00DA0C5F4F3D00DA0D5F4F3F00DA0F5F4F4100DA125F4F4300DA135F4F45007B
:2030E000DA155F4F4700DA165F4F49003C4C91000028D922A4013C5191000028D922B8012A
:203100003C4C91000028D92294413C4791000028D92288213C4291000028D92298313C3D4A
:2031200091000028D92280413C3891000028D922AC313C3391000028D9229C213C2E91003A
:203140000028D922B4113C2991000028D922A8413C2491000028D92284313C1F91000028A8
:20316000D922A0113C1A91000028D922BC413C1591000028D922B0213C1091000028D922C6
:203180008C113C0B820491000048D944DE743B5004506DFF88E6A0023C010090BB00FEFF9D
:2031A00026F4DA005F4F3200DA405F4F34003B0014F05F4F35003B0016F05F4F36003B00BD
:2031C0001AF05F4F37003B001CF05F4F38003B001EF05F4F39003B0028F05F4F3A003B002D
:2031E0002AF05F4F3B003B002CF05F4F3C003B002EF05F4F3D003B0040F05F4F3E003B00B5
:2032000042F05F4F3F003C429140002FD922000A3C3E9140002FD922008A3C399140002F98
:20322000D922000B3C349140002FD922004B3C2F9140002FD92200CB3C2A9140002FD92240
:20324000400B3C259140002FD922404B3C209140002FD922000C3C1B9140002FD922004C3B
:203260003C169140002FD922008C3C119140002FD92200CC3C0C9140002FD922008D3C074E
:203280009140002FD92200CD3C023C013C010090024F02F46DFF84FF161F09202409570006
:2032A00061FF6E0382123C0282023C013C0100900B451088026AF69DDA003E74DA023E74DC
:2032C0003C05DA003C05DA083C03DA103C013C08DA043E723C03DAC03C03DA803C01028443
:2032E0006DFF5EFF8FF80141402402F56DFF3EA002846DFF55FF8FF80141820540246DFF31
:2033000067A0DF19198076AC02846DFF49FF8FF801F182100FF01000892004093C0C02841B
:203320006DFF3EFF8FF801F17B1000000FF01000892004090090024F765B02F46DFF30FFD8
:20334000161F82100FF01000892004093C0B02F46DFF26FF161F7B1000000FF0100089209B
:2033600004090090910000F8D9FF20D0D4F46DFF5D94910000F8D9FF20D0C8246DFF5694A7
:20338000009020880249025A4DC0E2FF370FE1F78B0F20B23C010D00400300003C013C01CF
:2033A000DA024BF901426DFF6C94402F49A4240A40F56DFF92976DFF16B002246DFF81C1E4
:2033C0000B2310C882083C1C820702A60BCD10486DFF588D0B231048BB0024649BF6006099
:2033E00082076DFF9F8DBBF0FFFF7FF203803C0B8FFD1F1077CD800F0B0110C8C218DA1092
:203400003FF8E4FFDA103FF80280DA003E98DA013E9DDA02BE92DA03BE973C1DDA0089AFC0
:203420002418DA1E89AFA2183C16DA0089AF2A18DA1F89AFA8183C0FDA0089AF2418DA203C
:2034400089AFA2183C08DA0189AF2A18DA2189AFA8183C01DA024BF90102DF011780DA003D
:2034600089AF0018DA0789AF2018DA0189AF211889A228090BCD10486DFF51C189A22409FD
:20348000DA0089AF0C183C15DA0189AF0018DA0989AF2618DA0289AF271889A230090BCD92
:2034A00010486DFF3CC189A22C09DA0089AF1418DA0089AF9A18DA0089AF9C18DA0089AF11
:2034C000012849A4000A49A5240A6DFF419502BF6E030D0000034D00D0FF16015E19DA01A7
:2034E00082103700010E37F0040C89F0283949A4000A6DFF0C970090DAAB3F4F0D00DA0053
:203500003FF40A005AF4910000F8D9FFE85190FFD4FFDC0F1D00F20391000028D9225C0017
:203520001D00F60391000028D92238E01D00F00391000028D92248001D00EA0391000028DA
:20354000D92234F01D00E40391000028D92220F01D00DE0391000028D9220CF01D00D803DE
:2035600091000028D92244101D00D20391000028D92258101D00CC0391000028D9226C1019
:203580001D00C60391000028D92270001D00C00391000028D9227C201D00BA03910000285E
:2035A000D92268201D00B40391000028D92254201D00AE0391000028D92240201D00A803E2
:2035C00091000028D92278301D00A20391000028D9224C401D009C0391000028D92250309D
:2035E0001D00960391000028D92264301D00900391000028D92248501D008A03910000286E
:20360000D92274401D00840391000028D92260401D007E0391000028D92244601D00780375
:2036200091000028D92258601D00720391000028D9225C501D006C0391000028D92270502C
:203640001D00660391000028D92254701D00600391000028D92240701D005A039100002855
:20366000D9226C601D00540391000028D92268701D004E0391000028D9227C701D0048030D
:2036800091000028D9224C901D00420391000028D92278801D003C0391000028D922648098
:2036A0001D00360391000028D92250801D00300391000028D92260901D002A039100002839
:2036C000D9225CA01D00240391000028D92248A01D001E0391000028D92274901D001803E5
:2036E00091000028D92270A01D00120391000028D9226CB01D000C0391000028D92258B01C
:203700001D00060391000028D92244B01D00000391000028D92240C01D00FA029100002835
:20372000D92268C01D00F40291000028D92254C01D00EE0291000028D92248F01D00E8028B
:2037400091000028D9227CC01D00E20291000028D92274E01D00DC0291000028D9224CE095
:203760001D00D60291000028D92260E01D00D00291000028D92278D01D00CA0291000028D3
:20378000D92264D01D00C40291000028D92250D01D00BE0291000028D92270F01D00B8027B
:2037A00091000028D92284001D00B20291000028D92298001D00AC0291000028D9225CF0E9
:2037C0001D00A60291000028D922A4201D00A00291000028D922BC101D009A0291000028FB
:2037E000D92290201D00940291000028D922A8101D008E0291000028D92294101D00880253
:2038000091000028D92280101D00820291000028D922AC001D007C0291000028D922A03044
:203820001D00760291000028D922B4301D00700291000028D922B8201D006A0291000028FE
:20384000D9228C301D00640291000028D92284501D005E0291000028D922B0401D0058020E
:2038600091000028D9229C401D00520291000028D92288401D004C0291000028D9228060CC
:203880001D00460291000028D92294601D00400291000028D92298501D003A02910000280E
:2038A000D922AC501D00340291000028D92290701D002E0291000028D922BC601D002802A6
:2038C00091000028D922A8601D00220291000028D922A4701D001C0291000028D922B8700C
:2038E0001D00160291000028D92288901D00100291000028D922B4801D000A0291000028CE
:20390000D922A0801D00040291000028D9228C801D00FE0191000028D9229C901D00F80197
:2039200091000028D92298A01D00F20191000028D92280B01D00EC0191000028D922ACA09D
:203940001D00E60191000028D92284A01D00E00191000028D922B0901D00DA0191000028E8
:20396000D92294B01D00D40191000028D922A4C01D00CE0191000028D922B8C01D00C80100
:2039800091000028D922BCB01D00C20191000028D92290C01D00BC0191000028D922A8B03D
:2039A0001D00B60191000028D9228CD01D00B00191000028D92288E01D00AA0191000028B8
:2039C000D922B4D01D00A40191000028D922A0D01D009E0191000028D9229CE01D009801E0
:2039E00091000028D922ACF01D00920191000028D92298F01D008C0191000028D922B0E09D
:203A00001D00860191000028D92284F01D00800191000028D922E8001D007A01910000284F
:203A2000D922D4001D00740191000028D922C0001D006E0191000028D922E4101D006801F7
:203A400091000028D922D0101D00620191000028D922FC001D005C0191000028D922F8106C
:203A60001D00560191000028D922F4201D00500191000028D922E0201D004A0191000028C7
:203A8000D922CC201D00440191000028D922C4401D003E0191000028D922F0301D0038019F
:203AA00091000028D922C8301D00320191000028D922DC301D002C0191000028D922E85014
:203AC0001D00260191000028D922D4501D00200191000028D922C0501D001A0191000028D7
:203AE000D922EC401D00140191000028D922D8401D000E0191000028D922FC501D0008014F
:203B000091000028D922E0701D00020191000028D922CC701D00FC0091000028D922E46080
:203B20001D00F60091000028D922F8601D00F00091000028D922D0601D00EA0091000028B5
:203B4000D922F4701D00E40091000028D922D8901D00DE0091000028D922C4901D00D800F1
:203B600091000028D922C8801D00D20091000028D922DC801D00CC0091000028D922F0803D
:203B80001D00C60091000028D922EC901D00C00091000028D922E4B01D00BA00910000285D
:203BA000D922D0B01D00B40091000028D922E8A01D00AE0091000028D922FCA01D00A8009D
:203BC00091000028D922C0A01D00A20091000028D922D4A01D009C0091000028D922DCD0D1
:203BE0001D00960091000028D922F4C01D00900091000028D922C8D01D008A009100002851
:203C0000D922CCC01D00840091000028D922E0C03C7E91000028D922F8B03C7991000028A4
:203C2000D922ECE03C7491000028D922C4E03C6F91000028D922D8E03C6A91000028D92244
:203C4000F0D03C6591000028D922C0F03C6091000028D922FCF03C5B91000028D922E8F040
:203C60003C5691000028D922D4F03C5191000028D9220C113C4C91000028D92238013C47E4
:203C800091000028D92210013C4291000028D92224013C3D91000028D92208213C389100AD
:203CA0000028D92234113C3391000028D92220113C2E91000028D9221C213C2991000028CF
:203CC000D92218313C2491000028D92204313C1F91000028D92230213C1A91000028D922ED
:203CE0002C313C1591000028D92214413C1091000028D92200413C0B820491000048D94409
:203D0000C6843B3010506DFFCEE0A0023C01009020389100014F6DFF9F98910001FF19FF80
:203D200000C0AE1F9100014F8204BB0068599B85B9546DFF849A9100014F82246DFF649A6B
:203D400049A4000A9100015F6DFF089A82083C1982093C13370868F02CA4370948F02CA504
:203D600049A4240A49A5000A6DFF579949A4240A82146DFF359AC219DA083FF9ED7FC218AD
:203D8000BF48E87F00902038024F0B5610883B0071020B90504191000048D944C6843B80AE
:203DA00015506DFF80E002F46DFFA8FB402F14FF82003E0882103E0782203E0682303E05D1
:203DC0003C053C043C033C023C019100014F6DFF43989100012F192F00C0AE1F9100014F09
:203DE0008204BB0068599B85B9546DFF289A9100014F82246DFF089A49A4000A9100015FE9
:203E00006DFFAC9914FF2CA409FF01082CA5BB0068F99B8FB9F44B0861014B0F51F04B0F8F
:203E200071F17802F807DA0189AF120814FF82003E0A8210BE0882205F0F260082305F0FEF
:203E400033003C418205029409A6080982076DFF1988FB0071620B2310486DFF638889A269
:203E60000C093C318205029409A6080982076DFF0988FB0071620B2310486DFF538889A297
:203E80000C093C218205029409A6080982076DFFF987FB0071620B2310486DFF438889A2A8
:203EA0000C093C118205029409A6080982076DFFE987FB0071620B2310486DFF338889A2B8
:203EC0000C093C0149A4240A49A5000A6DFFA59849A4240A82146DFF6F990090024F025874
:203EE0003B0071020B80504191000048D944C6843B7013506DFFD7DF02F46DFFFFFA402FBE
:203F000014FF3B008000E20F60F29110013F3023D934000D09F401086DFF0E9814FF820095
:203F20003E0A8210BE0682205F0F220082305F0F2D003C3982050284820702266DFFA2879C
:203F4000FB0071620B2310486DFFEC8702283C2B82050284820702266DFF9487FB0071628A
:203F60000B2310486DFFDE8702283C1D82050284820702266DFF8687FB0071620B231048DC
:203F80006DFFD08702283C0F82050284820702266DFF7887FB0071620B2310486DFFC287B7
:203FA00002283C0114FF3B008000E20F60F29110013F3023D934000D09F4010802856DFF42
:203FC000DD970090404F0B45108840F46D004B00088F861F370F684040F46D000E0040F46D
:203FE00002846D000A0040F402946D00060040F46D0062000090404F02483B0008903C26E6
:20400000481F370F50400F9880506DFF96F986F909F00A093C01020FC2F0EEFEC8428210DE
:2040200054FF161F0FF010008920040909F00A093C01020FC2F0EEFEC8427B10000054FF53
:20404000161F0FF0100089200409DF09DBFF40F46D006000DF12048082023C0282123C019B
:204060000090CC448210544F161F0FF010006810CC4582104C41161F0FF010006810094F6B
:204080000A093C02C2FFEEFFCC457B1000004C41161F0FF010006810094F0A093C02C2FFD2
:2040A000EEFFCC447B100000544F161F0FF0100068100090CC457B1000004C41161F0FF02C
:2040C00010006810CC447B100000544F161F0FF010006810094F0A093C02C2FFEEFFCC44F7
:2040E0008210544F161F0FF010006810094F0A093C02C2FFEEFFCC4582104C41161F0FF014
:2041000010006810094F0A093C02C2FFEEFF0090404F8208C8427B10000054FF161F0FF0FB
:20412000100089200409C8528210481F161F0FF010008920040909FF0A093C02C2FFEEFFA5
:20414000C842821054FF161F0FF010008920040909FF0A093C02C2FFEEFF481F370F504032
:204160006DFF98F876228218C8427B10000054FF161F0FF010008920040909FF0A093C02D6
:20418000C2FFEEFF02823C010090094F4218370FE3013C04094F10293C01020FC2F0EEFB8A
:2041A000009049AA20BA0B4510880B6710A809ACA04809ADA44809AEA848DA644BFB010223
:2041C0000B08004191000048D944ED843BA03D506DFF69DEDA644BFC01020B08004191009C
:2041E0000048D944ED843BB03D506DFF5CDEDA644BFD01020B08004191000048D944ED8487
:204200003BC03D506DFF4FDE3B3019F03EEEDA644BFE01020B08004191000048D944ED8498
:204220003BF03D506DFF3FDE911000F6D9FF387AB4FE370848406DFF169B402CB4AE49A4CB
:20424000103A49A5283A0B8B10480BCD10686D00900149A4040A40C56DFF469FDA002CA48D
:20426000BB00C2FB9BEFC3F47805DA002CAC49AF103AF80949A4300A49A5040A6DFF0E9DD9
:2042800049A4303A49A5300A6DFFEA9C4B0A61F1783DDA003E99DA01BE93DA02BE9EDA035F
:2042A0005F9F27003C3109AF7838B70F81F189AF383809AF7838961089AF38383C2509AF55
:2042C0007838B70F81F189AF383809AF7838B70F01F289AF38383C1809AF7838960889AFF3
:2042E000383809AF7838961089AF38383C0D09AF7838960889AF383809AF7838B70F01F280
:2043000089AF38383C0109AF7838962089AF383809A0F838DA0837F006F389AFB83809AF37
:204320007938B70F01F289AF393809A2E83989A2CC493B3019F07EE609AF7838960489AF4C
:20434000383849A43C1A49A5303A6DFF979B3B3019F05FEF2D80D83CD4FFC8AF09FF510886
:20436000B70F01F389FF110882048205820640C46DFFC29A911000F6D9FF387A3B3019F0EC
:20438000B4FFDA003E88DA013E89DA023E8ADA033E8B3C0D3B2001E03C0A3B8007E03C072E
:2043A0003BE00DE03C043B4014E03C01DA0509C0560837F003F289CF1608534820F0911025
:2043C00000F6D9FF287A10FF4CC674FF534820F0911000F6D9FF287A10FF534820F09110C2
:2043E0000026D922287A1022092FC208B77F85F3ACF1534820F0911000F6D9FF287A10FFB0
:20440000534820F091100026D922287A1022142FB71F03F234FF534820F0911000F6D9FF00
:20442000287A10FF534820F091100026D922287A1022142FB71F83F034FF534820F091107F
:2044400000F6D9FF287A10F2534820F0911000F6D9FF287A10FF081FB71F03F12C21534846
:2044600020F0911000F6D9FF287A10FF534820F091100026D922287A1022092FC008B71FF5
:2044800083F3B4FF534820F0911000F6D9FF287A10F2534820F0911000F6D9FF287A10FF6A
:2044A000082F96202C22534820F0911000F6D9FF287A10F2534820F0911000F6D9FF287A47
:2044C00010FF082FB70F81F12C22534820F0911000F6D9FF287A10F2534820F0911000F610
:2044E000D9FF287A10FF082FB70F01F32C22534820F0911000F6D9FF287A10F2534820F08B
:20450000911000F6D9FF287A10FF082FB71F03F02C22534820F0911000F6D9FF287A10F26F
:20452000534820F0911000F6D9FF287A10FF081FB71F83F22C21534820F0911000F6D9FFD7
:20454000287A10F2534820F0911000F6D9FF287A10FF0830DA664BFE0122DA064BF30122C7
:204560009AD2370F68F037F004F22C2300900B67108894AF404F405C3B80000089F014086D
:204580003B00080028C03B0008002840820089F01508820089C005083B00080089C00408BD
:2045A00082005F400D0082105F40C20082205F408B0182305F4087021D00CF03F657910066
:2045C0000028D9220071F4F23C12DF15088091000028D9221071F4F23C0A820491000048D7
:2045E000D944ED843B1004506DFF5DDCDF68088091000028D9222061E8223C12DF780880AE
:2046000091000028D9223061E8223C0A820491000048D944ED843B5004506DFF44DC3BC0B2
:2046200000005F09088091000028D9221061E8423C0A820491000048D944ED843B800450F9
:204640006DFF31DC3B2001007E07910000F8D9FF2071F4CF3C6A3B8001007E07910000F8DB
:20466000D9FF0881F4CF3C613BE001007E07910000F8D9FF1C81F4CF3C583B4002007E0781
:20468000910000F8D9FF3081F4CF3C4F3BA002007E07910000F8D9FF0491F4CF3C463B00E2
:2046A00003007E07910000F8D9FF1891F4CF3C3D3B6003007E07910000F8D9FF2C91F4CF28
:2046C0003C343BC003007E07910000F8D9FF00A1F4CF3C2B3B2004007E07910000F8D9FF76
:2046E00014A1F4CF3C223B8004007E07910000F8D9FF28A1F4CF3C193B0006007E07910007
:2047000000F8D9FF3471F4CF3C103B3019007E04A00FF4CF3C0A820491000048D944ED846A
:204720003B6005506DFFBFDB1D0017033B6006005F05088091000028D9220CC1F4F23C1408
:204740003B7006005F05088091000028D9221CC1F4F23C0A820491000048D944ED843BE0F7
:2047600005506DFFA0DB3BC006005F08088091000028D9221CB1E8223C1E3BD006005F08B0
:20478000088091000028D9222CB1E8223C143BE006005F08088091000028D9223CB1E822EB
:2047A0003C0A820491000048D944ED843B3006506DFF79DB3B2007005F090880910000283A
:2047C000D9223CA1E8423C143B3007005F09088091000028D9220CB1E8423C0A820491002D
:2047E0000048D944ED843B7006506DFF5CDB3B8007007E07910000F8D9FF2CC1F4CF3C614A
:204800003BE007007E07910000F8D9FF00D1F4CF3C583B4008007E07910000F8D9FF14D11A
:20482000F4CF3C4F3BA008007E07910000F8D9FF28D1F4CF3C463B0009007E07910000F8D1
:20484000D9FF3CD1F4CF3C3D3B6009007E07910000F8D9FF10E1F4CF3C343BC009007E0700
:20486000910000F8D9FF24E1F4CF3C2B3B200A007E07910000F8D9FF38E1F4CF3C223B8068
:204880000A007E07910000F8D9FF0CF1F4CF3C193BE00A007E07910000F8D9FF20F1F4CF34
:2048A0003C103B3019007E04A00FF4CF3C0A820491000048D944ED843B4007506DFFF3DAF6
:2048C0001D004B023BC00C005F05088091000028D9227411F4F23C323BD00C005F050880EB
:2048E00091000028D9224421F4F23C283BE00C005F05088091000028D9225421F4F23C1ED9
:204900003BF00C005F05088091000028D9226421F4F23C143B000D005F0508809100002818
:20492000D9227421F4F23C0A820491000048D944ED843BE007506DFFB6DA3B200D005F0891
:20494000088091000028D9224411E8223C1E3B300D005F08088091000028D9225411E822D8
:204960003C143B400D005F08088091000028D9226411E8223C0A820491000048D944ED840A
:204980003B3008506DFF8FDA3B800D005F09088091000028D9227401E8423C323B900D002E
:2049A0005F09088091000028D92234F1E8423C283BA00D005F09088091000028D9224401CF
:2049C000E8423C1E3BB00D005F09088091000028D9225401E8423C143BC00D005F090880F0
:2049E00091000028D9226401E8423C0A820491000048D944ED843BA008506DFF54DA3BE059
:204A00000D007E07910000F8D9FF4431F4CF3C583B400E007E07910000F8D9FF5831F4CF1C
:204A20003C4F3BA00E007E07910000F8D9FF6C31F4CF3C463B000F007E07910000F8D9FF0A
:204A40004041F4CF3C3D3BC00F007E07910000F8D9FF5441F4CF3C343B2010007E07910060
:204A600000F8D9FF6841F4CF3C2B3B8010007E07910000F8D9FF7C41F4CF3C223BE01000D9
:204A80007E07910000F8D9FF5051F4CF3C193B4011007E07910000F8D9FF6451F4CF3C1041
:204AA0003B3019007E04A00FF4CF3C0A820491000048D944ED843B6009506DFFF4D91D0001
:204AC0004C013B2013005F05088091000028D9227881F4F23C323B3013005F050880910033
:204AE0000028D9225881F4F23C283B4013005F05088091000028D9226881F4F23C1E3B508E
:204B000013005F05088091000028D9224891F4F23C143B6013005F05088091000028D92285
:204B20005891F4F23C0A820491000048D944ED843B000A506DFFB7D93B8013005F08088025
:204B400091000028D9225871E8223C323B9013005F08088091000028D9226871E8223C2898
:204B60003BA013005F08088091000028D9227871E8223C1E3BB013005F08088091000028B1
:204B8000D9224871E8223C143BC013005F08088091000028D9224881E8223C0A8204910026
:204BA0000048D944ED843B700A506DFF7CD93BE013005F09088091000028D9227851E84294
:204BC0003C323BF013005F09088091000028D9225861E8423C283B0014005F09088091006E
:204BE0000028D9226861E8423C1E3B1014005F09088091000028D9227861E8423C143B2094
:204C000014005F09088091000028D9224861E8423C0A820491000048D944ED843BE00A5061
:204C20006DFF41D93B4014007E08910000F8D9FF6891F4CF1D0090003BA014007E08910009
:204C400000F8D9FF78A1F4CF1D0086003BB014007E07910000F8D9FF4CB1F4CF3C7C3B006D
:204C600015007E07910000F8D9FF60B1F4CF3C733B1015007E07910000F8D9FF74B1F4CF88
:204C80003C6A3B6015007E07910000F8D9FF48C1F4CF3C613BC015007E07910000F8D9FF79
:204CA0005CC1F4CF3C583B2016007E07910000F8D9FF70C1F4CF3C4F3B8016007E079100C3
:204CC00000F8D9FF44D1F4CF3C463BE016007E07910000F8D9FF58D1F4CF3C3D3BF01600ED
:204CE0007E07910000F8D9FF6CD1F4CF3C343B4017007E07910000F8D9FF40E1F4CF3C2B9B
:204D00003B6018007E07910000F8D9FF7C91F4CF3C223BC018007E07910000F8D9FF50A1E2
:204D2000F4CF3C193B2019007E07910000F8D9FF64A1F4CF3C103B3019007E04A00FF4CF75
:204D40003C0A820491000048D944ED843B000C506DFFA9D83C0100900B541088404C026AE0
:204D6000370948406DFF7F95402D40D46DFF0FFA534920F0911000F6D9FF287A10FF54F0E5
:204D800082013710010089D0201989D824193C0109D042183700E3F16EFC40D46DFFF7F9C3
:204DA000DF1A0F80534920F0911000F6D9FF287A10FF54FF8210370F01F089DF2019DA0008
:204DC00089DF24193C0109DF4218370FE3F16EFC09DF10293C0134CFB01CC2FADF0AE2FF78
:204DE0003C0109DF41186F3FFE7FBBF0FFFF89DF141900900B451088370848406DFF339559
:204E0000534820F0911000F6D9FF287A10FF54F082013710010089202019BB00F00F269066
:204E20008680892024193C01092F42181607EEFD534820F0911000F6D9FF287A10FF54FF91
:204E40008210370F01F0892F20198FF90FF1892F24193C01092F41186F3FFE7FBBF0FFFF79
:204E6000892F141900900248404C0259370848406DFFF994534820F0911000F6D9FF287A10
:204E800010FF54F08201371001008920201909C0C008BB00F01F26108680892024193C0158
:204EA000092F42181607EEFDDF190F80534820F0911000F6D9FF287A10FF54FF8210370FDB
:204EC00001F0892F201909CFC00816FFB02C892F24193C01092F42181607EEFDC2F9DF09F0
:204EE000D8FF3C01092F41186F3FFE7FBBF0FFFF892F14190090024F0258370F48406DFFDF
:204F0000B294534F20F0911000F6D9FF287A10FF54FF8210370F01F0892F2019892824197E
:204F20003C01092F42181607EEFD3C01092F41186F3FFE7FBBF0FFFF892F141900900B4533
:204F40001088026A370848406DFF8D94402C534820F0911000F6D9FF287A10FF54FF8200ED
:204F6000370F01F089CF201940C46DFF10F989C924193C0109CF42181607EEFD534820F03F
:204F8000911000F6D9FF287A10FF54FF8210370F01F089CF201989CA24193C0109CF421845
:204FA0001607EEFD3C0109CF41186F3FFE7FBBF0FFFF89CF141900900B541088404C026AA3
:204FC000370948406DFF4F94534920F0911000F6D9FF287A10FF54F0820137100100892036
:204FE0002019892824193C01092F42181607EEFDDF1A0F80534920F0911000F6D9FF287A6E
:2050000010FF54FF8210370F01F0892F201914CFB01C892F24193C01092F42181607EEFDF9
:20502000C2FADF0AE7FF3C01092F41186F3FFE7FBBF0FFFF892F14190090A002DA003E48CC
:20504000DA013E4BDA023E4EDA03BE413C1591100026D9223C7A3C1091100026D922289A0F
:205060003C0B91100026D92214BA3C0691100026D92200DA3C013C01009020200B4510A829
:205080000B7610884DC0E2FF370FE1F78B0F20C23C010D00400300003C013C01370A48409F
:2050A0006DFF638191100046D9442CEA40256DFF218502A46D00C50202A46D00540391102A
:2050C00000F6D9FF2CEADA0889FF2C08911000F6D9FF2CEADA04ACF4911000F6D9FF2CEAC6
:2050E0004B0B61F16CF1911000F6D9FF2CEADA072CFAA00FF4AFA00FF80449A4180A49A525
:20510000080A0BA9104802866D002800DA102CACDA8089AF1C08DA0089AF1D08911000F60E
:20512000D9FF2CEA49A2000AE8A202A46DFF87FF91100056D9552CEA40246DFFA1828205B5
:2051400002A46D00C901820502A46D00960302CF6E030D0000030090DA003E4CDA015F4F70
:205160004000DA025F4FC600DA035F4F27011D008901F658910000F8D9FF0C1080FF744F38
:205180003C1CDF150980910000F8D9FF1C1080FF744F3C13DF250980910000F8D9FF2C10F2
:2051A00080FF744F3C0ADF350980910000F8D9FF3C1080FF744F3C01F668910000F8D9FFDF
:2051C0002C0080FF745F3C0ADF160980910000F8D9FF3C0080FF745F3C011D005401DF45CB
:2051E0000980910000F8D9FF2C3080FF744F3C49DF550980910000F8D9FF3C3080FF744FD6
:205200003C40DF650980910000F8D9FF0C4080FF744F3C37DF750980910000F8D9FF1C4049
:2052200080FF744F3C2EDA087E58910000F8D9FF2C4080FF744F3C25DA097E58910000F858
:20524000D9FF3C4080FF744F3C1CDA0A7E58910000F8D9FF0C5080FF744F3C13DA0B7E589D
:20526000910000F8D9FF1C5080FF744F3C0ADA0C7E58910000F8D9FF2C5080FF744F3C01C1
:20528000DF460980910000F8D9FF0C2080FF745F3C2EDF560980910000F8D9FF1C2080FF3D
:2052A000745F3C25DF660980910000F8D9FF2C2080FF745F3C1CDF360980910000F8D9FF96
:2052C0003C2080FF745F3C13DF760980910000F8D9FF0C3080FF745F3C0ADF26098091009F
:2052E00000F8D9FF1C3080FF745F3C011D00CB00DA0D7E58910000F8D9FF0C7080FF744F3F
:205300003C2EDA0E7E58910000F8D9FF1C7080FF744F3C25DA0F7E58910000F8D9FF2C7019
:2053200080FF744F3C1CDA107E58910000F8D9FF3C7080FF744F3C13DA117E58910000F82B
:20534000D9FF0C8080FF744F3C0ADA127E58910000F8D9FF1C8080FF744F3C01DA0B7E6858
:20536000910000F8D9FF3C5080FF745F3C25DA097E68910000F8D9FF0C6080FF745F3C1C4D
:20538000DA0A7E68910000F8D9FF1C6080FF745F3C13DA0C7E68910000F8D9FF2C6080FF8D
:2053A000745F3C0ADA087E68910000F8D9FF3C6080FF745F3C013C66DA137E58910000F892
:2053C000D9FF2C9080FF744F3C37DA147E58910000F8D9FF3C9080FF744F3C2EDA157E5822
:2053E000910000F8D9FF0CA080FF744F3C25DA167E58910000F8D9FF1CA080FF744F3C1C80
:20540000DA177E58910000F8D9FF2CA080FF744F3C13DA187E58910000F8D9FF3CA080FF83
:20542000744F3C0ADA197E58910000F8D9FF0CB080FF744F3C01DA0E7E68910000F8D9FFCF
:205440002C8080FF745F3C1CDA0F7E68910000F8D9FF3C8080FF745F3C13DA0D7E6891000B
:2054600000F8D9FF0C9080FF745F3C0ADA107E68910000F8D9FF1C9080FF745F3C013C027E
:205480003C010090404F82086DFFD9FDD424094F5208161F3C016E07D424821440F56DFF24
:2054A000ED7F821802823C0100902008DA0034AF6DFFC5FD3C01D42F09FF5208161F3C016E
:2054C0006EFBD42449A5000A82146DFFD77F14A23C0100900258911000F6D9FF2CEAD4FFE6
:2054E000370448406DFF417F91100046D9442CEA40256DFFFF8240F46DFFA77F370868F0F4
:205500006E03DA013C02DA0009F0431837F001F289FF031876850C2196042C213C050C2199
:20552000B70F01F12C21009020200B4510A80B7610884DC0E2FF370FE1F78B0F20C23C01B0
:205540000D00400300003C013C01370A48406DFF0C7F91100046D9442CEA40256DFFCA828A
:2055600002A46D006E0002A46D00FD00911000F6D9FF2CEADA0889FF2C08911000F6D9FF08
:205580002CEADA04ACF4911000F6D9FF2CEA4B0B61F16CF1911000F6D9FF2CEADA072CFA61
:2055A000911000F6D9FF2CEADA0289FF1108911000F6D9FF2CEADA0089FF1408911000F64F
:2055C000D9FF2CEADA0789FF1508911000F6D9FF2CEADA0189FF1608A00FF4AFA00FF80454
:2055E00049A4180A49A5080A0BA9104802866DFFB5FDDA102CACDA8089AF1C08DA0089AF60
:205600001D08911000F6D9FF2CEA49A2000AE8A202A46DFF14FD91100056D9552CEA40249F
:205620006DFF2E80821502A46DFF56FF820502A46D00230102CF6E030D0000030090DA00D8
:205640003E4CDA015F4F2B00DA025F4F4900DA035F4F67001D008600911000F6D9FF2CEA1F
:2056600091100026D922009AE8C2911000F6D9FF2CEA91100026D922188AE8E2911000F6DA
:20568000D9FF2CEADA0189FFAE08911000F6D9FF2CEADA0189FFB4083C64911000F6D9FF50
:2056A0002CEA91100026D9222CAAE8C2911000F6D9FF2CEA91100026D92204AAE8E2911032
:2056C00000F6D9FF2CEADA0189FFAE08911000F6D9FF2CEADA0189FFB4083C43911000F613
:2056E000D9FF2CEA91100026D92218CAE8C2911000F6D9FF2CEA91100026D92230BAE8E273
:20570000911000F6D9FF2CEADA0189FFAE08911000F6D9FF2CEADA0189FFB4083C22911048
:2057200000F6D9FF2CEA91100026D92204EAE8C2911000F6D9FF2CEA91100026D9221CDAEE
:20574000E8E2911000F6D9FF2CEADA0189FFAE08911000F6D9FF2CEADA0189FFB4083C0100
:205760000090DA003E4BDA015F4F2600DA025F4F4000DA035F4F5A003C75911000F6D9FFB8
:205780002CEADA0B89FFA008911000F6D9FF2CEADA0A89FFA208911000F6D9FF2CEADA0CD8
:2057A00089FFA408911000F6D9FF2CEADA0089FF26083C61911000F6D9FF2CEADA0D89FF0F
:2057C000A008911000F6D9FF2CEADA0E89FFA208911000F6D9FF2CEADA0F89FFA40891103F
:2057E00000F6D9FF2CEADA0089FF26083C44911000F6D9FF2CEADA1089FFA008911000F67F
:20580000D9FF2CEADA1189FFA208911000F6D9FF2CEADA1289FFA408911000F6D9FF2CEA53
:20582000DA0089FF26083C27911000F6D9FF2CEADA1389FFA008911000F6D9FF2CEADA1460
:2058400089FFA208911000F6D9FF2CEADA1589FFA408911000F6D9FF2CEADA0089FF260859
:205860003C0A820491000048D944D4943BC006506DFF19D300900258911000F6D9FF2CEAE6
:20588000D4FF370448406DFF707D91100046D9442CEA40256DFF2E8140F46DFFE37D370840
:2058A00068F06E03DA013C02DA0009F0431837F081F389FF031876850C2196042C213C054A
:2058C0000C21B70F01F12C2100900248404F025F3C0714F502846D000600C2FFB01FEEFA0F
:2058E0000090200834A56DFFAAFB3C01D42F08EF161F3C01EEFCD42449A5000A82146DFF81
:20590000B37E00900248404F3C0909FF0008B01F370F685002846DFFE6FF09FF0008EEF600
:025920000090F5
:20592400000000000000000000000000000000000000000000000000000000000000000063
:20594400000000000000000000000000000000000000000000000000000000000000000043
:20596400000000000000000000000000000000000000000000000000000000000000000023
:20598400000000000000000000000000000000000000000000000000000000000000000003
:2059A4000000000000000000000000000000000000000000000000000000000000000000E3
:2059C4000000000000000000000000000000000000000000000000000000000000000000C3
:2059E4000000000000000000000000000000000000000000000000000000000000000000A3
:205A0400000000000000000000000000000000000000000000000000000000000000000082
:205A2400000000000000000000000000000000000000000000000000000000000000000062
:205A4400000000000000000000000000000000000000000000000000000000000000000042
:205A6400000000000000000000000000000000000000000000000000000000000000000022
:205A8400000000000000000000000000000000000000000000000000000000000000000002
:205AA4000000000000000000000000000000000000000000000000000000000000000000E2
:205AC4000000000000000000000000000000000000000000000000000000000000000000C2
:205AE40000000000000000000000000000000000000000000000000000A601600007010C87
:205B0400B013107001000207FA041070020103052607107003020407520910700403050700
:205B2400D40B1070050406030000107006050707F401107007060008C60E10705028018080
:205B440050280180502801805028018050280180000000000000000000000000000000005D
:205B64000000000000000000000000000000000000000000002D31010000000000000000C2
:205B840000000000000000000000000000004D440100000000000244010000000000000028
:205BA4000000000000002041000000000000000000006144000000000100000000000000DA
:205BC400010000000000000000000000000000000000000000000000010000000050C34765
:205BE400CDCCCC3DCDCCCC3DCDCCCC3DCDCCCC3DCDCCCC3DCDCCCC3D0050C347CDCCCC3DD9
:205C0400CDCCCC3DCDCCCC3DCDCCCC3DCDCCCC3DCDCCCC3D0050C347CDCCCC3DCDCCCC3DB8
:205C2400CDCCCC3DCDCCCC3DCDCCCC3DCDCCCC3D0050C347CDCCCC3DCDCCCC3DCDCCCC3D98
:205C4400CDCCCC3DCDCCCC3DCDCCCC3D0000C842CDCCCC3DCDCCCC3DCDCCCC3DCDCCCC3DC8
:205C6400CDCCCC3DCDCCCC3D0000C84200004A420000E0410000000000000000D400000051
:205C8400000040420F0040420F0000000000000000000000000000000000000000000000DE
:205CA4000D00000064000000000000001900000000000000000040410000000000000000D5
:205CC4000000000000000000000000000000000000000000000000000000000000000000C0
:205CE4000000000000000000000000000000000000000000000000000000000000000000A0
:205D040000000000000000000000000000000000000000000000000000000000000000007F
:205D240000000000000000000000000000000000000000000000000000000000000000005F
:205D440000000000000000000000000000000000000000000000000000000000000000003F
:205D640000000000000000000000000000000000000000000000000000000000000000001F
:205D84000000000000000000000000000000000000000000000000000000000000000000FF
:205DA4000000000000000000000000000000000000000000000000000000000000000000DF
:205DC4000000000000000000000000000000000000000000000000000000000000000000BF
:205DE40000000000000000000000000000000000000000000000000000000000000000009F
:205E040000000000000000000000000000000000000000000000000000000000000000007E
:205E240000000000000000000000000000000000000000000000000000000000000000005E
:205E440000000000000000000000000000000000000000000000000000000000000000003E
:205E640000000000000000000000000000000000000000000000000000000000000000001E
:205E84000000000000000000000000000000000000000000000000000000000000000000FE
:205EA4000000000000000000000000000000000000000000000000000000000000000000DE
:205EC4000000000000000000000000000000000000000000000000000000000000000000BE
:205EE40000000000000000000000000000000000000000000000000000000000000000009E
:205F040000000000000000000000000000000000000000000000000000000000000000007D
:205F240000000000000000000000000000000000000000000000000000000000000000005D
:205F440000000000000000000000000000000000000000000000000000000000000000003D
:205F640000000000000000000000000000000000000000000000000000000000000000001D
:205F84000000000000000000000000000000000000000000000000000000000000000000FD
:205FA4000000000000000000000000000000000000000000000000000000000000000000DD
:205FC4000000000000000000000000000000000000000000000000000000000000000000BD
:205FE40000000000000000000000000000000000000000000000000000000000000000009D
:2060040000000000000000000000000000000000000000000000000000000000000000007C
:2060240000000000000000000000000000000000000000000000000000000000000000005C
:2060440000000000000000000000000000000000000000000000000000000000000000003C
:2060640000000000000000000000000000000000000000000000000000000000000000001C
:206084000000000000000000000000000000000000000000000000000000000000000000FC
:2060A4000000000000000000000000000000000000000000000000000000000000000000DC
:2060C4000000000000000000000000000000000000000000000000000000000000000000BC
:2060E40000000000000000000000000000000000000000000000000000000000000000009C
:2061040000000000000000000000000000000000000000000000000000000000000000007B
:2061240000000000000000000000000000000000000000000000000000000000000000005B
:2061440000000000000000000000000000000000000000000000000000000000000000003B
:2061640000000000000000000000000000000000000000000000000000000000000000001B
:206184000000000000000000000000000000000000000000000000000000000000000000FB
:2061A4000000000000000000000000000000000000000000000000000000000000000000DB
:2061C4000000000000000000000000000000000000000000000000000000000000000000BB
:2061E40000000000000000000000000000000000000000000000000000000000000000009B
:2062040000000000000000000000000000000000000000000000000000000000000000007A
:2062240000000000000000000000000000000000000000000000000000000000000000005A
:2062440000000000000000000000000000000000000000000000000000000000000000003A
:2062640000000000000000000000000000000000000000000000000000000000000000001A
:206284000000000000000000000000000000000000000000000000000000000000000000FA
:2062A4000000000000000000000000000000000000000000000000000000000000000000DA
:2062C4000000000000000000000000000000000000000000000000000000000000000000BA
:2062E40000000000000000000000000000000000000000000000000000000000000000009A
:20630400000000000000000000000000000000000000000000000000000000000000000079
:206324000000000000000000000000000000280A0000000000000020000000000000000007
:20634400000000000000804533338341FFFF400100F8F000E401E201E10100000000000079
:20636400000100000000000000010000000200000000000000000000000000000000000015
:206384000000000000000000000000000000000000000000000000000000000000000000F9
:2063A40000000000000000000000000000000000000000000000000000000000005E00007B
:2063C4000000000000000000000000000000000000000000000000000000000000000000B9
:2063E400000000000000000000000000000000000000000000000000000000000000000099
:2064040000000000000000000000000000B9000000000000000000000000000000000000BF
:20642400000000000000000000000000000000000000000000000000000000000000000058
:20644400000000000000000000000000000000000000000000000000000000000000000038
:20646400000000000000000000000001000001000100010000000000000000000000000014
:11648400000000000000000000000000000000010105
:206498000100000000000060545B01801C010000010000001C01006024590180DC010000DD
:2064B80001000000F8020060705C01800E00000001000000080300607E5C01800200000045
:2064D800010000000C0300606463018001000000010000001003006065630180010000002D
:2064F800010000001403006066630180010000000100000018030060805C018002000000E6
:20651800010000001C030060825C0180140000000100000030030060005B018040000000C0
:206538000100000070030060676301800100000001000000740300606863018001000000FE
:2065580001000000780300606963018001000000010000007C030060965C018002000000A4
:206578000100000080030060985C01800200000001000000840300609A5C01800200000047
:2065980001000000880300606A63018001000000010000008C0300606B6301800100000068
:2065B80001000000900300606C6301800100000001000000940300606D6301800100000034
:2065D80001000000980300606E63018001000000010000009C0300609C5C018004000000D7
:2065F80001000000A00300606F6301800100000001000000A40300607063018001000000CE
:2066180001000000A8030060A05C01800400000001000000AC03006071630180A0000000D0
:20663800010000004C040060A45C01800C0000000100000058040060116401805000000001
:2066580001000000A8040060B05C01801400000001000000BC04006061640180010000000C
:2066780001000000C0040060C45C01800200000001000000C4040060C65C0180020000006C
:2066980001000000C8040060C85C01800200000001000000CC040060CA5C01800200000034
:2066B80001000000D0040060626401800100000001000000D40400606364018001000000C3
:2066D80001000000D8040060646401800100000001000000DC04006065640180010000008F
:2066F80001000000E0040060666401800100000001000000E404006067640180010000005B
:2067180001000000E8040060CC5C0180380200000100000020070060686401800300000059
:206738000100000024070060045F01807C02000001000000A00900606B64018003000000F6
:2067580001000000A4090060806101808E01000001000000340B00600E630180060000008A
:20677800010000003C0B0060146301800E000000010000004C0B0060226301800200000093
:2067980001000000500B0060246301800200000001000000540B006026630180020000004F
:2067B80001000000580B00602863018002000000010000005C0B00602A6301800C0000000D
:2067D80001000000680B00606E64018001000000010000006C0B00606F640180010000004C
:2067F80001000000700B0060706401800100000001000000740B006036630180060000004F
:20681800010000007C0B00603C6301800200000001000000800B00603E6301800200000046
:2068380001000000840B0060406301800200000001000000880B006042630180020000000E
:20685800010000008C0B0060446301800200000001000000900B00604663018002000000D6
:2068780001000000940B0060486301800A00000001000000A00B0060716401800100000067
:2068980001000000A40B0060726401800100000001000000A80B006073640180010000000B
:2068B80001000000AC0B0060526301800200000001000000B00B006054630180020000001A
:2068D80001000000B40B0060566301800200000001000000B80B00605863018002000000E2
:2068F80001000000BC0B00605A6301800200000001000000C00B00605C63018002000000AA
:2069180001000000C40B00605E6301800200000001000000C80B006074640180010000005D
:2069380001000000CC0B0060756401800100000001000000D00B0060766401800100000014
:2069580001000000D40B0060405B01800400000001000000D80B006077640180010000001E
:2069780001000000DC0B0060445B01801000000001000000EC0B00607864018001000000D1
:2069980001000000F00B0060606301800400000001000000F40B006079640180010000007C
:2069B80001000000F80B00607A6401801900000001000000140C00609364018001000000E9
:2069D80001000000180C00609464018001000000020000001C0C0060000000006D010000A8
:2069F800020000008C0D006000000000C63A00000200000054480060000000000200000084
:206A18000200000058480060000000006E00000002000000C848006000000000020000007A
:206A380002000000CC480060000000000200000002000000D048006000000000020000004A
:206A580002000000D4480060000000000200000002000000D84800600000000065000000B7
:206A78000200000040490060000000006900000002000000AC490060000000000100000052
:206A980002000000B0490060000000002158000002000000D4A10060000000000100000032
:206AB80002000000D8A10060000000002200000002000000FCA10060000000004100000081
:206AD8000200000040A2006000000000250000000200000068A20060000000004100000088
:206AF80002000000ACA20060000000002500000002000000D4A20060000000004100000090
:206B18000200000018A3006000000000250000000200000040A30060000000004100000095
:206B38000200000084A30060000000002500000002000000ACA3006000000000400000009E
:206B5800020000000000007000000000580100000100000000001070386C0180EC1B0000A5
:106B7800000000000000000000000000000000000D
:206C38008204820591000048D9441FE2ED80698F8204910000F6D9FF10C009FF0008530FAC
:206C580021F0370F705091000048D9443962ED80698F3C0100906D008C016D0055009100F5
:206C78000026D922FC50910000F6D9FF0CC009FF0008538F20F0910000F6D9FF30C010FF04
:206C9800C81FF42F910000F6D9FFFC50D4FF2D0F0000910000F6D9FF1CC0DA0074FF009000
:206CB8008204ED801A8C8204ED80458C3B6061438205ED800F8C8204ED8060893B602840B2
:206CD800820582168217ED8058993B702840820582168217ED8058993B201640820582168D
:206CF8008217ED8058993B301640820582168217ED8058993B902840820582168217ED8056
:206D18005899009082083B201640ED804899DF023780ED804688910000F6D9FF0CC09100C2
:206D38000026D9220CC0092F0008538F20F091000026D92230C01022092F000834FF910044
:206D580000F6D9FF1CC07B00F8F374FF3C11910000F6D9FF20C054FF3FF80A80910000F671
:206D7800D9FF20C0BB0035FC74FF3C08C2183B201640ED804899DF02EC7F3C09910000F6AF
:206D9800D9FF20C03B90D0F3066F74FF3B301640ED804899DF023780ED804688910000F644
:206DB800D9FF0CC091000026D9220CC0092F0008538F20F091000026D92230C01022092F5B
:206DD800000834FF910000F6D9FF1CC07B00F8FB74FF3C11910000F6D9FF24C054FF3FF82A
:206DF8000A80910000F6D9FF24C0BB0035FC74FF3C08C2183B301640ED804899DF02EC7FD6
:206E18003C09910000F6D9FF24C03B90D0F3066F74FF009020088204820591000048D944A1
:206E38002DE2ED80698F8204910000F6D9FF10C009FF0008530F21F0370F705091000048AF
:206E5800D9443962ED80698F910000F6D9FF10C009FF000882103E078220BE0982305F0F5E
:206E78002B003C3D910000F6D9FF041091000026D9221CC0542F7B00F80391000026D922AA
:206E9800041054216B0F61F174FF3C29910000F6D9FF2C1091000026D9221CC0542F7B0086
:206EB800F80391000026D9222C1054216B0F61F174FF3C15910000F6D9FF24109100002682
:206ED800D9221CC0542F7B00F80391000026D922241054216B0F61F174FF3C013B40014037
:206EF8003B00015091000048D94427D2ED80698FDA0234AF3B4006403B000150910000F607
:206F1800D9FF041054F68237ED80CC8D3B4001403B00025091000048D94417C2ED80698F27
:206F3800DA0234AF3B4006403B000250910000F6D9FF2C1054F68237ED80CC8D3B4001400C
:206F58003B00035091000048D9443DC2ED80698FDA0234AF3B4006403B000350910000F69C
:206F7800D9FF241054F68237ED80CC8D00903B602840ED804899DF022B80ED8046889100EB
:206F980000F6D9FF0CC091000026D9220CC0092F0008538F20F091000026D92230C01022BB
:206FB800092F000834FF910000F6D9FF10C091000026D92210C0092F0008C2FF34FF3C0124
:206FD8003B602840ED804899DF02FC7F3B702840ED804899DF022B80ED804688910000F63D
:206FF800D9FF0CC091000026D9220CC0092F0008538F20F091000026D92230C01022092F19
:20701800000834FF910000F6D9FF10C091000026D92210C0092F0008C21F34FF3C013B7030
:207038002840ED804899DF02FC7F3B902840ED804899DF021180ED804688910000F6D9FF99
:2070580014C0DA0134FF3C013B902840ED804899DF02FC7F910000F6D9FF10C009F00008EC
:20707800910000F6D9FF0CC009FF0008538F20F0910000F6D9FF30C010FF09FF03087F0FCC
:207098001D00910000F6D9FF0CC091000026D9220CC0092F0008538F20F091000026D9222E
:2070B80030C01022092F020834FF910000F6D9FF10C0DA0134FF3C31910000F6D9FF10C048
:2070D80009FF0008FF1F2A00910000F6D9FF0CC091000026D9220CC0092F0008538F20F065
:2070F80091000026D92230C01022092F010834FF910000F6D9FF10C091000026D9220CC083
:20711800092F0008538F20F091000026D92230C01022092F030834FF009020088204820516
:2071380091000048D94409F2ED80698F8204910000F6D9FF10C009FF0008530F21F0370F63
:20715800705091000048D9443962ED80698F910000F6D9FF10C009F00008DA013E0EDA022E
:207178005F0F2200DA035F0F3500DA045F0F4800DA055F0F5B003C6F910000F6D9FF14107D
:2071980091000026D9221CC0542FBBA0700D9B30C20391000026D922141054216B0F61F147
:2071B80074FF3C59910000F6D9FF3CB091000026D9221CC0542FBBA0700D9B30C20391005A
:2071D8000026D9223CB054216B0F61F174FF3C43910000F6D9FF181091000026D9221CC042
:2071F800542FBBA0700D9B30C20391000026D922181054216B0F61F174FF3C2D910000F60E
:20721800D9FF1C1091000026D9221CC0542FBBA0700D9B30C20391000026D9221C10542186
:207238006B0F61F174FF3C17910000F6D9FF38B091000026D9221CC0542FBBA0700D9B30A9
:20725800BA0391000026D92238B054216B0F61F174FF3C013B4001403B00015091000048AD
:20727800D9443FA2ED80698FDA0334AF3B4006403B000150910000F6D9FF141054F6822710
:20729800ED80CC8D3B4001403B00025091000048D94428B2ED80698FDA0334AF3B40064011
:2072B8003B000250910000F6D9FF3CB054F68227ED80CC8D3B4001403B0003509100004802
:2072D800D9441AA2ED80698FDA0334AF3B4006403B000350910000F6D9FF181054F68227CF
:2072F800ED80CC8D3B4001403B00045091000048D9443FB2ED80698FDA0334AF3B40064098
:207318003B000450910000F6D9FF1C1054F68227ED80CC8D3B4001403B000550910000485D
:20733800D9443692ED80698FDA0334AF3B4006403B000550910000F6D9FF38B054F68227A0
:20735800ED80CC8D009020088204820591000048D94417F2ED80698F8204910000F6D9FF41
:2073780010C009FF0008530F21F0370F705091000048D9443962ED80698F910000F6D9FF47
:2073980010C009F00008DA013E0EDA025F0F2200DA035F0F3500DA045F0F4800DA055F0F10
:2073B8005B003C6F910000F6D9FF340091000026D9221CC0542FBBA0700D9B30BA0391001A
:2073D8000026D922340054216B0F61F174FF3C59910000F6D9FF300091000026D9221CC0DA
:2073F800542FBBA0700D9B30BA0391000026D922300054216B0F61F174FF3C43910000F6F6
:20741800D9FF2C0091000026D9221CC0542FBBA0700D9B30BA0391000026D9222C0054218C
:207438006B0F61F174FF3C2D910000F6D9FF380091000026D9221CC0542FBBA0700D9B3041
:20745800BA0391000026D922380054216B0F61F174FF3C17910000F6D9FF28009100002628
:20747800D9221CC0542FBBA0700D9B30BA0391000026D922280054216B0F61F174FF3C016F
:207498003B4001403B00015091000048D94435A2ED80698FDA0434AF3B4006403B0001504C
:2074B800910000F6D9FF340054F68227ED80CC8D3B4001403B00025091000048D94419D23E
:2074D800ED80698FDA0434AF3B4006403B000250910000F6D9FF300054F68227ED80CC8DD8
:2074F8003B4001403B00035091000048D9441DB2ED80698FDA0434AF3B4006403B000350F0
:20751800910000F6D9FF2C0054F68227ED80CC8D3B4001403B00045091000048D94411A21B
:20753800ED80698FDA0434AF3B4006403B000450910000F6D9FF380054F68227ED80CC8D6D
:207558003B4001403B00055091000048D9443F92ED80698FDA0434AF3B4006403B00055089
:20757800910000F6D9FF280054F68227ED80CC8D00908204820591000048D94403E2ED80CE
:20759800698F8204910000F6D9FF10C009FF0008530F21F0370F705091000048D94439620C
:2075B800ED80698F910000F6D9FF10C009F00008DA033E0EDA045F0F2400DA055F0F3900FF
:2075D800DA065F0F4E00DA075F0F63003C79910000F6D9FF001091000026D9221CC0542F10
:2075F8007B00F80391000026D922001054214B0141116B0F61F14B0F31F174FF3C6191003F
:2076180000F6D9FF081091000026D9221CC0542F7B00F80391000026D922081054214B015A
:2076380041116B0F61F14B0F31F174FF3C49910000F6D9FF281091000026D9221CC0542FF8
:207658007B00F80391000026D922281054214B0141116B0F61F14B0F31F174FF3C319100E6
:2076780000F6D9FF082091000026D9221CC0542F7B00F80391000026D922082054214B01DA
:2076980041116B0F61F14B0F31F174FF3C19910000F6D9FF301091000026D9221CC0542FC0
:2076B8007B00F80391000026D922301054214B0141116B0F61F14B0F31F174FF3C013B40C4
:2076D80001403B00015091000048D9443C62ED80698F3B4006403B000150910000F6D9FF20
:2076F800B8C094F68247ED80088F3B4001403B00025091000048D9443F62ED80698F3B40E3
:2077180006403B000250910000F6D9FFB0C094F68247ED80088F3B4001403B00035091007D
:207738000048D9444102ED80698F3B4006403B000350910000F6D9FF001054F68247ED80E6
:20775800088F3B4001403B00045091000048D94425F2ED80698F3B4006403B0004509100DC
:2077780000F6D9FF081054F68247ED80088F3B4001403B00055091000048D94423C2ED8060
:20779800698F3B4006403B000550910000F6D9FF281054F68247ED80088F3B4001403B00E3
:2077B800065091000048D94433F2ED80698F3B4006403B000650910000F6D9FF082054F6B8
:2077D8008247ED80088F3B4001403B00075091000048D9440BD2ED80698F3B4006403B0042
:2077F8000750910000F6D9FF301054F68247ED80088F00908204820591000048D94411E2DE
:20781800ED80698F8204910000F6D9FF10C009FF0008530F21F0370F705091000048D944B7
:207838003962ED80698F910000F6D9FF10C009F00008DA01BE05DA025F0F2C00DA035F0FA1
:207858004100DA045F0F5600DA055F0F6B00DA065F0F8000DA075F0F95001D00AB0091006A
:2078780000F6D9FF3C1091000026D9221CC0542F7B802C0491000026D9223C1054214B01DB
:2078980041116B0F61F14B0F31F174FF1D009200910000F6D9FF002091000026D9221CC007
:2078B800542F7B802C0491000026D922002054214B0141116B0F61F14B0F31F174FF3C79AD
:2078D800910000F6D9FF042091000026D9221CC0542F7B802C0491000026D9220420542186
:2078F8004B0141116B0F61F14B0F31F174FF3C61910000F6D9FF0C1091000026D9221CC071
:20791800542F7B000A0491000026D9220C1054214B0141116B0F61F14B0F31F174FF3C4922
:20793800910000F6D9FF101091000026D9221CC0542F7B000A0491000026D92210105421CF
:207958004B0141116B0F61F14B0F31F174FF3C31910000F6D9FF341091000026D9221CC018
:20797800542F7B000A0491000026D922341054214B0141116B0F61F14B0F31F174FF3C19CA
:20799800910000F6D9FF381091000026D9221CC0542F7B000A0491000026D922381054211F
:2079B8004B0141116B0F61F14B0F31F174FF3C013B4001403B00015091000048D944069243
:2079D800ED80698F3B4006403B000150910000F6D9FF3C1054F68247ED80088F3B4001405F
:2079F8003B00025091000048D9443E82ED80698F3B4006403B000250910000F6D9FF0020FA
:207A180054F68247ED80088F3B4001403B00035091000048D9440BC2ED80698F3B40064004
:207A38003B000350910000F6D9FF042054F68247ED80088F3B4001403B00045091000048E2
:207A5800D9440B72ED80698F3B4006403B000450910000F6D9FF0C1054F68247ED80088F2D
:207A78003B4001403B00055091000048D9441072ED80698F3B4006403B000550910000F6ED
:207A9800D9FF101054F68247ED80088F3B4001403B00065091000048D9441A72ED80698F8B
:207AB8003B4006403B000650910000F6D9FF341054F68247ED80088F3B4001403B00075054
:207AD80091000048D9441F72ED80698F3B4006403B000750910000F6D9FF381054F6824795
:207AF800ED80088F009020108204820591000048D94435D2ED80698F8204910000F6D9FF56
:207B180010C009FF0008530F21F0370F705091000048D9443962ED80698F910000F6D9FF9F
:207B380010C009F00008DA013E0BDA025F0F2100DA035F0F3600DA045F0F4B003C61910087
:207B580000F6D9FFA4D091000026D9221CC0542F7B802C0491000026D922A4D054214B01A8
:207B780041116B0F61F14B0F31F174FF3C49910000F6D9FF4C1091000026D9221CC0542F8F
:207B98007B00F80391000026D9224C1054214B0141116B0F61F14B0F31F174FF3C3191007D
:207BB80000F6D9FF501091000026D9221CC0542F7B00120491000026D922501054214B010A
:207BD80041116B0F61F14B0F31F174FF3C19910000F6D9FF682091000026D9221CC0542F33
:207BF8007B00F80391000026D922682054214B0141116B0F61F14B0F31F174FF3C013B4037
:207C180001403B00015091000048D94408A2ED80698FDA0234AF3B8007403B00015091009C
:207C380000F6D9FFA4D054FF4B0F41618237ED80CC8D3B4001403B00025091000048D944DD
:207C58002982ED80698FDA0234AF3B8007403B000250910000F6D9FF4C1054FF4B0F4161A4
:207C78008237ED80CC8D3B4001403B00035091000048D94433B2ED80698FDA0234AF3B8069
:207C980007403B000350910000F6D9FF501054FF4B0F41618237ED80CC8D3B4001403B0073
:207CB800045091000048D9441692ED80698FDA0234AF3B8007403B000450910000F6D9FFA6
:207CD800682054FF4B0F41618237ED80CC8D3B4001403B00055091000048D9442972ED80EC
:207CF800698FDA0134AF3B8007403B000550910000F6D9FFB8D009FFC0084B0F6161824788
:207D1800ED80CC8D3B4001403B00065091000048D9441082ED80698FDA0134AF3B8007408B
:207D38003B000650910000F6D9FFC46054FF4B0F41618237ED80CC8D3B4001403B000750FB
:207D580091000048D9440A82ED80698FDA0134AF3B8007403B000750910000F6D9FF4C30F7
:207D780094FF4B0F41618257ED80CC8D3B4001403B00085091000048D9440E92ED80698F73
:207D9800DA0134AF3B8007403B000850910000F6D9FFCC6054FF4B0F41618227ED80CC8D2F
:207DB800DABCB4AFDA50ACA2910000F6D9FFC86014FF2CA882043B000B5091000046D944BC
:207DD800D0603BC00B603B000570ED804E8E910000F6D9FFC06091000026D92214E0142F94
:207DF80074FF1D00EE00910000F6D9FFC06054FF910000F6D9FF581010FF14F0DABC7F0F1D
:207E18000E80910000F6D9FFC06054FF910000F6D9FF581010FFDABC34FF910000F6D9FFEC
:207E3800C06054FF910000F6D9FF581010FF14FFFF0F0E80910000F6D9FFC06054FF9100CF
:207E580000F6D9FF581010FFDA0034FF910000F6D9FFC06054FF910000F6D9FF2CE010FF6C
:207E780014F0DABC7F0F0E80910000F6D9FFC06054FF910000F6D9FF2CE010FFDABC34FF1F
:207E9800910000F6D9FFC06054FF910000F6D9FF2CE010FF14FFFF0F0E80910000F6D9FF70
:207EB800C06054FF910000F6D9FF2CE010FFDA0034FF910000F6D9FFC06054FF910000F657
:207ED800D9FF3CF010FF14F0DABC7F0F0E80910000F6D9FFC06054FF910000F6D9FF3CF064
:207EF80010FFDAB934FF910000F6D9FFC06054FF910000F6D9FF3CF010FF14FFFF0F0E807A
:207F1800910000F6D9FFC06054FF910000F6D9FF3CF010FFDA0034FF910000F6D9FFC06051
:207F380054FF910000F6D9FF3CF010FF14F4910000F6D9FFC06054FF8B0F0BF0370F7050C7
:207F58003B007E60ED800389910000F6D9FFC06054FF910000F6D9FF2CE010FF14F4910012
:207F780000F6D9FFC06054FF8B0F0BF0370F7050BB00806FED800389910000F6D9FFC060EB
:207F980054FF910000F6D9FF581010FF14F4910000F6D9FFC06054FF8B0F0BF0370F70502B
:207FB800BBF0816FED800389910000F6D9FFC06091000026D922C060542FC21F74FF91005C
:207FD80000F6D9FFC06054F0DA4F3FF00E7F009020108204820591000048D9443BE2ED8025
:207FF800698F8204910000F6D9FF10C009FF0008530F21F0370F705091000048D9443962A2
:20801800ED80698F910000F6D9FF10C009F00008DA01BE02DA025F0F2800DA035F0F390022
:20803800DA045F0F4A00DA055F0F5B00DA065F0F6E001D008D00910000F6D9FF14C09100C0
:208058000026D9221CC0542F7B00F80391000026D92214C014214B0161116B0F6141ED8010
:20807800495B34F23C74910000F6D9FF201091000026D9221CC0542F7B0012049100002686
:20809800D922201054216B0F61F174FF3C60910000F6D9FF3C0091000026D9221CC0542FA1
:2080B8007B00120491000026D9223C0054216B0F61F174FF3C4C910000F6D9FF38B0910015
:2080D8000026D9221CC0542F7B00F80391000026D92238B054216B0F61F174FF3C3891003F
:2080F8000026D922E840910000F6D9FF1CC054F0BBD0CC1C9BC1DC13910000F6D9FFE8405B
:20811800482F6B1061FF6C223C22910000F6D9FF18C091000026D9221CC0542F7B801C04A6
:2081380091000026D92218C00921C0084B0161116B0F6141ED80775BB4F2910000F6D9FF8D
:2081580018C009F4C008ED80F7923C013B600940820591000048D94413B2ED80698FDA01D1
:2081780034AF3BE00B408205910000F7D9FF0C5054FF4B0F41618237ED80CC8D3B600940A9
:208198003B00015091000048D94430C2ED80698FDA0234AF3BE00B403B000150910000F7B5
:2081B800D9FF105054FF4B0F41618227ED80CC8D3B6009403B00025091000048D94409B28F
:2081D800ED80698FDA0134AF3BE00B403B000250910000F7D9FF145054FF4B0F41618237A5
:2081F800ED80CC8D3B6009403B00035091000048D9440272ED80698FDA0134AF3BE00B403C
:208218003B000350910000F6D9FF1CE054F68237ED80CC8D3B6009403B0004509100004848
:20823800D9443372ED80698FDA0134AF3BE00B403B000450910000F6D9FF0CE014FF4B0F94
:2082580061618227ED80CC8D3B6009403B00055091000048D9443E72ED80698FDA0134AF98
:208278003BE00B403B000550910000F6D9FF10E014FF4B0F61618227ED80CC8D3B6009401F
:208298003B00065091000048D9441682ED80698FDA0134AF3BE00B403B000650910000F606
:2082B800D9FF20E014FF4B0F61618227ED80CC8D3B6009403B00085091000048D944387219
:2082D800ED80698FDA0134AF3BE00B403B000850910000F6D9FF6C2054FF4B0F4161824767
:2082F800ED80CC8D3B6009403B00095091000048D9442472ED80698FDA0134AF3BE00B4013
:208318003B000950910000F6D9FF08E014FF4B0F61618227ED80CC8D3B6009403B00075056
:2083380091000048D9442692ED80698FDA0134AF3BE00B403B000750910000F6D9FF683065
:2083580054FF4B0F41618237ED80CC8D3B6009403B000A5091000048D9440672ED80698FEB
:20837800DA0134AF3BE00B403B000A50910000F6D9FF28E054FF4B0F41618227ED80CC8D07
:208398003B6009403B000B5091000048D9442972ED80698FDA0134AF3BE00B403B000B509B
:2083B800910000F6D9FFB8D009FFC0084B0F61618247ED80CC8D3B4001403B000750910064
:2083D8000048D9442E92ED80698FDA0134AF3B4006403B000750910000F6D9FF18E014FF80
:2083F8004B0F61618247ED80CC8D3B4001403B00085091000048D9443082ED80698FDA0183
:2084180034AF3B4006403B000850910000F6D9FF24E014FF4B0F61618247ED80CC8D3B4071
:2084380001403B00095091000048D9441572ED80698FDA0134AF3B4006403B0009509100C9
:2084580000F6D9FF483094FF4B0F41618247ED80CC8D3B4001403B000A5091000048D94459
:208478000482ED80698FDA0134AF3B4006403B000A50910000F6D9FF443094FF4B0F416183
:208498008247ED80CC8D3B4001403B000B5091000048D9442282ED80698FDA0134AF3B40AB
:2084B80006403B000B50910000F6D9FF403094FF4B0F41618247ED80CC8D3B4001403B00E4
:2084D800015091000048D9442E72ED80698F3B4006403B000150910000F6D9FF14C014F6AE
:2084F8008257ED80BF8F3B4001403B00025091000048D94423A2ED80698FDA0234AF3B402D
:2085180006403B000250910000F6D9FF201054F68237ED80CC8D3B4001403B00035091003D
:208538000048D9442CA2ED80698FDA0234AF3B4006403B000350910000F6D9FF3C0054F698
:208558008237ED80CC8D3B4001403B00045091000048D9443782ED80698FDA0234AF3B40EB
:2085780006403B000450910000F6D9FF38B054F68237ED80CC8D3B4001403B000550910021
:208598000048D9441E92ED80698FDA0234AF3B4006403B000550910000F6D9FFE840482644
:2085B8008237ED80CC8D3B4001403B00065091000048D9441C82ED80698FDA0234AF3B40A4
:2085D80006403B000650910000F6D9FF18C009FFC0084B0F61618237ED80CC8DDABCB4AF11
:2085F800DA50ACA2910000F6D9FFC86014FF2CA882043B000E5091000046D944D0603BC03F
:208618000B603B000570ED804E8E910000F6D9FFC06091000026D92214E0142F74FF1D00E6
:20863800EE00910000F6D9FFC06054FF910000F6D9FF581010FF14F0DABC7F0F0E80910045
:2086580000F6D9FFC06054FF910000F6D9FF581010FFDABC34FF910000F6D9FFC06054FF50
:20867800910000F6D9FF581010FF14FFFF0F0E80910000F6D9FFC06054FF910000F6D9FF2C
:20869800581010FFDA0034FF910000F6D9FFC06054FF910000F6D9FF2CE010FF14F0DABC58
:2086B8007F0F0E80910000F6D9FFC06054FF910000F6D9FF2CE010FFDABC34FF910000F6EA
:2086D800D9FFC06054FF910000F6D9FF2CE010FF14FFFF0F0E80910000F6D9FFC06054FF3C
:2086F800910000F6D9FF2CE010FFDA0034FF910000F6D9FFC06054FF910000F6D9FF3CF07E
:2087180010FF14F0DABC7F0F0E80910000F6D9FFC06054FF910000F6D9FF3CF010FFDAB97D
:2087380034FF910000F6D9FFC06054FF910000F6D9FF3CF010FF14FFFF0F0E80910000F64C
:20875800D9FFC06054FF910000F6D9FF3CF010FFDA0034FF910000F6D9FFC06054FF9100AC
:2087780000F6D9FF3CF010FF14F4910000F6D9FFC06054FF8B0F0EF0370F70503B007E6047
:20879800ED800389910000F6D9FFC06054FF910000F6D9FF2CE010FF14F4910000F6D9FF15
:2087B800C06054FF8B0F0EF0370F7050BB00806FED800389910000F6D9FFC06054FF91008A
:2087D80000F6D9FF581010FF14F4910000F6D9FFC06054FF8B0F0EF0370F7050BBF0816F29
:2087F800ED800389910000F6D9FFC06091000026D922C060542FC21F74FF910000F6D9FFE1
:0C881800C06054F0DA4F3FF00E7F00907B
:02000004800278
:2000000000000000700059B30000000000000000000000000000000064B81E799B47E18668
:02000004800F6B
:0A414000911000E8D9EE827DDC0E3C
:0A416000911000E8D9EE967DDC0E08
:0A418000911000E8D9EEA66DDC0EE8
:0A41A000911000E8D9EE967DDC0EC8
:0A41C000911000E8D9EE828DDC0EAC
:0A41E000911000E8D9EEA67DDC0E78
:0A420000911000E8D9EE967DDC0E67
:0A422000911000E8D9EEBC8DDC0E11
:0A424000911000E8D9EEA08DDC0E0D
:0A426000911000E8D9EE967DDC0E07
:0A428000911000E8D9EEB69DDC0EA7
:0A42A000911000E8D9EE9A9DDC0EA3
:0A43C000911000E8D9EE761DDC0E26
:0A43E000911000E8D9EE5A3DDC0E02
:0A440000911000E8D9EE7C3DDC0EBF
:0A442000911000E8D9EE5E4DDC0EAD
:0A450000911000E8D9EE864DDC0EA4
:0A452000911000E8D9EEB24DDC0E58
:0A456000911000E8D9EEAC5DDC0E0E
:0A478000911000E8D9EEA83DDC0E10
:0A5B8000911000E8D9EE8292DC0ECD
:0A5BA000911000E8D9EEA892DC0E87
:040000058000002057
:00000001FF
